hash_id,titre,entreprise,lieu,region,salaire_min,salaire_max,salaire_brut,remote,contrat,contrat_type,categorie,secteur,description,lien,tags,niveau,date_creation,date_scraping,source,poste_recherche
291a0d0eb29674a0,Continuous Monitoring Analyst Senior,Leidos,"Alexandria, VA",VA,,,,False,external,external,Computer and IT,Informatique / Tech,"Description This Department of War enterprise data and analytics program delivers mission-critical capabilities that enable leaders across the Department to make faster, better-informed decisions using trusted data at scale. Leidos Digital Modernization sector is seeking an experienced Senior Continuous Monitoring Analyst to support the delivery, enhancement, and adoption of enterprise data and analytics products used across multiple DoD organizations. In this role, you will work alongside gover",https://www.themuse.com/jobs/leidos/continuous-monitoring-analyst-senior,Computer and IT,Senior Level,2026-04-15,2026-05-02,themuse,Computer and IT
592536c13220e560,Sr Analyst IT Operations(iSeries/ AS400 UAP ),Mattel,"Hyderabad, India",India,,,,False,external,external,Computer and IT,Informatique / Tech,"Company Description CREATIVITY IS OUR SUPERPOWER. &nbsp;It’s our heritage and it’s also our future. Because we don’t just make toys. We create innovative products and experiences that inspire fans, entertain audiences and develop children through play. Mattel is at its best when every member of our team feels respected, included, and heard—when everyone can show up as themselves and do their best work every day. We value and share an infinite range of ideas and voices that evolve and broaden our",https://www.themuse.com/jobs/mattel/sr-analyst-it-operationsiseries-as400-uap,Computer and IT,Senior Level,2026-04-11,2026-05-02,themuse,Computer and IT
5800656c6c0729c4,CVG300 Assembler II - 401 Shift (Sun -Tues/Wednesday) Rack Side,Jabil,"Florence, KY",KY,,,,False,external,external,Computer and IT,Informatique / Tech,"At Jabil (NYSE: JBL), we are proud to be a trusted partner for the world's top brands, offering comprehensive engineering, supply chain, and manufacturing solutions. With 60 years of experience across industries and a vast network of over 100 sites worldwide, Jabil combines global reach with local expertise to deliver both scalable and customized solutions. Our commitment extends beyond business success as we strive to build sustainable processes that minimize environmental impact and foster vib",https://www.themuse.com/jobs/jabil/cvg300-assembler-ii-401-shift-sun-tueswednesday-rack-side,Computer and IT,Mid Level,2026-04-11,2026-05-02,themuse,Computer and IT
c31f6f35015b89a1,401 rackside trainer,Jabil,"Florence, KY",KY,,,,False,external,external,Computer and IT,Informatique / Tech,"At Jabil (NYSE: JBL), we are proud to be a trusted partner for the world's top brands, offering comprehensive engineering, supply chain, and manufacturing solutions. With 60 years of experience across industries and a vast network of over 100 sites worldwide, Jabil combines global reach with local expertise to deliver both scalable and customized solutions. Our commitment extends beyond business success as we strive to build sustainable processes that minimize environmental impact and foster vib",https://www.themuse.com/jobs/jabil/401-rackside-trainer,Computer and IT,Mid Level,2026-04-16,2026-05-02,themuse,Computer and IT
6de3e1f65a07fb6b,IT Support Engineer,KeepTruckin,"Islamabad, Pakistan",Pakistan,,,,False,external,external,Computer and IT,Informatique / Tech,"Who We Are KeepTruckin builds technology using the latest advancements in AI and computer vision to improve the safety and efficiency of businesses with vehicles. Over one million drivers and 100,000 companies across every industry trust KeepTruckin’s integrated platform to power their operations, prevent accidents and reduce costs. At KeepTruckin, we see our hard work rewarded in tangible ways every day, and we believe that intelligence is most powerful when paired with humility. We’re motivate",https://www.themuse.com/jobs/keeptruckin/it-support-engineer-a3ec96,Computer and IT,Mid Level,2024-11-01,2026-05-02,themuse,Computer and IT
db724705104b1423,"Solution Consultant, Cloud",Atlassian,Flexible / Remote,Flexible / Remote,,,,True,external,external,Computer and IT,Informatique / Tech,"Working at Atlassian Atlassians can choose where they work whether in an office, from home, or a combination of the two. That way, Atlassians have more control over supporting their family, personal goals, and other priorities. We can hire people in any country where we have a legal entity. Interviews and onboarding are conducted virtually, a part of being a distributed-first company. The Atlassian Advisory Services team is a globally distributed team of Atlassian experts who are passionate abou",https://www.themuse.com/jobs/atlassian/solution-consultant-cloud-a1d233,Computer and IT,Senior Level,2026-04-23,2026-05-02,themuse,Computer and IT
83ae04140d8ab2b7,IT Solution Engineer,Cummins,"Columbus, IN",IN,,,,False,external,external,Computer and IT,Informatique / Tech,"DESCRIPTION We are looking for a talented IT Solution Engineer to join our team specializing in Systems/Information Technology for our Corporate organization in Columbus, IN . In this role, you will make an impact in the following ways: Improve solution quality by conducting technical analyses that identify the most viable and cost-effective options between COTS products and custom-built solutions. Enhance system performance and reliability through accurate configuration, verification, and docum",https://www.themuse.com/jobs/cummins/it-solution-engineer,Computer and IT,Mid Level,2026-05-01,2026-05-02,themuse,Computer and IT
f4d2bc7eb3efa01b,"Technology Support III - Mainframe production support / DB2, MVS",JPMorgan Chase,"Houston, TX",TX,,,,False,external,external,Computer and IT,Informatique / Tech,"Propel operational success with your expertise in technology support and a commitment to continuous improvement. As a Technology Support III team member in COMMERCIAL &amp; INVESTMENT BANK - POST TRADE, you will ensure the operational stability, availability, and performance of our production application flows. Encourage a culture of continuous improvement as you troubleshoot, maintain, identify, escalate, and resolve production service interruptions for all internally and externally developed s",https://www.themuse.com/jobs/jpmorganchase/technology-support-iii-mainframe-production-support-db2-mvs,Computer and IT,Mid Level,2026-04-25,2026-05-02,themuse,Computer and IT
bb82fd4d3b6244f2,Process Specialist,Infosys,"Alice Springs, Australia",Australia,,,,False,external,external,Computer and IT,Informatique / Tech,"ABOUT US Infosys BPM (www.infosysbpm.com), the business process outsourcing subsidiary of Infosys, was set up in April 2002. Infosys BPM focuses on integrated end-to-end outsourcing and delivers transformational benefits to its clients through reduced costs, ongoing productivity improvements, and process re-engineering. Infosys BPM operates in India, Poland, the Czech Republic, the Netherlands, Ireland, South Africa, Brazil, Mexico, Costa Rica, the United States, Puerto Rico, China, the Philippi",https://www.themuse.com/jobs/infosys/process-specialist-c8ff57,Computer and IT,Senior Level,2026-04-14,2026-05-02,themuse,Computer and IT
08a1bf040294362d,"Manager, IT Applications & Operations Support",Liberty Mutual Insurance,"Boston, MA",MA,,,,False,external,external,Computer and IT,Informatique / Tech,"Description Description GRS Claims Business Services is a specialized operations and technology support team that safeguards day-to-day claims processing for Global Risk Solutions (GRS). The team owns the health and stability of the medical bill review ecosystem and a set of critical workers compensation claims platforms, including ExPRS (ECM), Strataware, BOComp/GOComp, and related billing and reporting workflows. This group acts as the connective tissue between business operations, vendor plat",https://www.themuse.com/jobs/libertymutualinsurance/manager-it-applications-operations-support-ef6c27,Computer and IT,Senior Level,2026-05-01,2026-05-02,themuse,Computer and IT
ff3ce8805cb63d89,PKI Implementation Specialist - Program Analyst,Leidos,"Quantico, VA",VA,,,,False,external,external,Computer and IT,Informatique / Tech,"Description The Leidos Digital Modernization Sector is seeking a PKI Implementation Specialist to support staffing for the Marine Corps Cyber Operations Group (MCCOG) Public Key Infrastructure (PKI) contract. This position provides implementation and planning support in the development and writing of project plans and implementation documentation as required in support of Marine Corps PKI initiatives. The position is on-site at Marine Corps Base Quantico, VA, requires an active DoD Secret cleara",https://www.themuse.com/jobs/leidos/pki-implementation-specialist-program-analyst,Computer and IT,Mid Level,2026-04-10,2026-05-02,themuse,Computer and IT
1104068bff5be78a,SME Zero Trust Cyber Security Analyst Lead,Leidos,"Alexandria, VA",VA,,,,False,external,external,Computer and IT,Informatique / Tech,"Description This Department of War enterprise data and analytics program delivers mission-critical capabilities that enable leaders across the Department to make faster, better-informed decisions using trusted data at scale. Leidos Digital Modernization sector is seeking an experienced SME Zero Trust Cyber Security Analyst to support the delivery, enhancement, and adoption of enterprise data and analytics products used across multiple DoD organizations. In this role, you will work alongside gove",https://www.themuse.com/jobs/leidos/sme-zero-trust-cyber-security-analyst-lead-12690f,Computer and IT,Senior Level,2026-04-21,2026-05-02,themuse,Computer and IT
ed5f5fd0415b4421,Electronic Technician I,Jabil,"Memphis, TN",TN,,,,False,external,external,Computer and IT,Informatique / Tech,"At Jabil (NYSE: JBL), we are proud to be a trusted partner for the world's top brands, offering comprehensive engineering, supply chain, and manufacturing solutions. With 60 years of experience across industries and a vast network of over 100 sites worldwide, Jabil combines global reach with local expertise to deliver both scalable and customized solutions. Our commitment extends beyond business success as we strive to build sustainable processes that minimize environmental impact and foster vib",https://www.themuse.com/jobs/jabil/electronic-technician-i-52f31d,Computer and IT,Mid Level,2026-04-25,2026-05-02,themuse,Computer and IT
efce2c6b0f0ffeec,Executive Assistant - Admin Team Manager,Apple,"Cupertino, CA",CA,,,,False,external,external,Computer and IT,Informatique / Tech,"Apple is where individual imaginations gather together, committing to the values that lead to great work. It's the diversity of our people and their thinking that inspires the innovation that runs through everything we do. Here, you'll do more than join something - you'll add something. We are looking for an Executive Assistant - Admin Team Manager to support the Vice President of the Graphics, Games and Machine Learning team and manage a team of three administrative assistants. Description This",https://www.themuse.com/jobs/apple/executive-assistant-admin-team-manager-fec53a,Computer and IT,Senior Level,2026-05-01,2026-05-02,themuse,Computer and IT
2cf5dc97f8bacdb8,Incident Manager & ITIL Analyst(Analyst IT Operations),Mattel,"Hyderabad, India",India,,,,False,external,external,Computer and IT,Informatique / Tech,"Company Description CREATIVITY IS OUR SUPERPOWER. &nbsp;It’s our heritage and it’s also our future. Because we don’t just make toys. We create innovative products and experiences that inspire fans, entertain audiences and develop children through play. Mattel is at its best when every member of our team feels respected, included, and heard—when everyone can show up as themselves and do their best work every day. We value and share an infinite range of ideas and voices that evolve and broaden our",https://www.themuse.com/jobs/mattel/incident-manager-itil-analystanalyst-it-operations,Computer and IT,Senior Level,2026-04-23,2026-05-02,themuse,Computer and IT
7bf87a62d1b9f803,Data Partner - Computer Science - Hindi - Remote - Global,TELUS Digital,Flexible / Remote,Flexible / Remote,,,,True,external,external,Computer and IT,Informatique / Tech,"Description and Requirements Are you ready to use your domain knowledge to advance AI? Join us as a Freelance Data Partner and work remotely with flexible hours. We are seeking highly knowledgeable Subject Matter Expert to design advanced, domain-specific questions and solutions. The role involves creating challenging problem sets that test deep reasoning and expertise in the assigned field. Key Responsibilities: Develop complex, original question-and-answer pairs based on advanced topics in you",https://www.themuse.com/jobs/telusdigital/data-partner-computer-science-hindi-remote-global,Computer and IT,Mid Level,2025-11-12,2026-05-02,themuse,Computer and IT
731a89ab0fd54f3c,Spécialiste en TI/TO - IT/OT Specialist,Hitachi Energy,"Quebec City, Canada",Canada,,,,False,external,external,Computer and IT,Informatique / Tech,"English to Follow L'Opportunité Joignez-vous à Hitachi Energy Transformers - Business Solutions IT Organization à titre de spécialiste IT/OT de l'usine qui soutient notre bureau de Québec. Dans ce rôle, vous contribuez directement à la stabilité, à la fiabilité et à la cybersécurité des technologies qui assurent le bon fonctionnement des activités de fabrication d'énergie modernes. Vous soutenez l'épine dorsale numérique de l'usine en veillant à ce que les systèmes de bureau et d'atelier soient ",https://www.themuse.com/jobs/hitachienergy/specialiste-en-tito-itot-specialist,Computer and IT,Mid Level,2026-04-01,2026-05-02,themuse,Computer and IT
dab8380c67333e06,"ML Engineer, Proactive - Agentic Systems Evaluation",Apple,"Cupertino, CA",CA,,,,False,external,external,Computer and IT,Informatique / Tech,"Are you passionate about working on the next generation of personalized intelligence systems? In this role, you will be developing and deploying robust evaluation frameworks across the data lifecycle -- from data collection and processing, to analytic dashboards for reporting. You will be part of the larger Proactive Intelligence team, which builds features that anticipate customer's needs and create personalized experiences by adapting to user behaviors with machine learning running locally on-",https://www.themuse.com/jobs/apple/ml-engineer-proactive-agentic-systems-evaluation,Computer and IT,Mid Level,2026-05-01,2026-05-02,themuse,Computer and IT
3444ae0feb59e32c,Técnico(a) de Diagnóstico Sr,Jabil,"Guadalajara, Mexico",Mexico,,,,False,external,external,Computer and IT,Informatique / Tech,"At Jabil (NYSE: JBL), we are proud to be a trusted partner for the world's top brands, offering comprehensive engineering, supply chain, and manufacturing solutions. With 60 years of experience across industries and a vast network of over 100 sites worldwide, Jabil combines global reach with local expertise to deliver both scalable and customized solutions. Our commitment extends beyond business success as we strive to build sustainable processes that minimize environmental impact and foster vib",https://www.themuse.com/jobs/jabil/tecnicoa-de-diagnostico-sr-ea17da,Computer and IT,Mid Level,2026-05-01,2026-05-02,themuse,Computer and IT
43e0e37ce2b68a51,Технік з експлуатації та ремонту устаткування,Jabil,"Uzhgorod, Ukraine",Ukraine,,,,False,external,external,Computer and IT,Informatique / Tech,"At Jabil (NYSE: JBL), we are proud to be a trusted partner for the world's top brands, offering comprehensive engineering, supply chain, and manufacturing solutions. With 60 years of experience across industries and a vast network of over 100 sites worldwide, Jabil combines global reach with local expertise to deliver both scalable and customized solutions. Our commitment extends beyond business success as we strive to build sustainable processes that minimize environmental impact and foster vib",https://www.themuse.com/jobs/jabil/-bb049c,Computer and IT,Mid Level,2026-04-29,2026-05-02,themuse,Computer and IT
6b039889bfb0308a,Backup Infrastructure Administrator,Kyndryl,"Estoril, Portugal",Portugal,,,,True,external,external,Computer and IT,Informatique / Tech,"Who We Are At Kyndryl, we run and reimagine the mission-critical technology systems that drive advantage for the world's leading businesses. We are at the heart of progress; with proven expertise and a continuous flow of AI-powered insight, enabling smarter decisions, faster innovation, and a lasting competitive edge. For our people-Kyndryls-that means doing purposeful work that powers human progress. Join us and experience a flexible, supportive environment where your well-being is prioritized ",https://www.themuse.com/jobs/kyndryl/backup-infrastructure-administrator-0c2441,Computer and IT,Mid Level,2026-04-13,2026-05-02,themuse,Computer and IT
a5520cacf5992112,Apprentice-IT,Eaton,"Pune, India",India,,,,False,external,external,Computer and IT,Informatique / Tech,"What you'll do: We are looking for a motivated AI/ML Engineering graduate to join our Artificial Intelligence and Machine Learning (AIML) team. This role is ideal for a fresher with a strong academic foundation in AI/ML who is eager to apply theory to real world business problems under mentorship. You will work closely with senior AI/ML engineers, data scientists, and platform teams to build, experiment with, and operationalize machine learning solutions on enterprise scale data platforms. • Ass",https://www.themuse.com/jobs/eaton/apprenticeit-be9175,Computer and IT,Mid Level,2026-04-16,2026-05-02,themuse,Computer and IT
197a889e8381d6b6,Client Service Associate,JPMorgan Chase,"Mumbai, India",India,,,,False,external,external,Computer and IT,Informatique / Tech,"Support the Investment Bank's electronic trading platforms with pre-execution operational service for a global institutional client base. Drive a reimagined client experience through controlled onboarding, strong KPIs/MIS, and rapid technical and access issue resolution. As a/an eCommerce Client Service Associate within Digital Client Services (eCommerce Client Service - eCS) , you provide 24/5.5 pre-execution operational support for proprietary and multi-dealer electronic trading platforms serv",https://www.themuse.com/jobs/jpmorganchase/client-service-associate-450ba4,Computer and IT,Senior Level,2026-04-24,2026-05-02,themuse,Computer and IT
09f26ae712f8a827,Lead Oracle Fusion Consultant - Remote,EPAM Systems,"New York, NY",NY,,,,False,external,external,Computer and IT,Informatique / Tech,"We're looking for a skilled Oracle Fusion Functions Consultant to join our dynamic team. The ideal candidate will have extensive experience with Oracle Fusion applications, with a focus on functional consulting. The consultant will implement, configure, and support Oracle EBS/Fusion applications to meet business requirements. Req.#680360544 #LI-DNI Responsibilities Lead the implementation, configuration, and support of Oracle EBS/Fusion applications Conduct business requirements gathering and do",https://www.themuse.com/jobs/epamsystems/lead-oracle-fusion-consultant-remote-64009f,Computer and IT,Senior Level,2025-02-14,2026-05-02,themuse,Computer and IT
4b3638717d2f4eae,Compiler Circuit Designer,Apple,"Austin, TX",TX,,,,False,external,external,Computer and IT,Informatique / Tech,"As part of our Digital Design Engineering group, you'll take imaginative and revolutionary ideas and determine how to turn them into reality. You will apply engineering fundamentals and start from scratch if needed, bringing visionary ideas to the real world. Join us, and you'll help design the tools that allow us to bring customers experiences they've never before imagined. You will be part of an exciting silicon design group that is responsible for crafting innovative ASICs. We have an extraor",https://www.themuse.com/jobs/apple/compiler-circuit-designer-de0964,Computer and IT,Senior Level,2026-05-01,2026-05-02,themuse,Computer and IT
3a8b25e2f982f1d4,IAM Expert Solution Architect,Ensono,"Gunnison, CO",CO,,,,False,external,external,Computer and IT,Informatique / Tech,"At Ensono, our Purpose is to be a relentless ally, disrupting the status quo and unleashing our clients to Do Great Things ! We enable our clients to achieve key business outcomes that reshape how our world runs. As an expert technology adviser and managed service provider with cross-platform certifications, Ensono empowers our clients to keep up with continuous change and embrace innovation. We can Do Great Things because we have great Associates. The Ensono Core Values unify our diverse talent",https://www.themuse.com/jobs/ensono/iam-expert-solution-architect,Computer and IT,Senior Level,2026-04-22,2026-05-02,themuse,Computer and IT
c108cfd54a4c08ec,Technical Process Specialist,Infosys,"Stockholm, Sweden",Sweden,,,,False,external,external,Computer and IT,Informatique / Tech,"Role - Technical Process Specialist Technology - IT Support Location - Malmö Job Description Today, the corporate landscape is dynamic, and the world ahead is full of possibilities! None of the amazing things we do at Infosys would be possible without an equally amazing culture, the environment where ideas can flourish and where you are empowered to move forward as far as your ideas will take you. At Infosys, we assure that your career will never stand still, we will inspire you to build what's ",https://www.themuse.com/jobs/infosys/technical-process-specialist-03e91a,Computer and IT,Mid Level,2026-04-30,2026-05-02,themuse,Computer and IT
57dca2bcc49932de,Technology Resilience Senior Consultant,Deloitte,"Austin, TX",TX,,,,False,external,external,Computer and IT,Informatique / Tech,"Position Summary Technical Specialist for Technical Resilience (Senior Consultant) Deloitte's Technical Resilience Team empowers organizations to navigate uncertainty, prepare for most impactful risks, and thrive amidst disruption. From proactively identifying and assessing risks through conducting realistic crisis simulations, designing technical resilience for applications and cloud services, developing robust resilience playbooks, and operationalizing market solutions to improve incident resp",https://www.themuse.com/jobs/deloitte/technology-resilience-senior-consultant,Computer and IT,Senior Level,2026-04-21,2026-05-02,themuse,Computer and IT
5a4e908c6aba602f,Operations Analyst,Mastercard,"Bogota, Colombia",Colombia,,,,False,external,external,Computer and IT,Informatique / Tech,"Our Purpose Mastercard powers economies and empowers people in 200+ countries and territories worldwide. Together with our customers, we're helping build a sustainable economy where everyone can prosper. We support a wide range of digital payments choices, making transactions secure, simple, smart and accessible. Our technology and innovation, partnerships and networks combine to deliver a unique set of products and services that help people, businesses and governments realize their greatest pot",https://www.themuse.com/jobs/mastercard/operations-analyst-af587b,Computer and IT,Mid Level,2025-08-23,2026-05-02,themuse,Computer and IT
c4d24d0bcb4df72e,Computer Operations Analyst - Global COSA (26-182),Northrop Grumman,"Colorado Springs, CO",CO,,,,False,external,external,Computer and IT,Informatique / Tech,"CO Salary Range: USD 75,800.00 - 113,800.00 per year RELOCATION ASSISTANCE: No relocation assistance availableCLEARANCE REQUIRED FOR START: YesCLEARANCE TYPE: Top SecretTRAVEL: No Description At Northrop Grumman, our employees have incredible opportunities to work on revolutionary systems that impact people's lives around the world today, and for generations to come. Our pioneering and inventive spirit has enabled us to be at the forefront of many technological advancements in our nation's histo",https://www.themuse.com/jobs/northropgrumman/computer-operations-analyst-global-cosa-26182,Computer and IT,Senior Level,2026-05-01,2026-05-02,themuse,Computer and IT
7a4a89f4df069221,Analog Architect,Apple,"Austin, TX",TX,,,,False,external,external,Computer and IT,Informatique / Tech,"Design, develop, and launch next-generation Touch Technologies in Apple products. The Touch Technology team develops cutting-edge Touch solutions and technologies that are central to Apple's products, including the iPhone, iPad, MacBooks, and more. The key goal of the Touch Technology team is to enable the world's best multi-touch user-experience. New challenges arise everyday that require the sharp problem- solving skills of talented and smart individuals. The team features a collaborative and ",https://www.themuse.com/jobs/apple/analog-architect-1bbe76,Computer and IT,Senior Level,2026-05-01,2026-05-02,themuse,Computer and IT
54dcd068849fcf7e,Automation Lead with ETL experience,Infosys,"Mexico City, Mexico",Mexico,,,,False,external,external,Computer and IT,Informatique / Tech,"Quality Engineering Lead + ETL experience As a Quality Engineering Lead, you will play a crucial role in our team, meticulously testing software products to ensure they meet the highest standards. Your keen eye for detail and analytical skills will help us deliver exceptional software solutions to our clients. In this position you will be part of a learning culture, where teamwork and collaboration are encouraged, excellence is rewarded, and diversity is respected and valued. Job Responsibilitie",https://www.themuse.com/jobs/infosys/automation-lead-with-etl-experience,Computer and IT,Senior Level,2026-05-01,2026-05-02,themuse,Computer and IT
e672df0d2ca4f4e2,Scrum Master Sr,PNC,"Carrollton, TX",TX,,,,False,external,external,Computer and IT,Informatique / Tech,"Position Overview At PNC, our people are our greatest differentiator and competitive advantage in the markets we serve. We are all united in delivering the best experience for our customers. We work together each day to foster an inclusive workplace culture where all of our employees feel respected, valued and have an opportunity to contribute to the company's success. As a Scrum Master Sr within PNC's C&amp;IB's organization, you will be based in Dallas, TX or Pittsburgh, PA. About the Role We ",https://www.themuse.com/jobs/pnc/scrum-master-sr-5fd754,Computer and IT,Senior Level,2026-04-25,2026-05-02,themuse,Computer and IT
be5ce566ed93efdc,Digital Assurance & Transparency - IT Audit Senior Manager,PwC,N/A,N/A,,,,False,external,external,Computer and IT,Informatique / Tech,"At PwC, our people in audit and assurance focus on providing independent and objective assessments of financial statements, internal controls, and other assurable information enhancing the credibility and reliability of this information with a variety of stakeholders. They evaluate compliance with regulations including assessing governance and risk management processes and related controls. In digital assurance at PwC, you will focus on providing assurance services over clients' digital environm",https://www.themuse.com/jobs/pwc/digital-assurance-transparency-it-audit-senior-manager-2f7474,Computer and IT,Senior Level,2026-05-01,2026-05-02,themuse,Computer and IT
161e05006f307bd4,AGS Training Services PPC New Product (NPI) Instructor III - (E3),Applied Materials,"Kalispell, MT",MT,,,,False,external,external,Computer and IT,Informatique / Tech,"Who We Are Applied Materials is a global leader in materials engineering solutions used to produce virtually every new chip and advanced display in the world. We design, build and service cutting-edge equipment that helps our customers manufacture display and semiconductor chips - the brains of devices we use every day. As the foundation of the global electronics industry, Applied enables the exciting technologies that literally connect our world - like AI and IoT. If you want to push the bounda",https://www.themuse.com/jobs/appliedmaterials/ags-training-services-ppc-new-product-npi-instructor-iii-e3,Computer and IT,Senior Level,2026-04-30,2026-05-02,themuse,Computer and IT
f324eeb4e1e26b56,Analog Architect,Apple,"Austin, TX",TX,,,,False,external,external,Computer and IT,Informatique / Tech,"Design, develop, and launch next-generation Touch Technologies in Apple products. The Touch Technology team develops cutting-edge Touch solutions and technologies that are central to Apple's products, including the iPhone, iPad, MacBooks, and more. The key goal of the Touch Technology team is to enable the world's best multi-touch user-experience. New challenges arise everyday that require the sharp problem- solving skills of talented and smart individuals. The team features a collaborative and ",https://www.themuse.com/jobs/apple/analog-architect-ad5d69,Computer and IT,Senior Level,2026-05-01,2026-05-02,themuse,Computer and IT
eacc9f772b3f7300,Business System Analyst/Scrum Lead,Charles Schwab,"Austin, TX",TX,,,,False,external,external,Computer and IT,Informatique / Tech,"Pay range: USD $55.29 - $67.31 / Hour Your opportunity At Schwab, you're empowered to make an impact on your career. Here, innovative thought meets creative problem solving, helping us ""challenge the status quo"" and transform the finance industry together. Schwab is recruiting to hire a driven, results-oriented Business Systems Analyst/Scrum Lead who shares our passion for technology, innovation, and excellence. Our main goal at Schwab is to transform people's lives by changing the way the world",https://www.themuse.com/jobs/charlesschwab/business-system-analystscrum-lead,Computer and IT,Senior Level,2026-05-01,2026-05-02,themuse,Computer and IT
b5526d9cfdd8f107,IT Asset Management (ITAM) Analyst - Mobility & IT Asset Operations (North America),Schneider Electric,"Monterrey, Mexico",Mexico,,,,False,external,external,Computer and IT,Informatique / Tech,"The ITAM Analyst - Mobility &amp; Asset Operations is an operational, governance-focused role supporting the lifecycle management of corporate mobile devices and end-user IT assets across North America. This position reports to the ITAM Sourcing &amp; Asset Manager and handles day-to-day execution, request processing, policy enforcement, exception handling, and stakeholder communication. The role partners closely with IT, HR, Finance, Procurement, vendors, and business leaders to ensure Schneide",https://www.themuse.com/jobs/schneiderelectric/it-asset-management-itam-analyst-mobility-it-asset-operations-north-america,Computer and IT,Senior Level,2026-04-24,2026-05-02,themuse,Computer and IT
a75cd86a744e7656,Operations & Maintenance Engineer,Deloitte,"Huntsville, AL",AL,,,,False,external,external,Computer and IT,Informatique / Tech,"Position Summary Our Deloitte Cyber team understands the unique challenges and opportunities businesses face in cybersecurity. Join our team to deliver powerful solutions to help our clients navigate the ever-changing threat landscape. Through powerful solutions and managed services that simplify complexity, we enable our clients to operate with resilience, grow with confidence, and proactively manage to secure success. Work You'll Do Deloitte is seeking an Systems Administrator - OT Network Ass",https://www.themuse.com/jobs/deloitte/operations-maintenance-engineer,Computer and IT,Senior Level,2026-04-22,2026-05-02,themuse,Computer and IT
8f3cec1184647d5c,Mgr. Technology Consulting,UKG,"Noida, India",India,,,,False,external,external,Computer and IT,Informatique / Tech,"Why UKG: At UKG, the work you do matters. The code you ship, the decisions you make, and the care you show a customer all add up to real impact. Today, tens of millions of workers start and end their days with our workforce operating platform. Helping people get paid, grow in their careers, and shape the future of their industries. That's what we do. We never stop learning. We never stop challenging the norm. We push for better, and we celebrate the wins along the way. Here, you'll get flexibili",https://www.themuse.com/jobs/ukg/mgr-technology-consulting,Computer and IT,Senior Level,2026-04-23,2026-05-02,themuse,Computer and IT
24384870ad73b3ca,Technical Product Manager - OT Cybersecurity Solutions & Risk Management,Hitachi Energy,"Krakow, Poland",Poland,,,,False,external,external,Computer and IT,Informatique / Tech,"How you will make an impact: Lead the development and enhancement of cybersecurity solutions within the assigned scope. Own the lifecycle management of cybersecurity solutions, including updates and documentation quality. Execute and advise on cybersecurity processes related to the solutions portfolio, ensuring consistent application. Coordinate and provide technical guidance during cybersecurity incidents that affect your product domain. Conduct and review solution risk assessments, recommendin",https://www.themuse.com/jobs/hitachienergy/technical-product-manager-ot-cybersecurity-solutions-risk-management,Computer and IT,Senior Level,2026-04-07,2026-05-02,themuse,Computer and IT
181a7007037ff801,Consultant - Oracle Cloud Inventory Consultant,Infosys,"Tokyo, Japan",Japan,,,,False,external,external,Computer and IT,Informatique / Tech,"About Infosys : Infosys is a global leader in next-generation digital services and consulting. We enable clients in 56 countries to navigate their digital transformation. With over three decades of experience in managing the systems and workings of global enterprises, we expertly steer our clients through their digital journey. We do it by enabling the enterprise with an AI-powered core that helps prioritize the execution of change. We also empower the business with agile digital at scale to del",https://www.themuse.com/jobs/infosys/consultant-oracle-cloud-inventory-consultant,Computer and IT,Senior Level,2026-04-28,2026-05-02,themuse,Computer and IT
b82aff38100a298b,Buyer II,Jabil,"Chihuahua, Mexico",Mexico,,,,False,external,external,Computer and IT,Informatique / Tech,"At Jabil (NYSE: JBL), we are proud to be a trusted partner for the world's top brands, offering comprehensive engineering, supply chain, and manufacturing solutions. With 60 years of experience across industries and a vast network of over 100 sites worldwide, Jabil combines global reach with local expertise to deliver both scalable and customized solutions. Our commitment extends beyond business success as we strive to build sustainable processes that minimize environmental impact and foster vib",https://www.themuse.com/jobs/jabil/buyer-ii-90c38e,Computer and IT,Mid Level,2026-04-21,2026-05-02,themuse,Computer and IT
9caa8950dc4082c9,WebSphere Admin-L3,Wipro,"Alīpur, India",India,,,,False,external,external,Computer and IT,Informatique / Tech,"City: Delhi State/Province: Delhi Posting Start Date: 9/26/25 Wipro Limited (NYSE: WIT, BSE: 507685, NSE: WIPRO) is a leading technology services and consulting company focused on building innovative solutions that address clients' most complex digital transformation needs. Leveraging our holistic portfolio of capabilities in consulting, design, engineering, and operations, we help clients realize their boldest ambitions and build future-ready, sustainable businesses. With over 230,000 employees",https://www.themuse.com/jobs/wipro/websphere-adminl3,Computer and IT,Senior Level,2026-03-06,2026-05-02,themuse,Computer and IT
7cc20b9b1da1e248,Intern - Purchasing Subject Matter Expert (IT SME),Jabil,"Kampung Sungai Ara, Malaysia",Malaysia,,,,False,external,external,Computer and IT,Informatique / Tech,"At Jabil (NYSE: JBL), we are proud to be a trusted partner for the world's top brands, offering comprehensive engineering, supply chain, and manufacturing solutions. With 60 years of experience across industries and a vast network of over 100 sites worldwide, Jabil combines global reach with local expertise to deliver both scalable and customized solutions. Our commitment extends beyond business success as we strive to build sustainable processes that minimize environmental impact and foster vib",https://www.themuse.com/jobs/jabil/intern-purchasing-subject-matter-expert-it-sme,Computer and IT,Internship,2026-02-24,2026-05-02,themuse,Computer and IT
9720cefadfb9eb9a,Lead Data DevOps Engineer,EPAM Systems,"Bogota, Colombia",Colombia,,,,True,external,external,Computer and IT,Informatique / Tech,"We are seeking a remote Lead Data DevOps Engineer to join our team. You will play a crucial role in defining and implementing the project's architecture. You will work closely with customers, peers, and vendors to resolve complex issues, develop strategic solutions, and maintain technical standards. We accept CVs in English only. #LI-DNI Responsibilities Lead the design, implementation, and maintenance of Data DevOps solutions Design, deploy, and manage data infrastructure in the cloud, primaril",https://www.themuse.com/jobs/epamsystems/lead-data-devops-engineer-2df536,Computer and IT,Senior Level,2024-10-30,2026-05-02,themuse,Computer and IT
5d9f88675dbf6901,Manager Computer Systems Analysis 1,Northrop Grumman,"San Diego, CA",CA,,,,False,external,external,Computer and IT,Informatique / Tech,"RELOCATION ASSISTANCE: No relocation assistance availableCLEARANCE TYPE: SecretTRAVEL: Yes, 10% of the Time Description At Northrop Grumman, our employees have incredible opportunities to work on revolutionary systems that impact people's lives around the world today, and for generations to come. Our pioneering and inventive spirit has enabled us to be at the forefront of many technological advancements in our nation's history - from the first flight across the Atlantic Ocean, to stealth bombers",https://www.themuse.com/jobs/northropgrumman/manager-computer-systems-analysis-1-157748,Computer and IT,Senior Level,2025-10-15,2026-05-02,themuse,Computer and IT
0e247bb15fb0e9ff,Cybersecurity Specialist - Senior,Leidos,"Reston, VA",VA,,,,False,external,external,Computer and IT,Informatique / Tech,"Description Looking for an opportunity to make an impact? At Leidos, we deliver innovative solutions through the efforts of our diverse and talented people who are dedicated to our customers' success. We empower our teams, contribute to our communities, and operate sustainable. Everything we do is built on a commitment to do the right thing for our customers, our people, and our community. Our Mission, Vision, and Values guide the way we do business. If this sounds like the kind of environment w",https://www.themuse.com/jobs/leidos/cybersecurity-specialist-senior-0de7a3,Computer and IT,Senior Level,2026-05-01,2026-05-02,themuse,Computer and IT
bd7eadba04e97dbc,Sr Analyst IT Org Change Mgmt,Mattel,"Hyderabad, India",India,,,,False,external,external,Computer and IT,Informatique / Tech,"Company Description CREATIVITY IS OUR SUPERPOWER. &nbsp;It’s our heritage and it’s also our future. Because we don’t just make toys. We create innovative products and experiences that inspire fans, entertain audiences and develop children through play. Mattel is at its best when every member of our team feels respected, included, and heard—when everyone can show up as themselves and do their best work every day. We value and share an infinite range of ideas and voices that evolve and broaden our",https://www.themuse.com/jobs/mattel/sr-analyst-it-org-change-mgmt,Computer and IT,Senior Level,2026-04-23,2026-05-02,themuse,Computer and IT
e0701239fecb20b9,Assembler II,Jabil,"Florence, KY",KY,,,,False,external,external,Computer and IT,Informatique / Tech,"At Jabil (NYSE: JBL), we are proud to be a trusted partner for the world's top brands, offering comprehensive engineering, supply chain, and manufacturing solutions. With 60 years of experience across industries and a vast network of over 100 sites worldwide, Jabil combines global reach with local expertise to deliver both scalable and customized solutions. Our commitment extends beyond business success as we strive to build sustainable processes that minimize environmental impact and foster vib",https://www.themuse.com/jobs/jabil/assembler-ii-5492ea,Computer and IT,Mid Level,2026-04-04,2026-05-02,themuse,Computer and IT
c7b867bfe65b0089,Business Travel Consultant II,Navan,"Bangalore, India",India,,,,False,external,external,Computer and IT,Informatique / Tech,"At Navan, our mission is to power the in-person connections that move people, ideas and businesses forward. We help our travelers focus on being there, not getting there and our Travel team is central to this mission! As a member of our quickly growing Travel Experience team, you will be responsible for directly supporting our users’ travel needs. As owners of customer satisfaction, your role is to solve issues, communicate effectively, and collaborate with internal teams to remove any barriers ",https://www.themuse.com/jobs/navan/business-travel-consultant-ii-0cffce,Computer and IT,Mid Level,2026-04-09,2026-05-02,themuse,Computer and IT
9dfbfb95a4d0ecd9,Reparador(a) Crítico,Jabil,"Guadalajara, Mexico",Mexico,,,,False,external,external,Computer and IT,Informatique / Tech,"At Jabil (NYSE: JBL), we are proud to be a trusted partner for the world's top brands, offering comprehensive engineering, supply chain, and manufacturing solutions. With 60 years of experience across industries and a vast network of over 100 sites worldwide, Jabil combines global reach with local expertise to deliver both scalable and customized solutions. Our commitment extends beyond business success as we strive to build sustainable processes that minimize environmental impact and foster vib",https://www.themuse.com/jobs/jabil/reparadora-critico-111f42,Computer and IT,Mid Level,2026-04-25,2026-05-02,themuse,Computer and IT
b18344529d15b449,TECNICO DE MANUTENÇÃO,Jabil,"Manaus, Brazil",Brazil,,,,False,external,external,Computer and IT,Informatique / Tech,"At Jabil (NYSE: JBL), we are proud to be a trusted partner for the world's top brands, offering comprehensive engineering, supply chain, and manufacturing solutions. With 60 years of experience across industries and a vast network of over 100 sites worldwide, Jabil combines global reach with local expertise to deliver both scalable and customized solutions. Our commitment extends beyond business success as we strive to build sustainable processes that minimize environmental impact and foster vib",https://www.themuse.com/jobs/jabil/tecnico-de-manutencao-1b49bf,Computer and IT,Mid Level,2026-04-29,2026-05-02,themuse,Computer and IT
a5682e505cb66dc5,Oracle EBS Techno-Functional- Sr. Associate Consultant,Infosys,"Hartford, CT",CT,,,,False,external,external,Computer and IT,Informatique / Tech,"Infosys is seeking a Senior Associate Consultant with Oracle EBS R12. 2.x Financials implementation experience. As a Senior Associate Consultant, you will be an expert contributing to different phases of the consulting lifecycle. You will be intensely involved in business process consulting and will define the problem, propose and create the solution. You will also play an important role in the development, configuration and deployment of the overall solution. You will guide teams on project pro",https://www.themuse.com/jobs/infosys/oracle-ebs-technofunctional-sr-associate-consultant-44fa1c,Computer and IT,Senior Level,2026-04-23,2026-05-02,themuse,Computer and IT
5cea26cd6d201940,IT Operations - Support Analyst,Aramark,"Newark, DE",DE,,,,False,external,external,Computer and IT,Informatique / Tech,"About Aramark Our Mission Rooted in service and united by our purpose, we strive to do great things for each other, our partners, our communities, and our planet. At Aramark, we believe that every employee should enjoy equal employment opportunity and be free to participate in all aspects of the company. We do not discriminate on the basis of race, color, religion, national origin, age, sex, gender, pregnancy, disability, sexual orientation, gender identity, genetic information, military status,",https://www.themuse.com/jobs/aramark/it-operations-support-analyst-20984e,Computer and IT,Mid Level,2025-07-28,2026-05-02,themuse,Computer and IT
66cf402af7688edb,Middleware & Integration IT Administrator,Kyndryl,Flexible / Remote,Flexible / Remote,,,,True,external,external,Computer and IT,Informatique / Tech,"Who We Are At Kyndryl, we run and reimagine the mission-critical technology systems that drive advantage for the world's leading businesses. We are at the heart of progress; with proven expertise and a continuous flow of AI-powered insight, enabling smarter decisions, faster innovation, and a lasting competitive edge. For our people-Kyndryls-that means doing purposeful work that powers human progress. Join us and experience a flexible, supportive environment where your well-being is prioritized ",https://www.themuse.com/jobs/kyndryl/middleware-integration-it-administrator,Computer and IT,Mid Level,2026-04-22,2026-05-02,themuse,Computer and IT
25934de2ed3c5cc5,IT Resiliency Testing Lead,CVS Health,"Hartford, CT",CT,,,,False,external,external,Computer and IT,Informatique / Tech,"Bring your heart to CVS Health. Every one of us at CVS Health shares a single, clear purpose: Bringing our heart to every moment of your health. This purpose guides our commitment to deliver enhanced human-centric health care for a rapidly changing world. Anchored in our brand - with heart at its center - our purpose sends a personal message that how we deliver our services is just as important as what we deliver. Our Heart At Work Behaviors™ support this purpose. We want everyone who works at C",https://www.themuse.com/jobs/cvshealth/it-resiliency-testing-lead-27d2a3,Computer and IT,Senior Level,2025-07-02,2026-05-02,themuse,Computer and IT
89fed96d49de1b04,Principal Electrical Controls Engineer - Data Center Infrastructure,Jabil,"Austin, TX",TX,,,,False,external,external,Computer and IT,Informatique / Tech,"At Jabil (NYSE: JBL), we are proud to be a trusted partner for the world's top brands, offering comprehensive engineering, supply chain, and manufacturing solutions. With 60 years of experience across industries and a vast network of over 100 sites worldwide, Jabil combines global reach with local expertise to deliver both scalable and customized solutions. Our commitment extends beyond business success as we strive to build sustainable processes that minimize environmental impact and foster vib",https://www.themuse.com/jobs/jabil/principal-electrical-controls-engineer-data-center-infrastructure,Computer and IT,Senior Level,2026-04-11,2026-05-02,themuse,Computer and IT
f30fbc2ca694e1e2,"Principal Business Process Owner,  PLM (S4 Hana)",Waters,"Bellingham, MA",MA,,,,False,external,external,Computer and IT,Informatique / Tech,"Overview Our Center for Process Excellence team is on a mission to improve business outcomes and employee experiences by driving step-change improvements in critical enterprise processes, and the technology and analytics supporting these. As a core member of our Innovation Excellence team, the Principal Business Process Analyst (Product Lifecycle Management) will serve as a key liaison between business stakeholders, IT teams, and system integrators to ensure alignment and successful delivery of ",https://www.themuse.com/jobs/waters/principal-business-process-owner-plm-s4-hana,Computer and IT,Senior Level,2026-05-02,2026-05-02,themuse,Computer and IT
14c715dfdc45afff,Security Program Manager,Meta,Flexible / Remote,Flexible / Remote,,,,True,external,external,Computer and IT,Informatique / Tech,"Meta is looking for an experienced Program Manager to join the Cross-Meta Security Program Management team. The Security Program Management team is responsible for scaling and sustaining long-term initiatives in service of our mission - to protect the company, our community, and its data while empowering safe innovation. As a program manager on this function you will lead programs driving security goals across Meta.The ideal Program Manager is someone who has run large scale programs, rapidly bu",https://www.themuse.com/jobs/meta/security-program-manager-682a19,Computer and IT,Senior Level,2025-03-27,2026-05-02,themuse,Computer and IT
d0e90da483288feb,Graduate- IT Development Program Associate,Cummins,"Rugby, United Kingdom",United Kingdom,,,,False,external,external,Computer and IT,Informatique / Tech,"DESCRIPTION Our culture believes in POWERING YOUR POTENTIAL . We provide global opportunities to develop your career, make your community a better place, and work with some of today's most innovative thinkers to solve the world's toughest problems. We believe in giving you the flexibility to explore your passions while making a real impact through meaningful work within an inclusive workforce. That's what #LifeAtCummins is all about. We are looking for an enthusiastic Information Technology Deve",https://www.themuse.com/jobs/cummins/graduate-it-development-program-associate,Computer and IT,Mid Level,2026-04-18,2026-05-02,themuse,Computer and IT
8e436f0b1848aed4,Payment Lifecycle Associate II,JPMorgan Chase,"Plano, TX",TX,,,,False,external,external,Computer and IT,Informatique / Tech,"Join a team shaping the future of digital payments and drive your professional growth. Become a pivotal leader at the forefront of revolutionizing payment operations, where your expertise will help drive efficiency across our financial systems. As a Payment Lifecycle Associate II in the Transactions Approval Group (TAG) within Commercial and Investment Bank, you will help manage overdrafts that arise from underlying account sweep structures &amp; issuance of returnable instruments. You will part",https://www.themuse.com/jobs/jpmorganchase/payment-lifecycle-associate-ii-712ef4,Computer and IT,Senior Level,2026-04-25,2026-05-02,themuse,Computer and IT
733ecd06bb96f02c,"ServiceNow Platform Owner, Director",BlackRock,"New York, NY",NY,,,,False,external,external,Computer and IT,Informatique / Tech,"About this role Job Description We are looking for a visionary, technically deep, and engineering-led ServiceNow Platform Owner to lead BlackRock's enterprise ServiceNow capabilities. This is a senior leadership role at the intersection of platform engineering, AI-enabled automation , and enterprise service management - sitting at the heart of how BlackRock delivers operational resilience, service excellence, and technology transformation at scale. As Director and Platform Owner, you will bring ",https://www.themuse.com/jobs/blackrock/servicenow-platform-owner-director,Computer and IT,Senior Level,2026-04-09,2026-05-02,themuse,Computer and IT
2e5021c4eb987575,Process Mining Senior Consultant (m/f/d): SAP Business Process Intelligence,Signavio,"Melbourne, Australia",Australia,,,,False,external,external,Computer and IT,Informatique / Tech,"Signavio is revolutionising the way businesses think about their processes, offering a powerful, all-in-one platform to optimise business processes and drive intelligent business transformation with live insights. Our passion is creating products that people love to use. Signavio is a place where new ideas are a top priority and implemented rapidly. It is this enthusiasm that has contributed to our growth both at our head office in Berlin as well as in our newer offices in Boston, Switzerland, M",https://www.themuse.com/jobs/signavio/process-mining-senior-consultant-mfd-sap-business-process-intelligence-7fa805,Computer and IT,Senior Level,2024-11-01,2026-05-02,themuse,Computer and IT
65d6a969f675dfed,Buyer III,Jabil,"Guadalajara, Mexico",Mexico,,,,False,external,external,Computer and IT,Informatique / Tech,"At Jabil (NYSE: JBL), we are proud to be a trusted partner for the world's top brands, offering comprehensive engineering, supply chain, and manufacturing solutions. With 60 years of experience across industries and a vast network of over 100 sites worldwide, Jabil combines global reach with local expertise to deliver both scalable and customized solutions. Our commitment extends beyond business success as we strive to build sustainable processes that minimize environmental impact and foster vib",https://www.themuse.com/jobs/jabil/buyer-iii-17d504,Computer and IT,Mid Level,2026-04-30,2026-05-02,themuse,Computer and IT
98336ae6c72c2d23,Program Manager,EPAM Systems,"Brussels, Belgium",Belgium,,,,True,external,external,Computer and IT,Informatique / Tech,"We are seeking an experienced Program Manager with a strong background in eCommerce and omnichannel program management to join our team in a hybrid work arrangements in Belgium or Netherlands. The ideal candidate will bring proven expertise in managing complex B2B and B2C commerce projects, fostering high-performing teams, and building trusted relationships with senior stakeholders. This role involves driving the successful delivery of value through all project phases - from Discovery to Impleme",https://www.themuse.com/jobs/epamsystems/program-manager-a4979e,Computer and IT,Senior Level,2025-03-12,2026-05-02,themuse,Computer and IT
2c4115579895c9a9,Técnico(a) de Diagnóstico Full,Jabil,"Guadalajara, Mexico",Mexico,,,,False,external,external,Computer and IT,Informatique / Tech,"At Jabil (NYSE: JBL), we are proud to be a trusted partner for the world's top brands, offering comprehensive engineering, supply chain, and manufacturing solutions. With 60 years of experience across industries and a vast network of over 100 sites worldwide, Jabil combines global reach with local expertise to deliver both scalable and customized solutions. Our commitment extends beyond business success as we strive to build sustainable processes that minimize environmental impact and foster vib",https://www.themuse.com/jobs/jabil/tecnicoa-de-diagnostico-full-c6dd64,Computer and IT,Mid Level,2026-04-29,2026-05-02,themuse,Computer and IT
c19310863b4d3220,Cyber Security Specialist,Leidos,"Springfield, VA",VA,,,,False,external,external,Computer and IT,Informatique / Tech,"Description Cybersecurity Analyst Location: Ft. Belvoir, VA Clearance Required: Active Top Secret/SCI Leidos is seeking a Cybersecurity Analyst to support the TENCAP program at Ft. Belvoir, VA , providing critical Information Assurance expertise across the GRIDS IV system. This role is essential to ensuring that system design, deployment, integration, and operations meet all required security, accreditation, and compliance standards. The selected analyst will directly support the management and ",https://www.themuse.com/jobs/leidos/cyber-security-specialist-bacd16,Computer and IT,Mid Level,2026-04-28,2026-05-02,themuse,Computer and IT
a87d3607fc125a35,Tool Maker III,Jabil,"Tijuana, Mexico",Mexico,,,,False,external,external,Computer and IT,Informatique / Tech,"At Jabil (NYSE: JBL), we are proud to be a trusted partner for the world's top brands, offering comprehensive engineering, supply chain, and manufacturing solutions. With 60 years of experience across industries and a vast network of over 100 sites worldwide, Jabil combines global reach with local expertise to deliver both scalable and customized solutions. Our commitment extends beyond business success as we strive to build sustainable processes that minimize environmental impact and foster vib",https://www.themuse.com/jobs/jabil/tool-maker-iii-cde985,Computer and IT,Mid Level,2026-05-01,2026-05-02,themuse,Computer and IT
76340844eb1268d2,Tecnico(a) de soporte de pruebas,Jabil,"Guadalajara, Mexico",Mexico,,,,False,external,external,Computer and IT,Informatique / Tech,"At Jabil (NYSE: JBL), we are proud to be a trusted partner for the world's top brands, offering comprehensive engineering, supply chain, and manufacturing solutions. With 60 years of experience across industries and a vast network of over 100 sites worldwide, Jabil combines global reach with local expertise to deliver both scalable and customized solutions. Our commitment extends beyond business success as we strive to build sustainable processes that minimize environmental impact and foster vib",https://www.themuse.com/jobs/jabil/tecnicoa-de-soporte-de-pruebas-29778d,Computer and IT,Mid Level,2026-04-09,2026-05-02,themuse,Computer and IT
616023b2f0a9eb28,Web Content Manager,Appian,"Miami, FL",FL,,,,False,external,external,Computer and IT,Informatique / Tech,"Here at Appian, our values of Intensity and Excellence define who we are. We set high standards and live up to them, ensuring that everything we do is done with care and quality. We approach every challenge with ambition and commitment, holding ourselves and each other accountable to achieve the best results. When you join Appian, you'll be part of a passionate team dedicated to accomplishing hard things, together. Appian is looking for a strategic and detail-oriented Web Content Manager to cont",https://www.themuse.com/jobs/appian/web-content-manager-a786cd,Computer and IT,Senior Level,2026-04-30,2026-05-02,themuse,Computer and IT
ac59aeb72dd76323,"Associate, Data Platform Operations",BlackRock,"Mumbai, India",India,,,,False,external,external,Computer and IT,Informatique / Tech,"About this role Own advanced operational support and stability for enterprise data platforms, acting as the primary L2/L3 interface for ETL/ELT pipelines, orchestration, observability, and Snowflake workloads . The role bridges execution and engineering, with accountability for incident resolution, platform reliability, and operational improvement . Key Responsibilities Own L1/L2 operational support for production data platforms, including data lakes, streaming pipelines, and Snowflake-based ana",https://www.themuse.com/jobs/blackrock/associate-data-platform-operations,Computer and IT,Mid Level,2026-04-02,2026-05-02,themuse,Computer and IT
a28045e5fd9472cf,IT Audit Senior Manager,Fidelity Investments,"Covington, KY",KY,,,,False,external,external,Computer and IT,Informatique / Tech,"Job Description: IT Senior Audit Manager The Role Are you looking for a position to grow your technology skills, expand your knowledge of financial services, and give you the opportunity to problem solve with some of the best minds in the financial services and technology industries? There is no better place to drive solutions for improving internal controls than to operate at the nexus of technology and business with Fidelity Corporate Audit! As an IT Audit Senior Manager, you will provide inde",https://www.themuse.com/jobs/fidelityinvestments/it-audit-senior-manager-966589,Computer and IT,Senior Level,2026-04-30,2026-05-02,themuse,Computer and IT
93ceec0893c1232e,Consultant - IT,Flex,"Chennai, India",India,,,,False,external,external,Computer and IT,Informatique / Tech,"Flex is the diversified manufacturing partner of choice that helps market-leading brands design, build and deliver innovative products that improve the world. A career at Flex offers the opportunity to make a difference and invest in your growth in a respectful, inclusive, and collaborative environment. If you are excited about a role but don't meet every bullet point, we encourage you to apply and join us to create the extraordinary. Job Description To support our extraordinary teams who build ",https://www.themuse.com/jobs/flex/consultant-it-9b62b8,Computer and IT,Mid Level,2026-04-24,2026-05-02,themuse,Computer and IT
e86b620bdde26a92,Manufacturing Engineer II- 1st Shift,Jabil,"San Jose, CA",CA,,,,False,external,external,Computer and IT,Informatique / Tech,"At Jabil (NYSE: JBL), we are proud to be a trusted partner for the world's top brands, offering comprehensive engineering, supply chain, and manufacturing solutions. With 60 years of experience across industries and a vast network of over 100 sites worldwide, Jabil combines global reach with local expertise to deliver both scalable and customized solutions. Our commitment extends beyond business success as we strive to build sustainable processes that minimize environmental impact and foster vib",https://www.themuse.com/jobs/jabil/manufacturing-engineer-ii-1st-shift,Computer and IT,Senior Level,2026-04-14,2026-05-02,themuse,Computer and IT
72a8dde4dcf6adae,Air Force IT Program Manager,Leidos,"Reston, VA",VA,,,,False,external,external,Computer and IT,Informatique / Tech,"Description Unleash Your Potential At Leidos, we deliver innovative solutions through the efforts of our diverse and talented people who are dedicated to our customer's success. We empower our teams, contribute to our communities, and operate sustainably. Everything we do is built on a commitment to do the right thing for our customers, our people, and our community. Our Mission, Vision, and Values guide the way we do business. If this sounds like an environment where you can thrive, keep readin",https://www.themuse.com/jobs/leidos/air-force-it-program-manager-ec70ff,Computer and IT,Senior Level,2026-05-01,2026-05-02,themuse,Computer and IT
4dd31837896419bb,Customer Technical Services Analyst I,Mastercard,"Warsaw, Poland",Poland,,,,False,external,external,Computer and IT,Informatique / Tech,"Our Purpose Mastercard powers economies and empowers people in 200+ countries and territories worldwide. Together with our customers, we're helping build a sustainable economy where everyone can prosper. We support a wide range of digital payments choices, making transactions secure, simple, smart and accessible. Our technology and innovation, partnerships and networks combine to deliver a unique set of products and services that help people, businesses and governments realize their greatest pot",https://www.themuse.com/jobs/mastercard/customer-technical-services-analyst-i-7481e9,Computer and IT,Mid Level,2025-04-06,2026-05-02,themuse,Computer and IT
3d1cf6e8d2145f00,"Senior IT Analyst, SOX",ELC Beauty,"Kuala Lipis, Malaysia",Malaysia,,,,False,external,external,Computer and IT,Informatique / Tech,"About Estée Lauder Companies The Estée Lauder Companies is the global leader in prestige beauty - delighting consumers with transformative products and experiences, inspiring them to express their individual beauty. We are the only company focused solely on prestige makeup, skin care, fragrance, and hair care with a diverse portfolio of 25+ brands sold in approximately 150 countries and territories. Infused throughout our organization is a passion for creativity and imagination - a desire to pus",https://www.themuse.com/jobs/elcbeauty/senior-it-analyst-sox,Computer and IT,Senior Level,2024-05-29,2026-05-02,themuse,Computer and IT
4e4b28f661db13e1,MSP Alliance Manager,CrowdStrike,"Tokyo, Japan",Japan,,,,False,external,external,Computer and IT,Informatique / Tech,"As a global leader in cybersecurity, CrowdStrike protects the people, processes and technologies that drive modern organizations. Since 2011, our mission hasn't changed - we're here to stop breaches, and we've redefined modern security with the world's most advanced AI-native platform. Our customers span all industries, and they count on CrowdStrike to keep their businesses running, their communities safe and their lives moving forward. We're also a mission-driven company. We cultivate a culture",https://www.themuse.com/jobs/crowdstrike/msp-alliance-manager-e5e128,Computer and IT,Senior Level,2026-04-22,2026-05-02,themuse,Computer and IT
59eaba6e9876c89c,Red Hat OpenShift Platform Administrator,Kyndryl,"Mexico City, Mexico",Mexico,,,,True,external,external,Computer and IT,Informatique / Tech,"Who We Are At Kyndryl, we run and reimagine the mission-critical technology systems that drive advantage for the world's leading businesses. We are at the heart of progress; with proven expertise and a continuous flow of AI-powered insight, enabling smarter decisions, faster innovation, and a lasting competitive edge. For our people-Kyndryls-that means doing purposeful work that powers human progress. Join us and experience a flexible, supportive environment where your well-being is prioritized ",https://www.themuse.com/jobs/kyndryl/red-hat-openshift-platform-administrator-b51427,Computer and IT,Mid Level,2026-05-01,2026-05-02,themuse,Computer and IT
e716d01670b28c90,RF Systems Architect - Control Algorithms,Apple,"Newton, MA",MA,,,,False,external,external,Computer and IT,Informatique / Tech,"At Apple, our work is dedicated to creating products that connect and enrich people's lives. The Cellular RF Systems Engineering team sits at the very core of that mission, defining the wireless technologies that enable seamless experiences for hundreds of millions of users worldwide. We are looking for a passionate engineer to design the intelligent control algorithms that orchestrate our RF Front-End hardware. By translating complex 5G and 6G use cases into optimized RF hardware control strate",https://www.themuse.com/jobs/apple/rf-systems-architect-control-algorithms,Computer and IT,Senior Level,2026-05-01,2026-05-02,themuse,Computer and IT
e4a7dc9deffa680e,IT Configuration & Relationship Analyst (All Genders) - Contract,Wipro,"Lisbon, Portugal",Portugal,,,,False,external,external,Computer and IT,Informatique / Tech,"City: Lisbon State/Province: Lisbon Posting Start Date: 4/13/26 Wipro Limited (NYSE: WIT, BSE: 507685, NSE: WIPRO) is a leading technology services and consulting company focused on building innovative solutions that address clients' most complex digital transformation needs. Leveraging our holistic portfolio of capabilities in consulting, design, engineering, and operations, we help clients realize their boldest ambitions and build future-ready, sustainable businesses. With over 230,000 employe",https://www.themuse.com/jobs/wipro/it-configuration-relationship-analyst-all-genders-contract,Computer and IT,Senior Level,2026-04-21,2026-05-02,themuse,Computer and IT
7117cf7c8c2424f6,Client Advocate I (Meritain Health),CVS Health,"Jackson, MS",MS,,,,False,external,external,Computer and IT,Informatique / Tech,"At CVS Health, we're building a world of health around every consumer and surrounding ourselves with dedicated colleagues who are passionate about transforming health care.As the nation's leading health solutions company, we reach millions of Americans through our local presence, digital channels and more than 300,000 purpose-driven colleagues - caring for people where, when and how they choose in a way that is uniquely more connected, more convenient and more compassionate. And we do it all wit",https://www.themuse.com/jobs/cvshealth/client-advocate-i-meritain-health-882576,Computer and IT,Mid Level,2025-04-14,2026-05-02,themuse,Computer and IT
1dad61b49d3b6b00,Hardware Systems Engineer - Data Center HW,Apple,"Sunnyvale, CA",CA,,,,False,external,external,Computer and IT,Informatique / Tech,"Hardware Engineering is looking for a system validation engineer to develop, implement and execute validation plans for datacenter systems designed for large scale deployment and integrated use. This is a highly collaborative position, working cross-functionally with multiple teams to validate hardware, ensure requirements are met and issues have been captured early in the development life cycle. As a key member of our validation team, you will have the unique and rewarding opportunity to be res",https://www.themuse.com/jobs/apple/hardware-systems-engineer-data-center-hw-d943f7,Computer and IT,Mid Level,2026-05-01,2026-05-02,themuse,Computer and IT
a8814560b3d3b875,Консультант з питань обліку кредиторської заборгованості / GBS FIN Ops Associate (AP Direct & Indirect),Jabil,"Uzhgorod, Ukraine",Ukraine,,,,False,external,external,Computer and IT,Informatique / Tech,"At Jabil (NYSE: JBL), we are proud to be a trusted partner for the world's top brands, offering comprehensive engineering, supply chain, and manufacturing solutions. With 60 years of experience across industries and a vast network of over 100 sites worldwide, Jabil combines global reach with local expertise to deliver both scalable and customized solutions. Our commitment extends beyond business success as we strive to build sustainable processes that minimize environmental impact and foster vib",https://www.themuse.com/jobs/jabil/gbs-fin-ops-associate-ap-direct-indirect-eda73b,Computer and IT,Mid Level,2026-04-29,2026-05-02,themuse,Computer and IT
725f4d4868945658,Inventory Control Trainer (404),Jabil,"Florence, KY",KY,,,,False,external,external,Computer and IT,Informatique / Tech,"At Jabil (NYSE: JBL), we are proud to be a trusted partner for the world's top brands, offering comprehensive engineering, supply chain, and manufacturing solutions. With 60 years of experience across industries and a vast network of over 100 sites worldwide, Jabil combines global reach with local expertise to deliver both scalable and customized solutions. Our commitment extends beyond business success as we strive to build sustainable processes that minimize environmental impact and foster vib",https://www.themuse.com/jobs/jabil/inventory-control-trainer-404,Computer and IT,Mid Level,2026-04-29,2026-05-02,themuse,Computer and IT
b8ee2d7292b7fffa,Regional IT&D Engagement Lead -Business & DC Engagement,McLane,"Temple, TX",TX,,,,False,external,external,Computer and IT,Informatique / Tech,"Job Description Are you energized by transforming how technology enables the business? We're looking for a Regional IT&amp;D Engagement Lead to serve as a strategic partner to our business and Distribution Center (DC) leaders-bridging enterprise technology, digital supply chain capabilities, and operational execution. In this highly visible role, you'll act as the primary IT&amp;D point of contact for regional business stakeholders, translating operational needs into scalable digital solutions t",https://www.themuse.com/jobs/mclane/regional-itd-engagement-lead-business-dc-engagement,Computer and IT,Mid Level,2026-02-17,2026-05-02,themuse,Computer and IT
f43ed9ea2ffb4d2d,IT Solution Analyst III - TeleHealth,Banner Health,"Phoenix, AZ",AZ,,,,False,external,external,Computer and IT,Informatique / Tech,"Primary City/State: Phoenix, Arizona Department Name: IT Clinical Care-Corp Work Shift: Day Job Category: Information Technology Banner Health was named to Fortune's Most Innovative Companies in America 2025 list for the third consecutive year and named to Newsweek's list of Most Trustworthy Companies in America for the second year in a row. We're proud to be recognized for our commitment to the latest health care advancements and excellent patient care. The IT Telehealth team is responsible for",https://www.themuse.com/jobs/bannerhealth/it-solution-analyst-iii-telehealth,Computer and IT,Mid Level,2026-04-22,2026-05-02,themuse,Computer and IT
22bf4f4353d15bdc,Traffic Analyst I,Jabil,"Guadalajara, Mexico",Mexico,,,,False,external,external,Computer and IT,Informatique / Tech,"At Jabil (NYSE: JBL), we are proud to be a trusted partner for the world's top brands, offering comprehensive engineering, supply chain, and manufacturing solutions. With 60 years of experience across industries and a vast network of over 100 sites worldwide, Jabil combines global reach with local expertise to deliver both scalable and customized solutions. Our commitment extends beyond business success as we strive to build sustainable processes that minimize environmental impact and foster vib",https://www.themuse.com/jobs/jabil/traffic-analyst-i-580135,Computer and IT,Mid Level,2026-04-24,2026-05-02,themuse,Computer and IT
181638818726b247,Консультант з питань обліку кредиторської заборгованості/GBS FIN Ops Associate (AP Direct & Indirect),Jabil,"Uzhgorod, Ukraine",Ukraine,,,,False,external,external,Computer and IT,Informatique / Tech,"At Jabil (NYSE: JBL), we are proud to be a trusted partner for the world's top brands, offering comprehensive engineering, supply chain, and manufacturing solutions. With 60 years of experience across industries and a vast network of over 100 sites worldwide, Jabil combines global reach with local expertise to deliver both scalable and customized solutions. Our commitment extends beyond business success as we strive to build sustainable processes that minimize environmental impact and foster vib",https://www.themuse.com/jobs/jabil/gbs-fin-ops-associate-ap-direct-indirect-793131,Computer and IT,Mid Level,2026-04-29,2026-05-02,themuse,Computer and IT
f9ee14e1ce927e1d,Diagnostic Technician II,Jabil,"Florence, KY",KY,,,,False,external,external,Computer and IT,Informatique / Tech,"At Jabil (NYSE: JBL), we are proud to be a trusted partner for the world's top brands, offering comprehensive engineering, supply chain, and manufacturing solutions. With 60 years of experience across industries and a vast network of over 100 sites worldwide, Jabil combines global reach with local expertise to deliver both scalable and customized solutions. Our commitment extends beyond business success as we strive to build sustainable processes that minimize environmental impact and foster vib",https://www.themuse.com/jobs/jabil/diagnostic-technician-ii-15ca7e,Computer and IT,Mid Level,2026-04-03,2026-05-02,themuse,Computer and IT
2b70fc8f29dd467e,Domain Consultant,Palo Alto Networks,"New York, NY",NY,,,,False,external,external,Computer and IT,Informatique / Tech,"Our Mission At Palo Alto Networks®, we're united by a shared mission-to protect our digital way of life. We thrive at the intersection of innovation and impact, solving real-world problems with cutting-edge technology and bold thinking. Here, everyone has a voice, and every idea counts. If you're ready to do the most meaningful work of your career alongside people who are just as passionate as you are, you're in the right place. Who We Are In order to be the cybersecurity partner of choice, we m",https://www.themuse.com/jobs/paloaltonetworks/domain-consultant-ea928b,Computer and IT,Senior Level,2026-04-25,2026-05-02,themuse,Computer and IT
88cae56fb582ac54,GYÁRTÓMÉRNÖK II,Jabil,"Tiszaújváros, Hungary",Hungary,,,,False,external,external,Computer and IT,Informatique / Tech,"At Jabil (NYSE: JBL), we are proud to be a trusted partner for the world's top brands, offering comprehensive engineering, supply chain, and manufacturing solutions. With 60 years of experience across industries and a vast network of over 100 sites worldwide, Jabil combines global reach with local expertise to deliver both scalable and customized solutions. Our commitment extends beyond business success as we strive to build sustainable processes that minimize environmental impact and foster vib",https://www.themuse.com/jobs/jabil/gyartomernok-ii,Computer and IT,Mid Level,2026-04-23,2026-05-02,themuse,Computer and IT
3dc230d8374fef17,Client Advocate I (Meritain Health),CVS Health,"Topeka, KS",KS,,,,False,external,external,Computer and IT,Informatique / Tech,"At CVS Health, we're building a world of health around every consumer and surrounding ourselves with dedicated colleagues who are passionate about transforming health care.As the nation's leading health solutions company, we reach millions of Americans through our local presence, digital channels and more than 300,000 purpose-driven colleagues - caring for people where, when and how they choose in a way that is uniquely more connected, more convenient and more compassionate. And we do it all wit",https://www.themuse.com/jobs/cvshealth/client-advocate-i-meritain-health-f4ed28,Computer and IT,Mid Level,2025-04-14,2026-05-02,themuse,Computer and IT
2e75e5335db865c2,Senior IT Specialist - M365 & Active Directory Architect,Eaton,"Menomonee Falls, WI",WI,,,,False,external,external,Computer and IT,Informatique / Tech,"Eaton's Corporate Sector division is currently seeking a Senior IT Specialist - M365 &amp; Active Directory Architect. The preference is for this position to sit at our Beachwood, OH or Moon Township, PA location however will consider candidates in the other following locations: Galesburg MI, Houston TX, Menomonee Falls WI, or Raleigh NC. The expected annual salary range for this role is $130000 - $190000 a year. Please note the salary information shown above is a general guideline only. Salarie",https://www.themuse.com/jobs/eaton/senior-it-specialist-m365-active-directory-architect-abb694,Computer and IT,Senior Level,2026-04-30,2026-05-02,themuse,Computer and IT
0458fa723a386bcf,"Staff/Sr. iOS Engineer - AI, Search & Knowledge Platforms",Apple,"Cupertino, CA",CA,,,,False,external,external,Computer and IT,Informatique / Tech,"Do you want to make Apple products smarter for our users? The Information Intelligence teams are building groundbreaking technology for algorithmic search, machine learning, natural language processing, and artificial intelligence. The features we build are redefining how hundreds of millions of people use their computers and mobile devices to search and find what they are looking for. Our infrastructure powers search features across a variety of Apple products, including Apple Intelligence, Sir",https://www.themuse.com/jobs/apple/staffsr-ios-engineer-ai-search-knowledge-platforms-c7d928,Computer and IT,Senior Level,2026-05-01,2026-05-02,themuse,Computer and IT
680eef769b3854c0,Network Data Admin,Wipro,N/A,N/A,,,,False,external,external,Computer and IT,Informatique / Tech,"City: State/Province: Posting Start Date: 7/10/25 Job Description: Job Description Role Purpose The purpose of the role is to resolve, maintain and manage client's software/ hardware/ network based on the service requests raised from the end-user as per the defined SLA's ensuring client satisfaction Install, configure, and maintain all network services, equipment, and devices. Monitor network performance and troubleshoot problems and outages Program routers, switches, and other network hardware ",https://www.themuse.com/jobs/wipro/network-data-admin-2804d9,Computer and IT,Mid Level,2026-03-10,2026-05-02,themuse,Computer and IT
f7dd5c1b35cf6637,IT Support Associate - Level III,Cummins,"Pune, India",India,,,,False,external,external,Computer and IT,Informatique / Tech,"DESCRIPTION The IT Support Associate - Level III (Manufacturing IT) works independently with limited supervision to provide advanced operational and production IT support across Cummins Manufacturing locations in the India region. This role ensures the effectiveness, efficiency, accuracy, and availability of IT systems and end-user devices. The associate manages incidents and service requests, supports manufacturing hardware, servers, and applications, coordinates with vendors, mentors junior as",https://www.themuse.com/jobs/cummins/it-support-associate-level-iii-f4b6e4,Computer and IT,Mid Level,2026-04-18,2026-05-02,themuse,Computer and IT
2a12b22ff927c1b4,Quality Auditor,Jabil,"Memphis, TN",TN,,,,False,external,external,Computer and IT,Informatique / Tech,"At Jabil (NYSE: JBL), we are proud to be a trusted partner for the world's top brands, offering comprehensive engineering, supply chain, and manufacturing solutions. With 60 years of experience across industries and a vast network of over 100 sites worldwide, Jabil combines global reach with local expertise to deliver both scalable and customized solutions. Our commitment extends beyond business success as we strive to build sustainable processes that minimize environmental impact and foster vib",https://www.themuse.com/jobs/jabil/quality-auditor-a7874b,Computer and IT,Mid Level,2026-04-24,2026-05-02,themuse,Computer and IT
cdd4cb9101af5b76,IT Support,Wipro,"Tokyo, Japan",Japan,,,,False,external,external,Computer and IT,Informatique / Tech,"City: Tokyo State/Province: Tokyo-to Posting Start Date: 3/10/26 Wipro Limited (NYSE: WIT, BSE: 507685, NSE: WIPRO) is a leading technology services and consulting company focused on building innovative solutions that address clients' most complex digital transformation needs. Leveraging our holistic portfolio of capabilities in consulting, design, engineering, and operations, we help clients realize their boldest ambitions and build future-ready, sustainable businesses. With over 230,000 employ",https://www.themuse.com/jobs/wipro/it-support-851ac4,Computer and IT,Senior Level,2026-04-15,2026-05-02,themuse,Computer and IT
88c49ab1d55684c7,Механік,Jabil,"Uzhgorod, Ukraine",Ukraine,,,,False,external,external,Computer and IT,Informatique / Tech,"At Jabil (NYSE: JBL), we are proud to be a trusted partner for the world's top brands, offering comprehensive engineering, supply chain, and manufacturing solutions. With 60 years of experience across industries and a vast network of over 100 sites worldwide, Jabil combines global reach with local expertise to deliver both scalable and customized solutions. Our commitment extends beyond business success as we strive to build sustainable processes that minimize environmental impact and foster vib",https://www.themuse.com/jobs/jabil/-ee64fb,Computer and IT,Mid Level,2026-04-04,2026-05-02,themuse,Computer and IT
da60dee7f4ae9f7a,QA Technician II,Jabil,"Kampung Sungai Ara, Malaysia",Malaysia,,,,False,external,external,Computer and IT,Informatique / Tech,"At Jabil (NYSE: JBL), we are proud to be a trusted partner for the world's top brands, offering comprehensive engineering, supply chain, and manufacturing solutions. With 60 years of experience across industries and a vast network of over 100 sites worldwide, Jabil combines global reach with local expertise to deliver both scalable and customized solutions. Our commitment extends beyond business success as we strive to build sustainable processes that minimize environmental impact and foster vib",https://www.themuse.com/jobs/jabil/qa-technician-ii-1af796,Computer and IT,Mid Level,2026-04-29,2026-05-02,themuse,Computer and IT
341c0920cb1d0182,Internship - SharePoint & Power Apps,Hitachi Energy,"Krakow, Poland",Poland,,,,False,external,external,Computer and IT,Informatique / Tech,"The opportunity As a SharePoint &amp; Power Apps Intern, you will support the design, development, and improvement of modern workplace solutions based on Microsoft 365. Over a one-year internship, you will learn and help build and maintain SharePoint sites and Power Apps that streamline business processes, improve collaboration, and enhance user experience. You will work closely with SharePoint and Power Apps expert, product owners, business stakeholders, and IT teams, gaining hands-on experienc",https://www.themuse.com/jobs/hitachienergy/internship-sharepoint-power-apps,Computer and IT,Internship,2026-04-29,2026-05-02,themuse,Computer and IT
fb21e82d141b96b2,"Data Center Technician, Data Center Operations",Apple,"Reno, NV",NV,,,,False,external,external,Computer and IT,Informatique / Tech,"Infrastructure Services is part of IS&amp;T and the foundation of Apple's global network operations - managing data center equipment and systems to deliver compute, storage, and networking services for teams across Apple, including its internal developer community. From individual facilities to a worldwide network, Infrastructure Services ensures the technology underneath everything works without question The Data Center Technician is responsible for installing servicing and maintaining Apple IT",https://www.themuse.com/jobs/apple/data-center-technician-data-center-operations-a6c02f,Computer and IT,Mid Level,2026-05-01,2026-05-02,themuse,Computer and IT
b36b619bf312fe6b,Dynamics 365 CRM Developer,EPAM Systems,"Zhezqazghan, Kazakhstan",Kazakhstan,,,,True,external,external,Computer and IT,Informatique / Tech,"We are seeking a Dynamics 365 CRM Developer to join our team. In this role, you will be integral to tailoring the sales, marketing and customer service modules to meet the specific needs of an organization responsible for managing special economic zones and economic cities in the KSA. If this resonates with you, kick-start the next exciting chapter of your career with EPAM - apply! This position offers remote setup with the flexibility to work from any location in Kazakhstan, whether it's your h",https://www.themuse.com/jobs/epamsystems/dynamics-365-crm-developer,Computer and IT,Mid Level,2025-02-15,2026-05-02,themuse,Computer and IT
8424caace68f4815,Senior SRE (IT Infrastructure),Palo Alto Networks,"Tel Aviv, Israel",Israel,,,,False,external,external,Computer and IT,Informatique / Tech,"Our Mission At Palo Alto Networks®, we're united by a shared mission-to protect our digital way of life. We thrive at the intersection of innovation and impact, solving real-world problems with cutting-edge technology and bold thinking. Here, everyone has a voice, and every idea counts. If you're ready to do the most meaningful work of your career alongside people who are just as passionate as you are, you're in the right place. Who We Are In order to be the cybersecurity partner of choice, we m",https://www.themuse.com/jobs/paloaltonetworks/senior-sre-it-infrastructure,Computer and IT,Senior Level,2026-03-25,2026-05-02,themuse,Computer and IT
424d7288cf5a0234,"Staff, Technical Program Manager",Walmart,"Springdale, AR",AR,,,,False,external,external,Computer and IT,Informatique / Tech,"Position Summary... What you'll do... About Team: At Walmart, we help people save money so they can live better. This mission serves as the foundation for every decision we make, from responsible sourcing to sustainability-and everything in between. As a Walmart associate, you will play an integral role in shaping the future of retail, tech, merchandising, finance, and hundreds of other industries-all while affecting the lives of millions of customers all over the world. Here, your work makes an",https://www.themuse.com/jobs/walmart/staff-technical-program-manager-badd8f,Computer and IT,Senior Level,2025-08-13,2026-05-02,themuse,Computer and IT
cdd46f69dab4c67f,"Principal, Disaster Recovery (Remote)",CrowdStrike,Flexible / Remote,Flexible / Remote,,,,True,external,external,Computer and IT,Informatique / Tech,"As a global leader in cybersecurity, CrowdStrike protects the people, processes and technologies that drive modern organizations. Since 2011, our mission hasn't changed - we're here to stop breaches, and we've redefined modern security with the world's most advanced AI-native platform. Our customers span all industries, and they count on CrowdStrike to keep their businesses running, their communities safe and their lives moving forward. We're also a mission-driven company. We cultivate a culture",https://www.themuse.com/jobs/crowdstrike/principal-disaster-recovery-remote,Computer and IT,Senior Level,2026-03-24,2026-05-02,themuse,Computer and IT
831a1c53d537c846,Juniper Routing and Switching,Wipro,"Mumbai, India",India,,,,False,external,external,Computer and IT,Informatique / Tech,"City: Mumbai State/Province: Maharashtra Posting Start Date: 7/3/25 Wipro Limited (NYSE: WIT, BSE: 507685, NSE: WIPRO) is a leading technology services and consulting company focused on building innovative solutions that address clients' most complex digital transformation needs. Leveraging our holistic portfolio of capabilities in consulting, design, engineering, and operations, we help clients realize their boldest ambitions and build future-ready, sustainable businesses. With over 230,000 emp",https://www.themuse.com/jobs/wipro/juniper-routing-and-switching-e611ef,Computer and IT,Senior Level,2026-03-09,2026-05-02,themuse,Computer and IT
d65294835bd49766,Camera Software- Sr. Machine Learning Research Engineer,Apple,"Emeryville, CA",CA,,,,False,external,external,Computer and IT,Informatique / Tech,iPhone is the most popular camera in the world. The flawless integration of software and hardware has led to features like Memories and Portrait Mode which deliver experiences that are magical. The Camera &amp; Photos team focuses on user-experience by using computer vision and image processing through machine learning. Our team works hard on products that ship to millions of people. We are looking for people who want to do the same. The Computational Imaging team develops the camera pipelines a,https://www.themuse.com/jobs/apple/camera-software-sr-machine-learning-research-engineer-9a9d91,Computer and IT,Senior Level,2026-05-01,2026-05-02,themuse,Computer and IT
b6cab073d904df62,"Staff, Technical Program Manager",Walmart,"Fayetteville, AR",AR,,,,False,external,external,Computer and IT,Informatique / Tech,"Position Summary... What you'll do... About Team: At Walmart, we help people save money so they can live better. This mission serves as the foundation for every decision we make, from responsible sourcing to sustainability-and everything in between. As a Walmart associate, you will play an integral role in shaping the future of retail, tech, merchandising, finance, and hundreds of other industries-all while affecting the lives of millions of customers all over the world. Here, your work makes an",https://www.themuse.com/jobs/walmart/staff-technical-program-manager-c267ae,Computer and IT,Senior Level,2025-08-13,2026-05-02,themuse,Computer and IT
7a8cb3e613eac9bd,Solution Architect - Azure or AWS,IBM,"Leicester, United Kingdom",United Kingdom,,,,True,external,external,Computer and IT,Informatique / Tech,"Introduction At IBM CIC, we provide technical and industry expertise to a wide range of public and private sector clients in the UK. A career in IBM CIC means you'll have the opportunity to work with leading professionals across multiple industries to improve the hybrid cloud and AI journey for the most innovative and valuable companies in the world. You will get the chance to deliver effective solutions, driving meaningful business change for our clients, using some of the latest technology pla",https://www.themuse.com/jobs/ibm/solution-architect-azure-or-aws,Computer and IT,Senior Level,2026-01-10,2026-05-02,themuse,Computer and IT
644672b37de5c9d8,"Sr. Cloud Security Architect, GCP (Remote)",CrowdStrike,Flexible / Remote,Flexible / Remote,,,,True,external,external,Computer and IT,Informatique / Tech,"As a global leader in cybersecurity, CrowdStrike protects the people, processes and technologies that drive modern organizations. Since 2011, our mission hasn't changed - we're here to stop breaches, and we've redefined modern security with the world's most advanced AI-native platform. Our customers span all industries, and they count on CrowdStrike to keep their businesses running, their communities safe and their lives moving forward. We're also a mission-driven company. We cultivate a culture",https://www.themuse.com/jobs/crowdstrike/sr-cloud-security-architect-gcp-remote,Computer and IT,Senior Level,2026-04-30,2026-05-02,themuse,Computer and IT
f97581c6c6a38d7a,Wiring Technician,GE Vernova,"Smithton, PA",PA,,,,False,external,external,Computer and IT,Informatique / Tech,"Job Description Summary ""Come bring your energy to change the world. Grid solutions, part of GE Vernova portfolio of energy businesses, serves customers globally with over 12,000 employees. Grid Solutions provides equipment, systems, and services to bring power reliably and efficiently from the point of generation to end power consumers. We electrify the world with advanced grid technology and accelerate the energy transition."" GE Vernova is looking for Wiring Technicians who can apply knowledge",https://www.themuse.com/jobs/gevernova/wiring-technician-8c8f83,Computer and IT,Mid Level,2026-05-01,2026-05-02,themuse,Computer and IT
209af642dd3c16aa,IT Applications Analyst Principal (WMS),Cummins,Flexible / Remote,Flexible / Remote,,,,True,external,external,Computer and IT,Informatique / Tech,"DESCRIPTION Job Summary: Provides comprehensive application functionality, configuration and support expertise for application software solutions; works with business analysts, architects, technical experts and software vendors on the solution requirements, design, configuration, functionality gap resolution, implementation, support, maintenance and enhancement of the applications. Key Responsibilities: Leads the analysis and evaluation of application functionality; provides recommendations to i",https://www.themuse.com/jobs/cummins/it-applications-analyst-principal-wms,Computer and IT,Senior Level,2026-04-28,2026-05-02,themuse,Computer and IT
80e1c599050987ab,Quality Control Inspector,Jabil,"Wishaw, United Kingdom",United Kingdom,,,,False,external,external,Computer and IT,Informatique / Tech,"At Jabil (NYSE: JBL), we are proud to be a trusted partner for the world's top brands, offering comprehensive engineering, supply chain, and manufacturing solutions. With 60 years of experience across industries and a vast network of over 100 sites worldwide, Jabil combines global reach with local expertise to deliver both scalable and customized solutions. Our commitment extends beyond business success as we strive to build sustainable processes that minimize environmental impact and foster vib",https://www.themuse.com/jobs/jabil/quality-control-inspector-ded6b2,Computer and IT,Mid Level,2026-04-25,2026-05-02,themuse,Computer and IT
f58b67812cef48cf,Sr Project Analyst-Western Division IT,Labcorp,Flexible / Remote,Flexible / Remote,,,,True,external,external,Computer and IT,Informatique / Tech,"Senior Project Analyst Western Division IT - requires working MST or PST The Senior Project Analyst plays a critical role in advancing the West Division IT strategy by supporting project initiative scoping, Merger &amp; Acquisition (M&amp;A) readiness, data analysis, and cross-functional coordination. This role blends analytical insight, structured planning, and stakeholder alignment to drive clarity, guide decision-making, and ensure smooth execution of high-visibility initiatives. The position",https://www.themuse.com/jobs/labcorp/sr-project-analystwestern-division-it-a76f45,Computer and IT,Senior Level,2026-04-23,2026-05-02,themuse,Computer and IT
a100f57f36becff2,Solutions Architect Manager | DX,Atlassian,Flexible / Remote,Flexible / Remote,,,,True,external,external,Computer and IT,Informatique / Tech,"Working at Atlassian Atlassians can choose where they work whether in an office, from home, or a combination of the two. That way, Atlassians have more control over supporting their family, personal goals, and other priorities. We can hire people in any country where we have a legal entity. As the Manager of the Enterprise Solutions Architect team for DX, you will lead a high-performing team of technical advisors dedicated to driving the growth of the DX product ( getdx.com ). You will be respon",https://www.themuse.com/jobs/atlassian/solutions-architect-manager-dx,Computer and IT,Senior Level,2026-04-29,2026-05-02,themuse,Computer and IT
c46b3fcb6ef5b3a6,Sr Staff Enterprise Architect,GE Vernova,"Hyderabad, India",India,,,,False,external,external,Computer and IT,Informatique / Tech,"Job Description Summary The Enterprise Solutions team deploys, enhances and manages all ERP platforms in the GE Vernova Power segment. Our versatile team boasts unique expertise across enterprise technology platforms and business processes. As a key member of the Enterprise Solutions Enablement team, you will lead the ERP enterprise architecture team, lead ERP Integration cloud strategy, simplifying the ERP landscape and Integrations roadmap and transform existing integrations into cloud technol",https://www.themuse.com/jobs/gevernova/sr-staff-enterprise-architect-de8ca8,Computer and IT,Senior Level,2026-04-10,2026-05-02,themuse,Computer and IT
1bbd66c3bd6325e3,"GBS Sr. Analyst 1, Collections",CrowdStrike,"Pune, India",India,,,,False,external,external,Computer and IT,Informatique / Tech,"As a global leader in cybersecurity, CrowdStrike protects the people, processes and technologies that drive modern organizations. Since 2011, our mission hasn't changed - we're here to stop breaches, and we've redefined modern security with the world's most advanced AI-native platform. Our customers span all industries, and they count on CrowdStrike to keep their businesses running, their communities safe and their lives moving forward. We're also a mission-driven company. We cultivate a culture",https://www.themuse.com/jobs/crowdstrike/gbs-sr-analyst-1-collections,Computer and IT,Senior Level,2026-04-07,2026-05-02,themuse,Computer and IT
e7717c55384e4dd5,Information Systems Architect Senior,Leidos,"Quantico, VA",VA,,,,False,external,external,Computer and IT,Informatique / Tech,"Description Unleash Your Potential At Leidos, we deliver innovative solutions through the efforts of diverse and talented people who are dedicated to our customers' success. We empower our teams, contribute to our communities, and operate sustainably. Everything we do is built on a commitment to do the right thing for our customers, our people, and our community. Our Mission, Vision, and Values guide the way we do business. If this sounds like an environment where you can thrive, keep reading! T",https://www.themuse.com/jobs/leidos/information-systems-architect-senior-d0b4c5,Computer and IT,Senior Level,2026-04-18,2026-05-02,themuse,Computer and IT
782c9b51d85d355b,CVG300 Conversion Assembler II - 402,Jabil,"Florence, KY",KY,,,,False,external,external,Computer and IT,Informatique / Tech,"At Jabil (NYSE: JBL), we are proud to be a trusted partner for the world's top brands, offering comprehensive engineering, supply chain, and manufacturing solutions. With 60 years of experience across industries and a vast network of over 100 sites worldwide, Jabil combines global reach with local expertise to deliver both scalable and customized solutions. Our commitment extends beyond business success as we strive to build sustainable processes that minimize environmental impact and foster vib",https://www.themuse.com/jobs/jabil/cvg300-conversion-assembler-ii-402,Computer and IT,Mid Level,2026-04-11,2026-05-02,themuse,Computer and IT
f0df9729cdb18e99,IT Technical Analyst - Senior (WMS),Cummins,"Pune, India",India,,,,False,external,external,Computer and IT,Informatique / Tech,"DESCRIPTION Job Summary: Provides application or infrastructure technical expertise, analysis and specifications for IT systems to meet business requirements in accordance with IT architecture policies and standards; translate requirements into technical specifications, create detailed solution design, coordinate construction, installation, configuration and testing of IT systems; and identifies, troubleshoots and resolves system technical issues. Key Responsibilities: Assists in creating and ma",https://www.themuse.com/jobs/cummins/it-technical-analyst-senior-wms-a28311,Computer and IT,Senior Level,2026-04-28,2026-05-02,themuse,Computer and IT
b39a66b318f10d83,Visual Systems Specialist,Apple,"Cupertino, CA",CA,,,,False,external,external,Computer and IT,Informatique / Tech,"Worldwide Events and Experiences brings the best of Apple to life, showcasing our products, services and the values that drive our company. From global product launches and tailored creator experiences to impactful partner engagements and inspiring internal events, this team is charged with managing the end-to-end planning, production, in person experiences and all the unique details that make these events special. The team includes professionals with backgrounds in event design, management, ope",https://www.themuse.com/jobs/apple/visual-systems-specialist-b5ecd5,Computer and IT,Senior Level,2026-05-01,2026-05-02,themuse,Computer and IT
5a4a8ca241dc6d1b,IT Technician I,Banner Health,"Payson, AZ",AZ,,,,False,external,external,Computer and IT,Informatique / Tech,"Primary City/State: Payson, Arizona Department Name: Banner Staffing Services-AZ Work Shift: Day Job Category: Information Technology Banner Health was named to Fortune's Most Innovative Companies in America 2025 list for the third consecutive year and named to Newsweek's list of Most Trustworthy Companies in America for the second year in a row. We're proud to be recognized for our commitment to the latest health care advancements and excellent patient care. The Enterprise Operations Team provi",https://www.themuse.com/jobs/bannerhealth/it-technician-i-423f00,Computer and IT,Mid Level,2026-04-02,2026-05-02,themuse,Computer and IT
056430eaf0203212,IT Operations Team Lead,Kyndryl,"Mexico City, Mexico",Mexico,,,,True,external,external,Computer and IT,Informatique / Tech,"Who We Are At Kyndryl, we run and reimagine the mission-critical technology systems that drive advantage for the world's leading businesses. We are at the heart of progress; with proven expertise and a continuous flow of AI-powered insight, enabling smarter decisions, faster innovation, and a lasting competitive edge. For our people-Kyndryls-that means doing purposeful work that powers human progress. Join us and experience a flexible, supportive environment where your well-being is prioritized ",https://www.themuse.com/jobs/kyndryl/it-operations-team-lead,Computer and IT,Senior Level,2026-04-23,2026-05-02,themuse,Computer and IT
606583d40e47337c,IT Security Ops Specialist (Business Title-Cybersecurity-Security Assesments),Mattel,"Hyderabad, India",India,,,,False,external,external,Computer and IT,Informatique / Tech,"Company Description CREATIVITY IS OUR SUPERPOWER. &nbsp;It’s our heritage and it’s also our future. Because we don’t just make toys. We create innovative products and experiences that inspire fans, entertain audiences and develop children through play. Mattel is at its best when every member of our team feels respected, included, and heard—when everyone can show up as themselves and do their best work every day. We value and share an infinite range of ideas and voices that evolve and broaden our",https://www.themuse.com/jobs/mattel/it-security-ops-specialist-business-titlecybersecuritysecurity-assesments-1b1abd,Computer and IT,Senior Level,2026-04-12,2026-05-02,themuse,Computer and IT
1362e2625b2e8a54,インダストリーコンサルタント（製造領域）,IBM,"Tokyo, Japan",Japan,,,,False,external,external,Computer and IT,Informatique / Tech,Introduction IBMでキャリアを育くむ社員は、世界各国のお客様とIBMとのリレーションをさらに深め、更なる協業を推進していく役割を担います。 あなたは、様々な専門性を持った有識者との協業を通じて、各業界を代表するお客様の最新のテクノロジー(AIやハイブリッドクラウド)を活用した変革をご支援します。お客様に価値ある変革をもたらすためのあなたの能力は、パートナー様との協業、ソフトウェアやRed Hatを始めとするIBMのテクノロジーポートフォリオの活用により、さらに引き出され、育まれていきます。 好奇心と、知識に対する飽くなき探究心は、このポジションで成果を上げるために不可欠なものです。現状に挑戦し、様々なアイデアに触れ、お客様のビジネスに新たなインパクトをもたらすクリエイティブなソリューションを生み出すことが求められます。IBMは、あなたにキャリアの可能性と成長の機会をもたらします。IBMには、あなたのこれまでのスキルや経験を受け入れる土壌があります。それがIBMのカルチャーです。 Your role and responsibilities ＜＜業務内容＞＞ 本ポジションで,https://www.themuse.com/jobs/ibm/-5e3bfa,Computer and IT,Mid Level,2026-01-11,2026-05-02,themuse,Computer and IT
0e263bb76974ff26,"Staff, Technical Program Manager",Walmart,"Rogers, AR",AR,,,,False,external,external,Computer and IT,Informatique / Tech,"Position Summary... What you'll do... About Team: At Walmart, we help people save money so they can live better. This mission serves as the foundation for every decision we make, from responsible sourcing to sustainability-and everything in between. As a Walmart associate, you will play an integral role in shaping the future of retail, tech, merchandising, finance, and hundreds of other industries-all while affecting the lives of millions of customers all over the world. Here, your work makes an",https://www.themuse.com/jobs/walmart/staff-technical-program-manager-f33f00,Computer and IT,Senior Level,2025-08-13,2026-05-02,themuse,Computer and IT
f35de1f0636bfead,LEAD ADMINISTRATOR L1(CONTRACT),Wipro,"Pune, India",India,,,,False,external,external,Computer and IT,Informatique / Tech,"City: Pune State/Province: Maharashtra Posting Start Date: 4/8/26 Wipro Limited (NYSE: WIT, BSE: 507685, NSE: WIPRO) is a leading technology services and consulting company focused on building innovative solutions that address clients' most complex digital transformation needs. Leveraging our holistic portfolio of capabilities in consulting, design, engineering, and operations, we help clients realize their boldest ambitions and build future-ready, sustainable businesses. With over 230,000 emplo",https://www.themuse.com/jobs/wipro/lead-administrator-l1contract-fbd24b,Computer and IT,Senior Level,2026-04-18,2026-05-02,themuse,Computer and IT
4785a2bdfa51f75c,PRACTICANTE DE INGENIERIA DE MANUFACTURA,Jabil,"Chihuahua, Mexico",Mexico,,,,False,external,external,Computer and IT,Informatique / Tech,"At Jabil (NYSE: JBL), we are proud to be a trusted partner for the world's top brands, offering comprehensive engineering, supply chain, and manufacturing solutions. With 60 years of experience across industries and a vast network of over 100 sites worldwide, Jabil combines global reach with local expertise to deliver both scalable and customized solutions. Our commitment extends beyond business success as we strive to build sustainable processes that minimize environmental impact and foster vib",https://www.themuse.com/jobs/jabil/practicante-de-ingenieria-de-manufactura-4557dc,Computer and IT,Mid Level,2026-04-07,2026-05-02,themuse,Computer and IT
06335dede6c2e54c,Client Advocate I (Meritain Health),CVS Health,"Baton Rouge, LA",LA,,,,False,external,external,Computer and IT,Informatique / Tech,"At CVS Health, we're building a world of health around every consumer and surrounding ourselves with dedicated colleagues who are passionate about transforming health care.As the nation's leading health solutions company, we reach millions of Americans through our local presence, digital channels and more than 300,000 purpose-driven colleagues - caring for people where, when and how they choose in a way that is uniquely more connected, more convenient and more compassionate. And we do it all wit",https://www.themuse.com/jobs/cvshealth/client-advocate-i-meritain-health-f3bd89,Computer and IT,Mid Level,2025-04-14,2026-05-02,themuse,Computer and IT
c152387be81625bb,Консультант з планування / Planner I (PAAS),Jabil,"Uzhgorod, Ukraine",Ukraine,,,,False,external,external,Computer and IT,Informatique / Tech,"At Jabil (NYSE: JBL), we are proud to be a trusted partner for the world's top brands, offering comprehensive engineering, supply chain, and manufacturing solutions. With 60 years of experience across industries and a vast network of over 100 sites worldwide, Jabil combines global reach with local expertise to deliver both scalable and customized solutions. Our commitment extends beyond business success as we strive to build sustainable processes that minimize environmental impact and foster vib",https://www.themuse.com/jobs/jabil/planner-i-paas-d389c8,Computer and IT,Mid Level,2026-04-29,2026-05-02,themuse,Computer and IT
24bd3da76d2240c4,Project Administrator-Western Division IT,Labcorp,"Seattle, WA",WA,,,,False,external,external,Computer and IT,Informatique / Tech,"Project Administrator Western Division -Work Schedule: 8am-5pm PST with some flexibility The Project Administrator provides high-level operational, coordination, and analytical support to the Senior Leadership Team. This role leads and supports employee-focused initiatives, manages program performance, and serves as a key contributor to Mergers &amp; Acquisitions (M&amp;A) readiness activities. Job Responsibilities 1. Employee Focus Initiatives Serve as the Subject Matter Expert for employee-foc",https://www.themuse.com/jobs/labcorp/project-administratorwestern-division-it,Computer and IT,Mid Level,2026-04-24,2026-05-02,themuse,Computer and IT
e83760f0c82ac9be,Edit Support and Workflow Supervisor,Warner Bros. Discovery,"London, United Kingdom",United Kingdom,,,,False,external,external,Computer and IT,Informatique / Tech,"Welcome to Warner Bros. Discovery... the stuff dreams are made of. Who We Are... When we say, ""the stuff dreams are made of,"" we're not just referring to the world of wizards, dragons and superheroes, or even to the wonders of Planet Earth. Behind WBD's vast portfolio of iconic content and beloved brands, are the storytellers bringing our characters to life, the creators bringing them to your living rooms and the dreamers creating what's next... From brilliant creatives, to technology trailblaze",https://www.themuse.com/jobs/warnerbrosdiscovery/edit-support-and-workflow-supervisor,Computer and IT,Mid Level,2025-04-12,2026-05-02,themuse,Computer and IT
34d8b180d2a9973f,Internal Audit IT Manager,Coinbase,"Atlanta, GA",GA,,,,False,external,external,Computer and IT,Informatique / Tech,"Ready to be pushed beyond what you think you're capable of? At Coinbase, our mission is to increase economic freedom in the world. It's a massive, ambitious opportunity that demands the best of us, every day, as we build the emerging onchain platform - and with it, the future global financial system. To achieve our mission, we're seeking a very specific candidate. We want someone who is passionate about our mission and who believes in the power of crypto and blockchain technology to update the f",https://www.themuse.com/jobs/coinbase/internal-audit-it-manager-be9ae5,Computer and IT,Senior Level,2026-04-18,2026-05-02,themuse,Computer and IT
97302058d0d5b8a5,IT Sales Executive - Managed IT Services/Cybersecurity (Legal Vertical),Konica Minolta Business Solutions,"Chicago, IL",IL,,,,True,external,external,Computer and IT,Informatique / Tech,"Overview All Covered, a Konica Minolta Division, has a great opportunity for an IT Sales Executive! We are looking for someone to help sell our Managed IT Services, Cyber Security/MSSP offerings and our Secure Cloud Solutions into the Legal Vertical. Please note, although this opportunity is remote, you must reside TX or IL OTE: $250-$300K (commission is uncapped) This is a unique opportunity to work with Konica Minolta Business Solutions (KMBS) who was rated by Forbes as Americas Best Employers",https://www.themuse.com/jobs/konicaminoltabusinesssolutions/it-sales-executive-managed-it-servicescybersecurity-legal-vertical,Computer and IT,Senior Level,2026-04-25,2026-05-02,themuse,Computer and IT
76dcec06698ee07c,IT Agile Program Manager - Enterprise & Corporate Systems,Ahold Delhaize USA,"Salisbury, NC",NC,,,,False,external,external,Computer and IT,Informatique / Tech,"Category/Area of Expertise: IT &amp; Technology Job Requisition: 438614 Address: USA-NC-Salisbury-2110 Executive Drive Store Code: Office of CIO - Project Managment (5145438) Ahold Delhaize USA, a division of global food retailer Ahold Delhaize, is part of the U.S. family of brands, which includes five leading omnichannel grocery brands - Food Lion, Giant Food, The GIANT Company, Hannaford and Stop &amp; Shop. Our associates support the brands with a wide range of services, including Finance, Le",https://www.themuse.com/jobs/aholddelhaizeusa/it-agile-program-manager-enterprise-corporate-systems,Computer and IT,Senior Level,2026-02-17,2026-05-02,themuse,Computer and IT
ff7f8159a03fe782,Web Content Manager,Appian,"Atlanta, GA",GA,,,,False,external,external,Computer and IT,Informatique / Tech,"Here at Appian, our values of Intensity and Excellence define who we are. We set high standards and live up to them, ensuring that everything we do is done with care and quality. We approach every challenge with ambition and commitment, holding ourselves and each other accountable to achieve the best results. When you join Appian, you'll be part of a passionate team dedicated to accomplishing hard things, together. Appian is looking for a strategic and detail-oriented Web Content Manager to cont",https://www.themuse.com/jobs/appian/web-content-manager-1745ac,Computer and IT,Senior Level,2026-04-21,2026-05-02,themuse,Computer and IT
284a5328a9938076,IT Sr. Solutions Engineer - CRM Architecture and Configuration,Saint-Gobain,Flexible / Remote,Flexible / Remote,,,,True,external,external,Computer and IT,Informatique / Tech,"Position Description Job Summary The IT Sr. Solution's Engineer will lead the design and configurations of CertainTeed / Saint-Gobain Information Technology and Salesforce.com development initiatives, providing industry best practices around force.com technologies and beyond. This candidate provides a thorough understanding of high-tech innovation force.com technologies, including managed package deployments and configurations for Sales Cloud, Service Cloud, Experience Cloud, Marketing Cloud, an",https://www.themuse.com/jobs/saintgobain/it-sr-solutions-engineer-crm-architecture-and-configuration,Computer and IT,Senior Level,2023-12-18,2026-05-02,themuse,Computer and IT
b19150a4f7fc9837,"Manager, Application IT Support",Experian,Flexible / Remote,Flexible / Remote,,,,True,external,external,Computer and IT,Informatique / Tech,"Company Description Experian is a global data and technology company, powering opportunities for people and businesses around the world. We help to redefine lending practices, uncover and prevent fraud, simplify healthcare, create digital marketing solutions, and gain deeper insights into the automotive market, all using our unique combination of data, analytics and software. We also assist millions of people to realize their financial goals and help them to save time and money. We operate acros",https://www.themuse.com/jobs/experian/manager-application-it-support,Computer and IT,Senior Level,2026-04-07,2026-05-02,themuse,Computer and IT
9612ac971021a4fe,Security Solution Architect,EPAM Systems,"Zestap’oni, Georgia",Georgia,,,,True,external,external,Computer and IT,Informatique / Tech,"We are seeking an experienced and highly skilled Security Solution Architect to drive the design, implementation, and governance of robust security solutions within our organization. In this critical role, you will collaborate with cross-functional teams to deliver secure systems, safeguard data, and champion security best practices across business initiatives. Experience the freedom of remote work from anywhere in Georgia, whether from the comfort of your home, our modern offices in Tbilisi and",https://www.themuse.com/jobs/epamsystems/security-solution-architect-4a0ab0,Computer and IT,Mid Level,2025-03-25,2026-05-02,themuse,Computer and IT
daef058e0822fb83,BAS Technician II,Schneider Electric,"Morrisville, NC",NC,,,,False,external,external,Computer and IT,Informatique / Tech,"Schneider Electric is seeking a Building Automation Specialist II to support HVAC Building Automation System (BAS) start-up, commissioning, troubleshooting, and field engineering activities throughout the Morrisville, NC area. This position requires strong technical experience, excellent communication skills, and a desire to grow into a senior BAS expert. What You Will Do Start up and commission complex HVAC Building Automation Systems , leveraging team members for collaboration, training, and k",https://www.themuse.com/jobs/schneiderelectric/bas-technician-ii-6fae7b,Computer and IT,Mid Level,2026-04-24,2026-05-02,themuse,Computer and IT
8cc99166e65a18b6,Senior IT Security - ORCA,Wipro,"Paris, France",France,,,,False,external,external,Computer and IT,Informatique / Tech,"City: Paris State/Province: Paris Posting Start Date: 4/22/26 Wipro Limited (NYSE: WIT, BSE: 507685, NSE: WIPRO) is a leading technology services and consulting company focused on building innovative solutions that address clients' most complex digital transformation needs. Leveraging our holistic portfolio of capabilities in consulting, design, engineering, and operations, we help clients realize their boldest ambitions and build future-ready, sustainable businesses. With over 230,000 employees",https://www.themuse.com/jobs/wipro/senior-it-security-orca,Computer and IT,Senior Level,2026-04-28,2026-05-02,themuse,Computer and IT
7bdfc60ebd1b0fef,"Security & Compliance EPM, IT Governance & Planning",Apple,"Austin, TX",TX,,,,False,external,external,Computer and IT,Informatique / Tech,"We take the protection of our friends, families, and customers' data very seriously, and we're seeking the next team member to help us address this challenge. As a Security and Compliance EPM you'll use your skills to manage security projects, help us improve security reporting and enhanced accountability models, and provide transparency to our partners and management. Description We're looking for someone who understands cloud computing at scale and can apply vulnerability management principles",https://www.themuse.com/jobs/apple/security-compliance-epm-it-governance-planning-39bbd8,Computer and IT,Senior Level,2026-05-01,2026-05-02,themuse,Computer and IT
959a88668e09f2ed,Product UAT Manager,JPMorgan Chase,"New York, NY",NY,,,,False,external,external,Computer and IT,Informatique / Tech,"The Connected Commerce Payments organization is a motivated, forward-thinking team of highly talented product managers focused on delivering innovative payment services via today's and tomorrow's most important platforms. We aim to transform customer experiences, simplify business processes, and drive product excellence. As a User Acceptance Testing Lead in the Small and Mid-sized Business Payments team, you will play a crucial role in shaping the UAT automation roadmap and owning end-to-end UAT",https://www.themuse.com/jobs/jpmorganchase/product-uat-manager,Computer and IT,Senior Level,2026-04-29,2026-05-02,themuse,Computer and IT
409df68dc8f17e75,EHS Specialist,Jabil,"Grenchen, Switzerland",Switzerland,,,,False,external,external,Computer and IT,Informatique / Tech,"At Jabil (NYSE: JBL), we are proud to be a trusted partner for the world's top brands, offering comprehensive engineering, supply chain, and manufacturing solutions. With 60 years of experience across industries and a vast network of over 100 sites worldwide, Jabil combines global reach with local expertise to deliver both scalable and customized solutions. Our commitment extends beyond business success as we strive to build sustainable processes that minimize environmental impact and foster vib",https://www.themuse.com/jobs/jabil/ehs-specialist-224489,Computer and IT,Mid Level,2026-04-01,2026-05-02,themuse,Computer and IT
0d56aacc6efd999c,"Consulting, Senior Solution Specialist",Deloitte,"Dallas, TX",TX,,,,False,external,external,Computer and IT,Informatique / Tech,"Position Summary Deloitte Consulting LLP seeks a Consulting, Senior Solution Specialist in Dallas, Texas and various unanticipated Deloitte office locations and client sites nationally. Work You'll Do Drive the development of Cloud-based technologies, including data cleansing and conversions, interface design/development, and systems development life cycle. Participate in the delivery of comprehensive network transformation projects; help achieve the most out of existing infrastructure. Enable e",https://www.themuse.com/jobs/deloitte/consulting-senior-solution-specialist-e2d53d,Computer and IT,Senior Level,2025-03-08,2026-05-02,themuse,Computer and IT
583ba0d379cdaca7,IT Technician Intern,City of Philadelphia,"Philadelphia, PA",PA,,,,False,external,external,Computer and IT,Informatique / Tech,"Company Description A best-in-class city that attracts best-in-class talent, Philadelphia is an incredible place to build a career. From our thriving arts scene and rich history to our culture of passion and grit, there are countless reasons to love living and working here. With a workforce of over 30,000 people, and more than 1,000 different job categories, the City of Philadelphia offers boundless opportunities to make an impact. As an employer, the City of Philadelphia values inclusion, integ",https://www.themuse.com/jobs/cityofphiladelphia/it-technician-intern,Computer and IT,Internship,2025-04-04,2026-05-02,themuse,Computer and IT
f9b199026e0b9666,Incident Response Sr. Consultant (Remote),CrowdStrike,Flexible / Remote,Flexible / Remote,,,,True,external,external,Computer and IT,Informatique / Tech,"As a global leader in cybersecurity, CrowdStrike protects the people, processes and technologies that drive modern organizations. Since 2011, our mission hasn't changed - we're here to stop breaches, and we've redefined modern security with the world's most advanced AI-native platform. Our customers span all industries, and they count on CrowdStrike to keep their businesses running, their communities safe and their lives moving forward. We're also a mission-driven company. We cultivate a culture",https://www.themuse.com/jobs/crowdstrike/incident-response-sr-consultant-remote,Computer and IT,Senior Level,2026-04-07,2026-05-02,themuse,Computer and IT
c97122a21e62777c,Salesforce Consultant,IBM,"Banská Bystrica, Slovakia",Slovakia,,,,True,external,external,Computer and IT,Informatique / Tech,Introduction A career in IBM Consulting is rooted by long-term relationships and close collaboration with clients across the globe. You'll work with visionaries across multiple industries to improve the hybrid cloud and AI journey for the most innovative and valuable companies in the world. Your ability to accelerate impact and make meaningful change for your clients is enabled by our strategic partner ecosystem and our robust technology platforms across the IBM portfolio; including Software and,https://www.themuse.com/jobs/ibm/salesforce-consultant-d5963b,Computer and IT,Mid Level,2025-04-12,2026-05-02,themuse,Computer and IT
243da3532befe738,Managing Delivery Architect - SDWAN Delivery Architect,Capgemini,"Dublin, GA",GA,,,,True,external,external,Computer and IT,Informatique / Tech,"Life at Capgemini Capgemini supports all aspects of your well-being throughout the changing stages of your life and career. For eligible employees, we offer: Flexible work Healthcare including dental, vision, mental health, and well-being programs Financial well-being programs such as 401(k) and Employee Share Ownership Plan Paid time off and paid holidays Paid parental leave Family building benefits like adoption assistance, surrogacy, and cryopreservation Social well-being benefits like subsid",https://www.themuse.com/jobs/capgemini/managing-delivery-architect-sdwan-delivery-architect-9895f9,Computer and IT,Senior Level,2024-11-07,2026-05-02,themuse,Computer and IT
33124a10e0e729c7,IT Apprentice,Cornerstone OnDemand,"Guéret, France",France,,,,False,external,external,Computer and IT,Informatique / Tech,"The IT Service Desk Intern supports daily IT operations by assisting with technical support requests, device provisioning, account management, and documentation. This role provides hands-on experience in enterprise IT environments while developing foundational skills in troubleshooting, customer service, and IT service management processes. Key Responsibilities Provide first-level technical support for hardware, software, and access-related issues Assist with onboarding and offboarding processes",https://www.themuse.com/jobs/cornerstoneondemand/it-apprentice-cfd282,Computer and IT,Mid Level,2026-05-01,2026-05-02,themuse,Computer and IT
fc6ad2ca2f10f343,"Senior Manager, App Review",Apple,"Sunnyvale, CA",CA,,,,False,external,external,Computer and IT,Informatique / Tech,"Apps are changing the world and enriching people's lives, driven by developers dedicated to creating extraordinary experiences that delight customers. Apple's Worldwide Developer Relations team (WWDR) provides the services, resources and guidance that empowers the world's most dynamic developer community to push the boundaries of innovation and bring the next big app ideas to Apple's platforms for customers worldwide. WWDR also offers programs to help developers connect with experts, learn about",https://www.themuse.com/jobs/apple/senior-manager-app-review-eaa382,Computer and IT,Senior Level,2026-05-01,2026-05-02,themuse,Computer and IT
68bca7f2d6bd5cfb,Técnico(a) de Diagnóstico Sr.,Jabil,"Guadalajara, Mexico",Mexico,,,,False,external,external,Computer and IT,Informatique / Tech,"At Jabil (NYSE: JBL), we are proud to be a trusted partner for the world's top brands, offering comprehensive engineering, supply chain, and manufacturing solutions. With 60 years of experience across industries and a vast network of over 100 sites worldwide, Jabil combines global reach with local expertise to deliver both scalable and customized solutions. Our commitment extends beyond business success as we strive to build sustainable processes that minimize environmental impact and foster vib",https://www.themuse.com/jobs/jabil/tecnicoa-de-diagnostico-sr-0b985b,Computer and IT,Senior Level,2026-04-28,2026-05-02,themuse,Computer and IT
54743dd4cc2e82f5,Młodszy Technik Budowy Maszyn (k/m),Jabil,"Kwidzyn, Poland",Poland,,,,False,external,external,Computer and IT,Informatique / Tech,"At Jabil (NYSE: JBL), we are proud to be a trusted partner for the world's top brands, offering comprehensive engineering, supply chain, and manufacturing solutions. With 60 years of experience across industries and a vast network of over 100 sites worldwide, Jabil combines global reach with local expertise to deliver both scalable and customized solutions. Our commitment extends beyond business success as we strive to build sustainable processes that minimize environmental impact and foster vib",https://www.themuse.com/jobs/jabil/modszy-technik-budowy-maszyn-km-3b97c3,Computer and IT,Mid Level,2026-04-29,2026-05-02,themuse,Computer and IT
c7d3c54e5634a81d,Assembler II (404 shift),Jabil,"Florence, KY",KY,,,,False,external,external,Computer and IT,Informatique / Tech,"At Jabil (NYSE: JBL), we are proud to be a trusted partner for the world's top brands, offering comprehensive engineering, supply chain, and manufacturing solutions. With 60 years of experience across industries and a vast network of over 100 sites worldwide, Jabil combines global reach with local expertise to deliver both scalable and customized solutions. Our commitment extends beyond business success as we strive to build sustainable processes that minimize environmental impact and foster vib",https://www.themuse.com/jobs/jabil/assembler-ii-404-shift,Computer and IT,Mid Level,2026-04-25,2026-05-02,themuse,Computer and IT
41aa274f501631cc,Vulnerability Management Engineer,Leidos,Flexible / Remote,Flexible / Remote,,,,True,external,external,Computer and IT,Informatique / Tech,"Description The Vulnerability Management Engineer- Mid supports SEC ISS contract objectives by identifying, prioritizing, and driving remediation of security vulnerabilities across enterprise infrastructure and cloud-connected environments. This role strengthens SEC risk posture by aligning vulnerability management activities with NIST and FISMA requirements, including support for audit readiness and continuous monitoring outcomes. The engineer works across operations, engineering, and system ow",https://www.themuse.com/jobs/leidos/vulnerability-management-engineer-a04f81,Computer and IT,Mid Level,2026-04-24,2026-05-02,themuse,Computer and IT
87d8b50ee96b6938,IT Security Analsyt,DTCC,"Coppell, TX",TX,,,,False,external,external,Computer and IT,Informatique / Tech,"Job Description Are you ready to make an impact at DTCC? Do you want to work on innovative projects, collaborate with a dynamic and supportive team, and receive investment in your professional development? At DTCC, we are at the forefront of innovation in the financial markets. We are committed to helping our employees grow and succeed. We believe that you have the skills and drive to make a real impact. We foster a thriving internal community and are committed to creating a workplace that looks",https://www.themuse.com/jobs/dtcc/it-security-analsyt,Computer and IT,Mid Level,2026-04-25,2026-05-02,themuse,Computer and IT
8f30a00c38996f91,"Sr Program Manager, Commerce Program Management - Partners, Apple Services Engineering",Apple,"New York, NY",NY,,,,False,external,external,Computer and IT,Informatique / Tech,"Apple Services Engineering is one of the most exciting examples of Apple's long-held passion for combining art and technology. These are the people who power the App Store, Apple TV, Apple Music, Apple Podcasts, and much more. And they do it on a massive scale, meeting Apple's high expectations with high performance to deliver a huge variety of entertainment in over 35 languages to more than 170 countries. As a Senior Program Manager on the commerce platform team, you'll sit at the intersection ",https://www.themuse.com/jobs/apple/sr-program-manager-commerce-program-management-partners-apple-services-engineering-4af3f9,Computer and IT,Senior Level,2026-05-01,2026-05-02,themuse,Computer and IT
8cc46af7036abd54,Process Quality Inspector,Hitachi Energy,"Jackson, MS",MS,,,,False,external,external,Computer and IT,Informatique / Tech,Executes attentively inspection protocols based on the established processes and needs from the production. Reports all the findings and results in the Operating Unit's ERP system. Perform labeling of all components and sub-assemblies with an identification tag if components are compliant through inspection. Restrain the components and semi-finished products at the dedicated area when fails the inspection and initiate the non-conformance management process to report the issue to the relevant sta,https://www.themuse.com/jobs/hitachienergy/process-quality-inspector-c9e90a,Computer and IT,Mid Level,2026-04-28,2026-05-02,themuse,Computer and IT
75162a5acc1efc87,Graduate Apprentice Trainee,Jabil,"Pune, India",India,,,,False,external,external,Computer and IT,Informatique / Tech,"At Jabil (NYSE: JBL), we are proud to be a trusted partner for the world's top brands, offering comprehensive engineering, supply chain, and manufacturing solutions. With 60 years of experience across industries and a vast network of over 100 sites worldwide, Jabil combines global reach with local expertise to deliver both scalable and customized solutions. Our commitment extends beyond business success as we strive to build sustainable processes that minimize environmental impact and foster vib",https://www.themuse.com/jobs/jabil/graduate-apprentice-trainee-8e4355,Computer and IT,Mid Level,2026-04-29,2026-05-02,themuse,Computer and IT
205fdd8d126ce019,Real-Time Computer Vision Architect,Apple,"Sunnyvale, CA",CA,,,,False,external,external,Computer and IT,Informatique / Tech,"The Video Computer Vision and Video Engineering teams are centralized applied research and engineering organizations responsible for developing real-time on-device Computer Vision, Machine Perception and Image Quality, technologies across Apple products. We balance research and product to deliver Apple quality, groundbreaking experiences, innovating through the full stack, and partnering with HW and SW teams to influence SW architecture, sensors, silicon, PD/ID roadmaps that brings our vision to",https://www.themuse.com/jobs/apple/realtime-computer-vision-architect-af1054,Computer and IT,Senior Level,2026-05-01,2026-05-02,themuse,Computer and IT
b335c708da9f7d54,Ingeniero de Automatizacion II,Jabil,"Tijuana, Mexico",Mexico,,,,False,external,external,Computer and IT,Informatique / Tech,"At Jabil (NYSE: JBL), we are proud to be a trusted partner for the world's top brands, offering comprehensive engineering, supply chain, and manufacturing solutions. With 60 years of experience across industries and a vast network of over 100 sites worldwide, Jabil combines global reach with local expertise to deliver both scalable and customized solutions. Our commitment extends beyond business success as we strive to build sustainable processes that minimize environmental impact and foster vib",https://www.themuse.com/jobs/jabil/ingeniero-de-automatizacion-ii,Computer and IT,Senior Level,2026-04-28,2026-05-02,themuse,Computer and IT
0e4ca5b6902c1dda,Program Manager - Robotics & Computer Vision,GE Vernova,"Schenectady, NY",NY,,,,False,external,external,Computer and IT,Informatique / Tech,"Job Description Summary Lead the cross functional team to deliver on all program(s) deliverables within the terms and conditions of the contract and business case. Impacts approaches, projects and programs in the functional area or affected business organization and ways of working. Impacts quality, efficiency and effectiveness of own team. Guided by commercial practices and policies that may be shaped by the role. Has significant control/influence over commercial priorities. There is moderate a",https://www.themuse.com/jobs/gevernova/program-manager-robotics-computer-vision-d65af8,Computer and IT,Senior Level,2026-04-29,2026-05-02,themuse,Computer and IT
276098b3fc6b42ec,Automation Technician II - Nights - B Shift,Jabil,"Asheville, NC",NC,,,,False,external,external,Computer and IT,Informatique / Tech,"At Jabil (NYSE: JBL), we are proud to be a trusted partner for the world's top brands, offering comprehensive engineering, supply chain, and manufacturing solutions. With 60 years of experience across industries and a vast network of over 100 sites worldwide, Jabil combines global reach with local expertise to deliver both scalable and customized solutions. Our commitment extends beyond business success as we strive to build sustainable processes that minimize environmental impact and foster vib",https://www.themuse.com/jobs/jabil/automation-technician-ii-nights-b-shift,Computer and IT,Senior Level,2026-04-08,2026-05-02,themuse,Computer and IT
936aed59b8c195de,IT Operating Model Expert,Hitachi Energy,"Bratislava, Slovakia",Slovakia,,,,False,external,external,Computer and IT,Informatique / Tech,"The opportunity Define, maintain, and continuously improve the IT Operating Model to ensure efficient governance, optimized processes, and alignment between IT capabilities and business strategy. How you will make an impact: Define, maintain, and improve the IT Operating Model, including OM artefacts - roles, RACI, process landscape, and governance structures. Analyzing IT operations, structures, procedures and processes to improve IT organization's effectiveness and IT operating model. Ensure a",https://www.themuse.com/jobs/hitachienergy/it-operating-model-expert-1f0ab8,Computer and IT,Senior Level,2026-04-10,2026-05-02,themuse,Computer and IT
e60cb2371f6f4bbb,CRM Developer+ Project Operations,Wipro,"Bangalore, India",India,,,,False,external,external,Computer and IT,Informatique / Tech,"City: Bengaluru State/Province: Karnataka Posting Start Date: 2/3/26 Wipro Limited (NYSE: WIT, BSE: 507685, NSE: WIPRO) is a leading technology services and consulting company focused on building innovative solutions that address clients' most complex digital transformation needs. Leveraging our holistic portfolio of capabilities in consulting, design, engineering, and operations, we help clients realize their boldest ambitions and build future-ready, sustainable businesses. With over 230,000 em",https://www.themuse.com/jobs/wipro/crm-developer-project-operations,Computer and IT,Senior Level,2026-04-26,2026-05-02,themuse,Computer and IT
c8952dbe15ebc240,IT Developer III (Mainframe),TD Bank,"London, Canada",Canada,,,,False,external,external,Computer and IT,Informatique / Tech,"Work Location: London, Ontario, Canada Hours: 37.5 Line of Business: Technology Solutions Pay Details: $69,700 - $98,400 CAD This role is eligible for a discretionary variable compensation award that considers business and individual performance. TD is committed to providing fair and equitable compensation opportunities to all colleagues. Growth opportunities and skill development are defining features of the colleague experience at TD. Our compensation policies and practices have been designed ",https://www.themuse.com/jobs/tdbank/it-developer-iii-mainframe,Computer and IT,Senior Level,2026-04-16,2026-05-02,themuse,Computer and IT
68c1659848abdbd4,IT Divisional Risk Advisor,Vanguard,"Malvern, PA",PA,,,,False,external,external,Computer and IT,Informatique / Tech,"Global Risk and Security (GR&amp;S) at Vanguard enables business strategy, protects client and Vanguard interests (e.g., assets and data), and stewards a strong risk culture. Our teams leverage enterprise-wide insights, deep expertise, and trusted advice so that across Vanguard leaders and crew drive faster, stronger, risk-informed decisions. In this role you will partner with senior technology leaders to make risk-smart decisions that balance the needs of our businesses and protect our client a",https://www.themuse.com/jobs/vanguard/it-divisional-risk-advisor,Computer and IT,Mid Level,2025-05-20,2026-05-02,themuse,Computer and IT
c6ce457b8aed5ef9,Solution Architect for a Pharmaceutical Company,EPAM Systems,"Río Grande, Mexico",Mexico,,,,True,external,external,Computer and IT,Informatique / Tech,We are looking for a remote Solution Architect with 5+ years of experience in Enterprise level analytical data solutions to join our team. The customer is one of the largest multinational pharmaceutical and life sciences companies. The main pool of tasks is associated with the development of a new analytical system. #LI-DNI #EasyApply Responsibilities Defining Architecture and technical roadmap for the solution Communicate with customer on the major quality attributes Align architecture with cus,https://www.themuse.com/jobs/epamsystems/solution-architect-for-a-pharmaceutical-company,Computer and IT,Senior Level,2025-02-12,2026-05-02,themuse,Computer and IT
59e49ff7c0604d1d,"Senior Manager, Oracle Cloud Technical Lead",PwC,N/A,N/A,,,,False,external,external,Computer and IT,Informatique / Tech,"At PwC, our people in business application consulting specialise in consulting services for a variety of business applications, helping clients optimise operational efficiency. These individuals analyse client needs, implement software solutions, and provide training and support for seamless integration and utilisation of business applications, enabling clients to achieve their strategic objectives. Those in Oracle technology at PwC will focus on utilising and managing Oracle suite of software a",https://www.themuse.com/jobs/pwc/senior-manager-oracle-cloud-technical-lead,Computer and IT,Senior Level,2026-05-01,2026-05-02,themuse,Computer and IT
106070291db77a36,Snowflake Architect,Infosys,"Hartford, CT",CT,,,,False,external,external,Computer and IT,Informatique / Tech,"In the assigned Job Role of Architecture Consultant 2, your Area Of Responsibility will be as below: ⦁ Participate in customer discussions to gather and analyze system requirements for performance, security and scalability. ⦁ Provide suggestions on solution architecture, contribute to tech framework development, support enterprise architecture definition, and drive design creation ⦁ Identify suitable technologies and tools available in the market, and perform a comparative analysis in line with ",https://www.themuse.com/jobs/infosys/snowflake-architect,Computer and IT,Mid Level,2026-04-09,2026-05-02,themuse,Computer and IT
50ac8772444d44dd,IT Senior Compensation Analyst,KeepTruckin,United States,United States,,,,False,external,external,Computer and IT,Informatique / Tech,"Who We Are KeepTruckin builds technology using the latest advancements in AI and computer vision to improve the safety and efficiency of businesses with vehicles. Over one million drivers and 100,000 companies across every industry trust KeepTruckin’s integrated platform to power their operations, prevent accidents and reduce costs. At KeepTruckin, we see our hard work rewarded in tangible ways every day, and we believe that intelligence is most powerful when paired with humility. We’re motivate",https://www.themuse.com/jobs/keeptruckin/it-senior-compensation-analyst,Computer and IT,Senior Level,2024-11-01,2026-05-02,themuse,Computer and IT
3526b0e68ffde7e4,Banking & Partner Operations Manager,Bond,Flexible / Remote,Flexible / Remote,,,,True,external,external,Computer and IT,Informatique / Tech,"Founded in 2019, Bond's mission is to accelerate the pace of financial innovation and access to capital. Bond is now part of Fortune 500 financial technology company FIS (NYSE:FIS). It's challenging for most businesses to build and offer engaging financial services products to their customers. Whether that's launching a new credit or debit card, a savings account, a lending business, or anything else — there are technical and operational barriers in the way. Bond is a modern embedded finance pla",https://www.themuse.com/jobs/bond/banking-partner-operations-manager,Computer and IT,Senior Level,2024-07-24,2026-05-02,themuse,Computer and IT
982c6f52c8c34191,Oracle CX (Fusion Service Cloud) Principal Consultant,Infosys,"Hartford, CT",CT,,,,False,external,external,Computer and IT,Informatique / Tech,"Infosys is seeking an Oracle CX (Fusion Service Cloud) Principal Consultant with experience in implementation of Oracle Fusion Service Cloud, Service Logisticsand related modules and technologies. The ideal candidate will possess in-depth expertise in Oracle Fusion Service and Oracle Service Logistics Cloud, complemented by a broad understanding of Oracle Order Management Cloud, Oracle Inventory Cloud, and Oracle Maintenance Cloud. This role will require leading implementations and contributing ",https://www.themuse.com/jobs/infosys/oracle-cx-fusion-service-cloud-principal-consultant,Computer and IT,Senior Level,2026-04-08,2026-05-02,themuse,Computer and IT
51ebc8239d3c8e94,Senior Analyst - Sales Enablement & Business Transformation,Mastercard,"Gurgaon, India",India,,,,False,external,external,Computer and IT,Informatique / Tech,"Our Purpose Mastercard powers economies and empowers people in 200+ countries and territories worldwide. Together with our customers, we're helping build a sustainable economy where everyone can prosper. We support a wide range of digital payments choices, making transactions secure, simple, smart and accessible. Our technology and innovation, partnerships and networks combine to deliver a unique set of products and services that help people, businesses and governments realize their greatest pot",https://www.themuse.com/jobs/mastercard/senior-analyst-sales-enablement-business-transformation,Computer and IT,Senior Level,2025-09-05,2026-05-02,themuse,Computer and IT
ae66bbd59d9ca848,NPI Server PM,Wipro,"Taipei, Taiwan",Taiwan,,,,False,external,external,Computer and IT,Informatique / Tech,"City: Taipei State/Province: Taiwan Prov. Posting Start Date: 3/30/26 Wipro Limited (NYSE: WIT, BSE: 507685, NSE: WIPRO) is a leading technology services and consulting company focused on building innovative solutions that address clients' most complex digital transformation needs. Leveraging our holistic portfolio of capabilities in consulting, design, engineering, and operations, we help clients realize their boldest ambitions and build future-ready, sustainable businesses. With over 230,000 e",https://www.themuse.com/jobs/wipro/npi-server-pm-40cf19,Computer and IT,Senior Level,2026-04-14,2026-05-02,themuse,Computer and IT
b40805d06a256e56,Lead Cyber & IT Auditor,Spectrum,"Charlotte, NC",NC,,,,False,external,external,Computer and IT,Informatique / Tech,"This role requires the ability to work lawfully in the U.S. without employment-based immigration sponsorship, now or in the future. Are you ready to execute high-quality audits and manage risks over IT infrastructure, applications, and processes? As a Lead Cyber &amp; IT Auditor at Spectrum, you will deliver top-tier internal audit results under the guidance of IT Audit Managers and Directors. Your key focus will include planning and performing IT risk assessments, developing test plans to evalu",https://www.themuse.com/jobs/spectrum/lead-cyber-it-auditor-1a759a,Computer and IT,Senior Level,2026-04-16,2026-05-02,themuse,Computer and IT
5ed2436c95ae3f6a,Senior Lead MF Storage Support,Kyndryl,Flexible / Remote,Flexible / Remote,,,,True,external,external,Computer and IT,Informatique / Tech,"Who We Are At Kyndryl, we design, build, manage and modernize the mission-critical technology systems that the world depends on every day. So why work at Kyndryl? We are always moving forward - always pushing ourselves to go further in our efforts to build a more equitable, inclusive world for our employees, our customers and our communities. The Role As a System Administrator at Kyndryl, you'll solve complex problems and identify potential future issues across the spectrum of platforms and serv",https://www.themuse.com/jobs/kyndryl/senior-lead-mf-storage-support-5a296a,Computer and IT,Senior Level,2025-03-25,2026-05-02,themuse,Computer and IT
b43e9a796c728108,IT Operation: PMO,Wipro,"Mumbai, India",India,,,,False,external,external,Computer and IT,Informatique / Tech,"City: Mumbai State/Province: Maharashtra Posting Start Date: 9/12/25 Wipro Limited (NYSE: WIT, BSE: 507685, NSE: WIPRO) is a leading technology services and consulting company focused on building innovative solutions that address clients' most complex digital transformation needs. Leveraging our holistic portfolio of capabilities in consulting, design, engineering, and operations, we help clients realize their boldest ambitions and build future-ready, sustainable businesses. With over 230,000 em",https://www.themuse.com/jobs/wipro/it-operation-pmo-2fc484,Computer and IT,Senior Level,2026-03-13,2026-05-02,themuse,Computer and IT
5c2b782c16336259,Alternance - Responsable Clientèle Revendeurs IT - Rueil-Malmaison - F/H,Schneider Electric,"Puteaux, France",France,,,,False,external,external,Computer and IT,Informatique / Tech,"Contexte : Rejoignez l'équipe de Secure Power France, qui commercialise des produits d'alimentation sécurisée (onduleurs, baies informatiques, logiciels) pour les besoins informatiques IT afin d'accompagner les petites et moyennes structures dans leurs projets de conception et de rénovation IT. Vous serez au cœur d'une entité commerciale pour comprendre rapidement comment piloter le commerce et les ventes. Missions : Recruter, entretenir et dynamiser la relation avec les partenaires ciblés Promo",https://www.themuse.com/jobs/schneiderelectric/alternance-responsable-clientele-revendeurs-it-rueilmalmaison-fh,Computer and IT,Mid Level,2026-04-24,2026-05-02,themuse,Computer and IT
997269ef7193f0c9,IT Technical Analyst - Senior (WMS),Cummins,"Pune, India",India,,,,False,external,external,Computer and IT,Informatique / Tech,"DESCRIPTION Job Summary: Provides application or infrastructure technical expertise, analysis and specifications for IT systems to meet business requirements in accordance with IT architecture policies and standards; translate requirements into technical specifications, create detailed solution design, coordinate construction, installation, configuration and testing of IT systems; and identifies, troubleshoots and resolves system technical issues. Key Responsibilities: Assists in creating and ma",https://www.themuse.com/jobs/cummins/it-technical-analyst-senior-wms,Computer and IT,Senior Level,2026-04-28,2026-05-02,themuse,Computer and IT
dd9d31d721da5e99,R-00173461 Attack Sensing & Warning Analyst (AS&W Analyst),Leidos,"Ashburn, VA",VA,,,,False,external,external,Computer and IT,Informatique / Tech,"Description The U.S. Department of Homeland Security (DHS), Customs and Border Protection (CBP) Security Operations Center (SOC) is a U.S. Government program responsible to prevent, identify, contain and eradicate cyber threats to CBP networks through monitoring, intrusion detection and protective security services to CBP information systems including local area networks/wide area networks (LAN/WAN), commercial Internet connection, public facing websites, wireless, mobile/cellular, cloud, securi",https://www.themuse.com/jobs/leidos/r00173461-attack-sensing-warning-analyst-asw-analyst,Computer and IT,Senior Level,2026-03-05,2026-05-02,themuse,Computer and IT
05d0f8b1ab0041c9,"Principal Consultant- Oracle Financials Cloud, Sharjah",Infosys,"Sharjah, United Arab Emirates",United Arab Emirates,,,,False,external,external,Computer and IT,Informatique / Tech,"Role - Principal Consultant Technology - Oracle Financials Cloud Location - Sharjah, UAE Business Unit - EAS - Oracle Compensation - Competitive (including bonus) Job Description, Role Infosys is seeking a Principal Consultant/ Solution lead with Oracle Financial Cloud implementation experience. As a Principal Consultant, you will be an expert contributing to different phases of the consulting lifecycle. You will be intensely involved in business process consulting; you will define the problem, ",https://www.themuse.com/jobs/infosys/principal-consultant-oracle-financials-cloud-sharjah,Computer and IT,Senior Level,2026-04-16,2026-05-02,themuse,Computer and IT
52c2d9edfa3efc67,Senior / Lead Functional Consultant with Power Apps,EPAM Systems,"Podgorica, Montenegro",Montenegro,,,,True,external,external,Computer and IT,Informatique / Tech,"We are looking for a driven Senior / Lead Functional Consultant speaking Power Apps. In this role, you'll contribute significantly to deploying Power Apps solutions and facilitating smooth migration to Microsoft Cloud for our clients. Feel free to work remotely from anywhere across Montenegro or connect with colleagues at our Herceg-Novi and Podgorica offices. #LI-DNI #Power-Apps-9 #LI-NS18 Responsibilities Develop and implement a comprehensive migration strategy for transitioning to the Microso",https://www.themuse.com/jobs/epamsystems/senior-lead-functional-consultant-with-power-apps-a44b1f,Computer and IT,Senior Level,2024-11-06,2026-05-02,themuse,Computer and IT
3b405faa20aa4ba8,Digital Architect,Apple,"Austin, TX",TX,,,,False,external,external,Computer and IT,Informatique / Tech,"Design, develop, and launch next-generation Touch Technologies in Apple products. The Touch Technology team develops cutting-edge Touch solutions and technologies that are central to Apple's products, including the iPhone, iPad, MacBooks, and more. The key goal of the Touch Technology team is to enable the world's best multi-touch user-experience. The team features a collaborative and hands-on environment that fosters engineering excellence, creativity, and innovation. The ASIC Digital architect",https://www.themuse.com/jobs/apple/digital-architect-63e930,Computer and IT,Senior Level,2026-05-01,2026-05-02,themuse,Computer and IT
3c4062b725360a3f,Administrator - L3,Wipro,"Mumbai, India",India,,,,False,external,external,Computer and IT,Informatique / Tech,"City: Mumbai State/Province: Maharashtra Posting Start Date: 8/1/25 Wipro Limited (NYSE: WIT, BSE: 507685, NSE: WIPRO) is a leading technology services and consulting company focused on building innovative solutions that address clients' most complex digital transformation needs. Leveraging our holistic portfolio of capabilities in consulting, design, engineering, and operations, we help clients realize their boldest ambitions and build future-ready, sustainable businesses. With over 230,000 emp",https://www.themuse.com/jobs/wipro/administrator-l3-d09f2b,Computer and IT,Senior Level,2026-03-03,2026-05-02,themuse,Computer and IT
e9b48281aa19285c,Senior MuleSoft Developer,EPAM Systems,"Río Grande, Mexico",Mexico,,,,False,external,external,Computer and IT,Informatique / Tech,"We are seeking an experienced Senior MuleSoft Developer to join our team. In this position, you will play a key role in optimizing data integration workflows and improving the scalability and efficiency of solutions built on the MuleSoft platform. #LI-DNI Responsibilities Collaborate with a team of 6-10 members and coordinate with external partners to deliver MuleSoft development projects Participate in regular meetings with client managers and internal teams to discuss project plans and updates",https://www.themuse.com/jobs/epamsystems/senior-mulesoft-developer-ae2fb0,Computer and IT,Senior Level,2025-04-06,2026-05-02,themuse,Computer and IT
71a8184e06ebcb94,Cybersecurity Escalation Response Manager,Charles Schwab,"Phoenix, AZ",AZ,,,,False,external,external,Computer and IT,Informatique / Tech,"Pay range: USD $120,000.00 - $160,000.00 / Year Your opportunity At Schwab, you're empowered to make an impact on your career. Here, innovative thought meets creative problem solving, helping us ""challenge the status quo"" and transform the finance industry together. We believe in the importance of in-office collaboration and fully intend for the selected candidate for this role to work on site in the specified location(s). Seeking an Individual Contributor in Digital Forensics and Incident Respo",https://www.themuse.com/jobs/charlesschwab/cybersecurity-escalation-response-manager,Computer and IT,Senior Level,2026-04-30,2026-05-02,themuse,Computer and IT
86c2c1f6815cf7ef,Technical Architect,Workato,"Tel Aviv, Israel",Israel,,,,False,external,external,Computer and IT,Informatique / Tech,"About Workato Workato delivers enterprise infrastructure for the agentic era, redefining iPaaS and helping enterprises unify data, applications, processes, and AI into a single, governed platform. A leader in Enterprise MCP and trusted by 50% of the Fortune 500, Workato's cloud-native architecture connects every application, data source, and process to power real-time orchestration at scale. With enterprise-grade security and continuous innovation at its core, Workato provides the trusted founda",https://www.themuse.com/jobs/workato/technical-architect-bf2487,Computer and IT,Senior Level,2026-04-23,2026-05-02,themuse,Computer and IT
0dd21bf5174bc277,CAD Designer III,Jabil,"Kampung Sungai Ara, Malaysia",Malaysia,,,,False,external,external,Computer and IT,Informatique / Tech,"At Jabil (NYSE: JBL), we are proud to be a trusted partner for the world's top brands, offering comprehensive engineering, supply chain, and manufacturing solutions. With 60 years of experience across industries and a vast network of over 100 sites worldwide, Jabil combines global reach with local expertise to deliver both scalable and customized solutions. Our commitment extends beyond business success as we strive to build sustainable processes that minimize environmental impact and foster vib",https://www.themuse.com/jobs/jabil/cad-designer-iii,Computer and IT,Mid Level,2026-04-24,2026-05-02,themuse,Computer and IT
f50c5b9145ce34ae,"IT Analyst, Business",Warner Bros. Discovery,"Mexico City, Mexico",Mexico,,,,False,external,external,Computer and IT,Informatique / Tech,"Welcome to Warner Bros. Discovery... the stuff dreams are made of. Who We Are... When we say, ""the stuff dreams are made of,"" we're not just referring to the world of wizards, dragons and superheroes, or even to the wonders of Planet Earth. Behind WBD's vast portfolio of iconic content and beloved brands, are the storytellers bringing our characters to life, the creators bringing them to your living rooms and the dreamers creating what's next... From brilliant creatives, to technology trailblaze",https://www.themuse.com/jobs/warnerbrosdiscovery/it-analyst-business-2ea198,Computer and IT,Mid Level,2026-04-11,2026-05-02,themuse,Computer and IT
2f7a4d3cfe49a75f,Senior VAT Analyst,Leidos,"Arlington, VA",VA,,,,False,external,external,Computer and IT,Informatique / Tech,"Description Leidos has an immediate need for an experienced Vulnerability Assessor for a new customer on a highly-visible and strategic Cybersecurity Task Order. The VAT Analyst will need to be a self-starter with excellent analytical and problem-solving skills, flexibility, good judgment, and the ability to work within a team to stand up and mature the cybersecurity capabilities of our customer. Primary Responsibilities: Develop and execute vulnerability/compliance scans through Nessus SC inter",https://www.themuse.com/jobs/leidos/senior-vat-analyst-cb7fa6,Computer and IT,Senior Level,2026-04-28,2026-05-02,themuse,Computer and IT
bdc070f3c8b0a2d6,Staff Computer Systems Analyst - L5,Northrop Grumman,"Linthicum Heights, MD",MD,,,,False,external,external,Computer and IT,Informatique / Tech,"RELOCATION ASSISTANCE: Relocation assistance may be availableCLEARANCE REQUIRED FOR START: YesCLEARANCE TYPE: Top SecretTRAVEL: Yes, 10% of the Time Description At Northrop Grumman, our employees have incredible opportunities to work on revolutionary systems that impact people's lives around the world today, and for generations to come. Our pioneering and inventive spirit has enabled us to be at the forefront of many technological advancements in our nation's history - from the first flight acro",https://www.themuse.com/jobs/northropgrumman/staff-computer-systems-analyst-l5,Computer and IT,Senior Level,2026-05-01,2026-05-02,themuse,Computer and IT
6b8e60ef7dceee1e,Technology Analyst - IT Services,Infosys,"Kuala Lumpur, Malaysia",Malaysia,,,,False,external,external,Computer and IT,Informatique / Tech,"About the role Join INFOSYS LIMITED' as a full-time Technology Analyst based in Selangor. In this role, you will be providing high-quality, timely and cost-effective IT support and services to our clients. The role involves troubleshooting technical issues, implementing new technologies and processes, and ensuring the smooth operation of our clients' IT infrastructure. What you'll be doing Job Scope: Responsible for maintaining, supporting, and troubleshooting an organization's core IT infrastru",https://www.themuse.com/jobs/infosys/technology-analyst-it-services-766000,Computer and IT,Senior Level,2026-04-19,2026-05-02,themuse,Computer and IT
b1430da32de1f122,"Consultant, Advisors & Consulting Services, Strategy & Transformation",Mastercard,"Buenos Aires, Argentina",Argentina,,,,False,external,external,Computer and IT,Informatique / Tech,"Our Purpose Mastercard powers economies and empowers people in 200+ countries and territories worldwide. Together with our customers, we're helping build a sustainable economy where everyone can prosper. We support a wide range of digital payments choices, making transactions secure, simple, smart and accessible. Our technology and innovation, partnerships and networks combine to deliver a unique set of products and services that help people, businesses and governments realize their greatest pot",https://www.themuse.com/jobs/mastercard/consultant-advisors-consulting-services-strategy-transformation-7be5c5,Computer and IT,Senior Level,2025-08-09,2026-05-02,themuse,Computer and IT
aeea2d09a7da1909,IT Applications Analyst,Cummins,"Pune, India",India,,,,False,external,external,Computer and IT,Informatique / Tech,DESCRIPTION Key Responsibilities: Assist in the analysis and evaluation of application functionality. Document recommendations to increase utilization of standard application functionality to improve business processes and capabilities. Contribute to the determination and documentation of optimum application setup and configuration to meet functional requirements and specifications. Configure and verify application setup and configuration. Develop expertise in emerging application and solution t,https://www.themuse.com/jobs/cummins/it-applications-analyst-e754f0,Computer and IT,Mid Level,2025-04-04,2026-05-02,themuse,Computer and IT
2409b5a98ae836db,CheckPoint Firewalls & VPN,Wipro,"Chennai, India",India,,,,False,external,external,Computer and IT,Informatique / Tech,"City: Chennai State/Province: Tamil Nadu Posting Start Date: 4/13/26 Wipro Limited (NYSE: WIT, BSE: 507685, NSE: WIPRO) is a leading technology services and consulting company focused on building innovative solutions that address clients' most complex digital transformation needs. Leveraging our holistic portfolio of capabilities in consulting, design, engineering, and operations, we help clients realize their boldest ambitions and build future-ready, sustainable businesses. With over 230,000 em",https://www.themuse.com/jobs/wipro/checkpoint-firewalls-vpn,Computer and IT,Senior Level,2026-04-23,2026-05-02,themuse,Computer and IT
40b9b3e59c1ebc95,Electrician I - Florida Department of Children & Family Services,Aramark,"Tallahassee, FL",FL,,,,False,external,external,Computer and IT,Informatique / Tech,"Job Description The Electrician executes projects and work orders by installing, maintaining, testing, troubleshooting, and repairing electrical equipment. Essential functions and responsibilities of the position may vary by Aramark location based on client requirements and business needs. Job Responsibilities The Electrician executes the timely and correct performance of scheduled assignments, work requests and projects. Maintains a friendly, efficient, and positive customer service attitude to",https://www.themuse.com/jobs/aramark/electrician-i-florida-department-of-children-family-services-94390e,Computer and IT,Mid Level,2025-07-28,2026-05-02,themuse,Computer and IT
be1a0023f6779ef4,Business Systems Developer,Schneider Electric,"Indang, Philippines",Philippines,,,,False,external,external,Data and Analytics,Informatique / Tech,"Business Systems Developer Job Summary The Business Systems Developer will play a key role in designing, developing, and supporting data-driven applications and analytics platforms. This role focuses on building reusable data objects, scalable data pipelines, report queries, and automated workflows, as well as transforming data for operational and analytical use. The ideal candidate has strong hands-on experience in application support, data engineering concepts, and collaborating with cross-fun",https://www.themuse.com/jobs/schneiderelectric/business-systems-developer,Data and Analytics,Senior Level,2026-04-24,2026-05-02,themuse,Data and Analytics
b3517f0de70e7ed6,Senior Data Engineer,Fisher Investments,"Camas, WA",WA,,,,False,external,external,Data and Analytics,Informatique / Tech,"Overview It's an exciting time to be a member of the Fisher Investments Technology Department. We're investing in the future of our firm's technology and are building our team to achieve global growth. We are looking for a Senior Data Engineer to support our Enterprise Data Management team. If you are looking for an opportunity to make a difference as we develop scalable and strategic solutions to support our global growth, we want to hear from you! The Opportunity: As the Senior Data Engineer, ",https://www.themuse.com/jobs/fisherinvestments/senior-data-engineer-cbe4a3,Data and Analytics,Senior Level,2025-03-05,2026-05-02,themuse,Data and Analytics
d9e00bd486056304,Analyst - Analytic Consulting Services,CVS Health,"Charleston, WV",WV,,,,False,external,external,Data and Analytics,Informatique / Tech,"At CVS Health, we're building a world of health around every consumer and surrounding ourselves with dedicated colleagues who are passionate about transforming health care.As the nation's leading health solutions company, we reach millions of Americans through our local presence, digital channels and more than 300,000 purpose-driven colleagues - caring for people where, when and how they choose in a way that is uniquely more connected, more convenient and more compassionate. And we do it all wit",https://www.themuse.com/jobs/cvshealth/analyst-analytic-consulting-services-f05dd0,Data and Analytics,Mid Level,2025-04-04,2026-05-02,themuse,Data and Analytics
fe7091361764155f,Payments-Product Solutions-Senior Associate,JPMorgan Chase,"Dallas, TX",TX,,,,False,external,external,Data and Analytics,Informatique / Tech,"Make your mark in an innovative product through impactful client collaboration and crafting exceptional solutions that cater to clients' needs. As a Senior Product Solutions Associate in Global Corporate Banking, you are a significant contributor to a team that defines and configures complex product solutions for key client relationships and prospect opportunities. You draw from research and client feedback to develop unique product solutions in partnership with Sales and coordinate with product",https://www.themuse.com/jobs/jpmorganchase/paymentsproduct-solutionssenior-associate,Data and Analytics,Senior Level,2026-04-04,2026-05-02,themuse,Data and Analytics
a3e41b6dbbb30d67,Distribution Center Supervisor - Full Time,Walmart,"Grove City, OH",OH,,,,False,external,external,Data and Analytics,Informatique / Tech,Position Summary... What you'll do... Data and Digital Literacy Possesses knowledge of Data collection modes techniques and tools data analytics To be able to carry out the following responsibilities Articulates the levers that influence data Ensures data quality and organizes processes information for analysis Develops and implements technology changes across multiple processes within assigned area of work Environmental Protection Possesses knowledge of Environmental policies and procedures app,https://www.themuse.com/jobs/walmart/distribution-center-supervisor-full-time-acc399,Data and Analytics,Mid Level,2025-08-19,2026-05-02,themuse,Data and Analytics
56827d5588ce851b,LEAD ADMINISTRATOR L1,Wipro,"Mumbai, India",India,,,,False,external,external,Data and Analytics,Informatique / Tech,"City: Mumbai State/Province: Maharashtra Posting Start Date: 3/23/26 Wipro Limited (NYSE: WIT, BSE: 507685, NSE: WIPRO) is a leading technology services and consulting company focused on building innovative solutions that address clients' most complex digital transformation needs. Leveraging our holistic portfolio of capabilities in consulting, design, engineering, and operations, we help clients realize their boldest ambitions and build future-ready, sustainable businesses. With over 230,000 em",https://www.themuse.com/jobs/wipro/lead-administrator-l1-c7ed23,Data and Analytics,Senior Level,2026-04-13,2026-05-02,themuse,Data and Analytics
750326dc25bf624b,Data Solution Architect,EPAM Systems,"Novoukrayinka, Ukraine",Ukraine,,,,False,external,external,Data and Analytics,Informatique / Tech,"We are currently seeking a Solution Architect who specializes in data-driven projects to become a part of our Data Practice team in Ukraine. Collaboratively, we develop and implement numerous solutions that extract value from data by leveraging scalable platforms, advanced technologies and machine learning algorithms. We offer a robust architecture framework, educational programs, and a supportive community of Solution Architects to facilitate an in-depth exploration of the data domain. The remo",https://www.themuse.com/jobs/epamsystems/data-solution-architect-00b9e0,Data and Analytics,Senior Level,2025-03-05,2026-05-02,themuse,Data and Analytics
1745df1b2df0f560,Power Platform Solutions Consultant,EPAM Systems,"Bucharest, Romania",Romania,,,,False,external,external,Data and Analytics,Informatique / Tech,"EPAM is a leading global provider of digital platform engineering and development services. We are committed to having a positive impact on our customers, our employees, and our communities. We embrace a dynamic and inclusive culture. Here you will collaborate with multi-national teams, contribute to a myriad of innovative projects that deliver the most creative and cutting-edge solutions, and have an opportunity to continuously learn and grow. No matter where you are located, you will join a de",https://www.themuse.com/jobs/epamsystems/power-platform-solutions-consultant-b085b0,Data and Analytics,Mid Level,2025-04-15,2026-05-02,themuse,Data and Analytics
f13a2becae1a8d7d,"Consulting, Consultant",Deloitte,"McLean, VA",VA,,,,False,external,external,Data and Analytics,Informatique / Tech,"Position Summary Deloitte Consulting LLP seeks a Consulting, Consultant in McLean, Virginia and various unanticipated Deloitte office locations and client sites nationally. Work You'll Do Enable end-to-end journey from On-Premise to Cloud; may perform design and development within the following focus areas: Cloud messaging, ground-to-Cloud connectivity, Cloud Strategy, Operating Model Transformation, Cloud Development, Cloud Integration and Application Programming Interfaces (APIs), Cloud Migrat",https://www.themuse.com/jobs/deloitte/consulting-consultant-f91ddf,Data and Analytics,Mid Level,2025-03-08,2026-05-02,themuse,Data and Analytics
b8289156a94eb6d4,"Senior Manager, Business Strategy (Member Experience) - Walmart+",Walmart,"Rogers, AR",AR,,,,False,external,external,Data and Analytics,Informatique / Tech,"Position Summary... Join Walmart+ as a Senior Manager, Member Experience and lead the charge in delivering clear, impactful messaging across all member touchpoints. Use data and AI to enhance communications through cross-team collaboration and grow engagement for millions of members. Reporting into the Director, Member Experience, this is your chance to innovate, influence, and make an impact in a collaborative environment. If you're passionate about member experience, we want to hear from you! ",https://www.themuse.com/jobs/walmart/senior-manager-business-strategy-member-experience-walmart-98ddbb,Data and Analytics,Senior Level,2025-08-13,2026-05-02,themuse,Data and Analytics
b8757782131853c3,"Senior Data Engineer, Data Science Infrastructure",Liberty Mutual Insurance,"Boston, MA",MA,,,,False,external,external,Data and Analytics,Informatique / Tech,Description Modeling Data Solutions is seeking experienced data engineers to join our Data Solutions job family. This is an exciting opportunity to join the US Data Science Infrastructure department helping to support creating cutting edge pricing programs. You will play a critical role in designing and developing the data solutions needed for research and development as well as providing front line data support in launching new products into market. This is a range posting. Level of position of,https://www.themuse.com/jobs/libertymutualinsurance/senior-data-engineer-data-science-infrastructure,Data and Analytics,Senior Level,2026-04-13,2026-05-02,themuse,Data and Analytics
4dfe4c39c48f74f9,"TikTok Shop - Data Scientist, Seller and Platform LATAM Operations",TikTok,"Seattle, WA",WA,,,,False,external,external,Data and Analytics,Informatique / Tech,"Responsibilities Our team's mission is to utilize the power of data science to attract merchants and empower them on our platforms to thrive in the digital marketplace. We leverage data science capabilities and interpret data insights to develop tailored business solutions and strategies that drive seller acquisition, onboarding, retention, and expansion. We also aim to drive better platform and product experience based on the understanding of global merchant needs and behaviors, through continu",https://www.themuse.com/jobs/tiktok/tiktok-shop-data-scientist-seller-and-platform-latam-operations,Data and Analytics,Mid Level,2026-04-23,2026-05-02,themuse,Data and Analytics
bed46b90cd1f8187,"Machine Learning Engineer Intern (TikTok Shop Global E-Commerce, Recommendation) - 2026 Start (BS/MS)",TikTok,Singapore,Singapore,,,,False,external,external,Data and Analytics,Informatique / Tech,"Responsibilities Team Introduction E-commerce is a new and fast growing business that aims at connecting all customers to excellent sellers and quality products on TikTok Shop, through E-commerce live-streaming, E-commerce short videos, and commodity recommendation. We are a group of applied machine learning engineers and data scientists that focus on E-commerce recommendations. We are developing innovative algorithms and techniques to improve user engagement and satisfaction, converting creativ",https://www.themuse.com/jobs/tiktok/machine-learning-engineer-intern-tiktok-shop-global-ecommerce-recommendation-2026-start-bsms,Data and Analytics,Internship,2025-07-29,2026-05-02,themuse,Data and Analytics
3e8a0093f85221e5,"Staff, Data Scientist",Walmart,"Rogers, AR",AR,,,,False,external,external,Data and Analytics,Informatique / Tech,"Position Summary... What you'll do... We are looking for a computer vision scientist to solve some real retail problems/challenges. Utilize Computer Vision algorithms, Generative AI methods, deep learning architectures, VLMs and state-of-the-art techniques to build and deploy advanced retail solutions. About Team: At Walmart, we prioritize innovation and data security. Our team is dedicated to maintaining a secure operating environment and preserving the trust of our customers, associates, and s",https://www.themuse.com/jobs/walmart/staff-data-scientist-91d6da,Data and Analytics,Senior Level,2025-08-13,2026-05-02,themuse,Data and Analytics
797f3f349a011a20,Marketing Data and Analytics Senior Manager,Fannie Mae,"Reston, VA",VA,,,,False,external,external,Data and Analytics,Informatique / Tech,"Playing an essential role in the U.S. economy, Fannie Mae is foundational to housing finance. Here, your expertise can help fuel purpose-driven innovation that expands access to homeownership and affordable rental housing across the country. Join Fannie Mae to grow your career and help people find a place to call home. Job Description As a senior leader within the Digital Marketing and Technology team, you will build and scale a modern, AI-enabled marketing analytics function that drives enterpr",https://www.themuse.com/jobs/fanniemae/marketing-data-and-analytics-senior-manager,Data and Analytics,Senior Level,2026-04-29,2026-05-02,themuse,Data and Analytics
b9d1df23354bacc8,"Consultant, Advisors & Consulting Services, Strategy & Transformation",Mastercard,"Vancouver, Canada",Canada,,,,False,external,external,Data and Analytics,Informatique / Tech,"Our Purpose Mastercard powers economies and empowers people in 200+ countries and territories worldwide. Together with our customers, we're helping build a sustainable economy where everyone can prosper. We support a wide range of digital payments choices, making transactions secure, simple, smart and accessible. Our technology and innovation, partnerships and networks combine to deliver a unique set of products and services that help people, businesses and governments realize their greatest pot",https://www.themuse.com/jobs/mastercard/consultant-advisors-consulting-services-strategy-transformation-fd22e6,Data and Analytics,Senior Level,2025-08-06,2026-05-02,themuse,Data and Analytics
4c016a6179784d35,"Principal Associate, Strategic Investments Group - Co-Lending and Credit Insurance Partnerships",Capital One,"Chicago, IL",IL,,,,False,external,external,Data and Analytics,Informatique / Tech,"Principal Associate, Strategic Investments Group - Co-Lending and Credit Insurance Partnerships The Strategic Investments Group (SIG) creates and runs partnerships that connect Capital One's Commercial Bank with institutional capital to expand our lending capabilities and make Capital One more relevant to customers. Since 2016 SIG has been at the forefront of US banks creating numerous partnerships and risk transfer programs that currently cover over $10B in Capital One assets and are key compet",https://www.themuse.com/jobs/capitalone/principal-associate-strategic-investments-group-colending-and-credit-insurance-partnerships,Data and Analytics,Senior Level,2026-04-30,2026-05-02,themuse,Data and Analytics
8c5116aebb0d3801,LEAD ADMINISTRATOR L1(CONTRACT),Wipro,"Mumbai, India",India,,,,False,external,external,Data and Analytics,Informatique / Tech,"City: Mumbai State/Province: Maharashtra Posting Start Date: 4/28/26 Wipro Limited (NYSE: WIT, BSE: 507685, NSE: WIPRO) is a leading technology services and consulting company focused on building innovative solutions that address clients' most complex digital transformation needs. Leveraging our holistic portfolio of capabilities in consulting, design, engineering, and operations, we help clients realize their boldest ambitions and build future-ready, sustainable businesses. With over 230,000 em",https://www.themuse.com/jobs/wipro/lead-administrator-l1contract-2b2348,Data and Analytics,Senior Level,2026-04-28,2026-05-02,themuse,Data and Analytics
5d99b5860e6b63ed,Senior Data Platform Engineer,Samsara Inc.,Flexible / Remote,Flexible / Remote,,,,True,external,external,Data and Analytics,Informatique / Tech,"Who we are Samsara (NYSE: IOT) is the pioneer of the Connected Operations™ Cloud, which is a platform that enables organizations that depend on physical operations to harness Internet of Things (IoT) data to develop actionable insights and improve their operations. At Samsara, we are helping improve the safety, efficiency and sustainability of the physical operations that power our global economy. Representing more than 40% of global GDP, these industries are the infrastructure of our planet, in",https://www.themuse.com/jobs/samsarainc/senior-data-platform-engineer-6e4121,Data and Analytics,Senior Level,2026-03-21,2026-05-02,themuse,Data and Analytics
d643c74cc093f6f6,Business Technology Solutions Associate Consultant,ZS,"Indianapolis, IN",IN,,,,False,external,external,Data and Analytics,Informatique / Tech,"Minimum Salary: - ZS is a place where passion changes lives. As a management consulting and technology firm focused on improving life and how we live it, our most valuable asset is our people. Here you'll work side-by-side with a powerful collective of thinkers and experts shaping life-changing solutions for patients, caregivers and consumers, worldwide. ZSers drive impact by bringing a client first mentality to each and every engagement. We partner collaboratively with our clients to develop cu",https://www.themuse.com/jobs/zs/business-technology-solutions-associate-consultant-4ac37f,Data and Analytics,Mid Level,2025-03-11,2026-05-02,themuse,Data and Analytics
5d12f68f44b6ddb2,Space Assembly Integration and Test (AI&T) IPT Lead - Staff Engineer Systems - Up to 10k Sign On Bonus,Northrop Grumman,"Linthicum Heights, MD",MD,,,,False,external,external,Data and Analytics,Informatique / Tech,"RELOCATION ASSISTANCE: No relocation assistance availableCLEARANCE TYPE: SCITRAVEL: Yes, 10% of the Time Description At Northrop Grumman, our employees have incredible opportunities to work on revolutionary systems that impact people's lives around the world today, and for generations to come. Our pioneering and inventive spirit has enabled us to be at the forefront of many technological advancements in our nation's history - from the first flight across the Atlantic Ocean, to stealth bombers, t",https://www.themuse.com/jobs/northropgrumman/space-assembly-integration-and-test-ait-ipt-lead-staff-engineer-systems-up-to-10k-sign-on-bonus,Data and Analytics,Senior Level,2025-09-24,2026-05-02,themuse,Data and Analytics
fb6f4fe0d32b20a7,Senior Data Engineer,EPAM Systems,"Zurich, Switzerland",Switzerland,,,,True,external,external,Data and Analytics,Informatique / Tech,"Are you driven by a passion for advancing technology within the Insurance industry and dedicated to combating financial crime? If so, we are looking for someone just like you to join us in Zürich in a position, which requires a mix of remote and on-site work in a hybrid model. We are currently looking for an experienced Data Engineer to strengthen our Insurance client in Zürich. In this role, you will be responsible for designing, implementing and maintaining data-driven applications, engineerin",https://www.themuse.com/jobs/epamsystems/senior-data-engineer-70d44d,Data and Analytics,Senior Level,2025-03-12,2026-05-02,themuse,Data and Analytics
b991fe2eb4b2adc4,Assistente Administrativo,Wipro,"São Paulo, Brazil",Brazil,,,,False,external,external,Data and Analytics,Informatique / Tech,"City: Sao Paulo State/Province: Sao Paulo Posting Start Date: 3/26/26 Wipro Limited (NYSE: WIT, BSE: 507685, NSE: WIPRO) is a leading technology services and consulting company focused on building innovative solutions that address clients' most complex digital transformation needs. Leveraging our holistic portfolio of capabilities in consulting, design, engineering, and operations, we help clients realize their boldest ambitions and build future-ready, sustainable businesses. With over 230,000 e",https://www.themuse.com/jobs/wipro/assistente-administrativo-6cb345,Data and Analytics,Mid Level,2026-04-15,2026-05-02,themuse,Data and Analytics
af446835fcda414f,Distribution Center Manager,Walmart,"Downers Grove, IL",IL,,,,False,external,external,Data and Analytics,Informatique / Tech,Position Summary... What you'll do... Data and Digital Literacy Possesses knowledge of Data collection modes techniques and tools data analytics To be able to carry out the following responsibilities Articulates the levers that influence data Ensures data quality and organizes processes information for analysis Develops and implements technology changes across multiple processes within assigned area of work Environmental Protection Possesses knowledge of Environmental policies and procedures app,https://www.themuse.com/jobs/walmart/distribution-center-manager-0b0525,Data and Analytics,Senior Level,2025-08-13,2026-05-02,themuse,Data and Analytics
5c0b55e954ca2447,Electrical Subject Matter Expert,Meta,"Monroe, LA",LA,,,,False,external,external,Data and Analytics,Informatique / Tech,Meta is seeking a data center Electrical Subject Matter Expert (SME) to join our Data Center Facility Operations team. Our data centers serve as the foundation upon which our systems operate to meet the demands of our customers. The Electrical SME will be a part of the facility operations team and will be responsible for being the electrical system technical operations expert. The Electrical Subject Matter Expert will need to have a broad understanding of electrical system and equipment function,https://www.themuse.com/jobs/meta/electrical-subject-matter-expert-d78b05,Data and Analytics,Senior Level,2026-01-28,2026-05-02,themuse,Data and Analytics
d5b28f4413973d87,"(USA) Staff, Data Scientist",Walmart,"San Leandro, CA",CA,,,,False,external,external,Data and Analytics,Informatique / Tech,"Position Summary... Job Description Summary We are seeking a Staff Data Scientist with a strong foundation in machine learning, information retrieval, and LLMs. The selected candidate will be responsible for architecting and developing new Machine Learning models to enhance Customer Segmentation landscape within Walmart. This is an exciting opportunity for a creative and innovative professional who thrives in a fast-paced, results-driven environment. What you'll do... Develop generative AI LLM-b",https://www.themuse.com/jobs/walmart/usa-staff-data-scientist-c440cc,Data and Analytics,Senior Level,2025-08-30,2026-05-02,themuse,Data and Analytics
eddbcc0333003817,"Lead Cloud Automation Engineer (DevOps, AI/ML/Gen-AI)",EPAM Systems,"Hyderabad, India",India,,,,False,external,external,Data and Analytics,Informatique / Tech,"EPAM is a leading global provider of digital platform engineering and development services. We are committed to having a positive impact on our customers, our employees, and our communities. We embrace a dynamic and inclusive culture. Here you will collaborate with multi-national teams, contribute to a myriad of innovative projects that deliver the most creative and cutting-edge solutions, and have an opportunity to continuously learn and grow. No matter where you are located, you will join a de",https://www.themuse.com/jobs/epamsystems/lead-cloud-automation-engineer-devops-aimlgenai,Data and Analytics,Senior Level,2025-01-09,2026-05-02,themuse,Data and Analytics
11860116a4350ca7,TECHNICAL LEAD L1,Wipro,"Bangalore, India",India,,,,False,external,external,Data and Analytics,Informatique / Tech,"City: Bengaluru State/Province: Karnataka Posting Start Date: 3/10/26 Wipro Limited (NYSE: WIT, BSE: 507685, NSE: WIPRO) is a leading technology services and consulting company focused on building innovative solutions that address clients' most complex digital transformation needs. Leveraging our holistic portfolio of capabilities in consulting, design, engineering, and operations, we help clients realize their boldest ambitions and build future-ready, sustainable businesses. With over 230,000 e",https://www.themuse.com/jobs/wipro/technical-lead-l1-03b3ed,Data and Analytics,Senior Level,2026-04-21,2026-05-02,themuse,Data and Analytics
4149e648110fad22,Principal / Sr. Principal Data Scientist (AHT),Northrop Grumman,"Bellevue, NE",NE,,,,False,external,external,Data and Analytics,Informatique / Tech,"RELOCATION ASSISTANCE: Relocation assistance may be availableCLEARANCE TYPE: SecretTRAVEL: No Description At Northrop Grumman, our employees have incredible opportunities to work on revolutionary systems that impact people's lives around the world today, and for generations to come. Our pioneering and inventive spirit has enabled us to be at the forefront of many technological advancements in our nation's history - from the first flight across the Atlantic Ocean, to stealth bombers, to landing o",https://www.themuse.com/jobs/northropgrumman/principal-sr-principal-data-scientist-aht-f53da5,Data and Analytics,Senior Level,2025-04-14,2026-05-02,themuse,Data and Analytics
90206d979b735e43,SERVICE DESK ANALYST L2(CONTRACT),Wipro,"Mumbai, India",India,,,,False,external,external,Data and Analytics,Informatique / Tech,"City: Mumbai State/Province: Maharashtra Posting Start Date: 4/28/26 Wipro Limited (NYSE: WIT, BSE: 507685, NSE: WIPRO) is a leading technology services and consulting company focused on building innovative solutions that address clients' most complex digital transformation needs. Leveraging our holistic portfolio of capabilities in consulting, design, engineering, and operations, we help clients realize their boldest ambitions and build future-ready, sustainable businesses. With over 230,000 em",https://www.themuse.com/jobs/wipro/service-desk-analyst-l2contract-548632,Data and Analytics,Mid Level,2026-04-28,2026-05-02,themuse,Data and Analytics
ac53e16e035cf6d4,TECHNICAL LEAD L1,Wipro,"Chennai, India",India,,,,False,external,external,Data and Analytics,Informatique / Tech,"City: Chennai State/Province: Tamil Nadu Posting Start Date: 4/14/26 Wipro Limited (NYSE: WIT, BSE: 507685, NSE: WIPRO) is a leading technology services and consulting company focused on building innovative solutions that address clients' most complex digital transformation needs. Leveraging our holistic portfolio of capabilities in consulting, design, engineering, and operations, we help clients realize their boldest ambitions and build future-ready, sustainable businesses. With over 230,000 em",https://www.themuse.com/jobs/wipro/technical-lead-l1-63144e,Data and Analytics,Senior Level,2026-04-21,2026-05-02,themuse,Data and Analytics
e6c9a5842914e169,"Associate, Operations Data Analytics",Oscar Health,Flexible / Remote,Flexible / Remote,,,,True,external,external,Data and Analytics,Informatique / Tech,"Hi, we're Oscar. We're hiring a Data Analytics Associate to join our Service Operations Data Analytics team. Oscar is the first health insurance company built around a full stack technology platform and a relentless focus on serving our members. We started Oscar in 2012 to create the kind of health insurance company we would want for ourselves—one that behaves like a doctor in the family. About the role: You will partner closely across the organization to identify and manage inefficiencies proac",https://www.themuse.com/jobs/oscarhealth/associate-operations-data-analytics,Data and Analytics,Mid Level,2026-04-24,2026-05-02,themuse,Data and Analytics
b62e397f31cbf788,Warehouse Manager,Walmart,"Downers Grove, IL",IL,,,,False,external,external,Data and Analytics,Informatique / Tech,Position Summary... What you'll do... Data and Digital Literacy Possesses knowledge of Data collection modes techniques and tools data analytics To be able to carry out the following responsibilities Articulates the levers that influence data Ensures data quality and organizes processes information for analysis Develops and implements technology changes across multiple processes within assigned area of work Environmental Protection Possesses knowledge of Environmental policies and procedures app,https://www.themuse.com/jobs/walmart/warehouse-manager-25bd9b,Data and Analytics,Senior Level,2025-08-13,2026-05-02,themuse,Data and Analytics
e799648156f8050d,PRODUCTION SPECIALIST L2,Wipro,"Pune, India",India,,,,False,external,external,Data and Analytics,Informatique / Tech,"City: Pune State/Province: Maharashtra Posting Start Date: 4/7/26 Wipro Limited (NYSE: WIT, BSE: 507685, NSE: WIPRO) is a leading technology services and consulting company focused on building innovative solutions that address clients' most complex digital transformation needs. Leveraging our holistic portfolio of capabilities in consulting, design, engineering, and operations, we help clients realize their boldest ambitions and build future-ready, sustainable businesses. With over 230,000 emplo",https://www.themuse.com/jobs/wipro/production-specialist-l2-aa2a58,Data and Analytics,Senior Level,2026-04-21,2026-05-02,themuse,Data and Analytics
ba15885a073f0fb2,Montador de Componentes - Resende,Cummins,"Resende, Brazil",Brazil,,,,False,external,external,Data and Analytics,Informatique / Tech,"Nossa cultura acredita que podemos ELEVAR O SEU POTENCIAL . Oferecendo oportunidades globais de desenvolvimento para sua carreira, fazendo de sua comunidade um lugar melhor e trabalhando com as pessoas mais inovadoras da atualidade, buscando resolver os problemas mais difíceis que enfrentamos em nível mundial. Acreditamos na flexibilidade, para que você possa explorar suas paixões enquanto gera impacto através de um trabalho significativo dentro de nossa força de trabalho inclusiva. É disso que ",https://www.themuse.com/jobs/cummins/montador-de-componentes-resende-b362e2,Data and Analytics,Mid Level,2026-04-23,2026-05-02,themuse,Data and Analytics
1df02f479ff03185,Business Analytics Manager,IBM,"Bangalore, India",India,,,,False,external,external,Data and Analytics,Informatique / Tech,"Introduction A career in IBM Cloud means you'll be part of a team that transforms our customer's challenges into solutions. Seeking new possibilities and always staying curious, we are a team dedicated to creating the world's leading AI-powered, cloud-native software solutions for our customers. Our renowned legacy creates endless global opportunities for our IBMers, so the door is always open for those who want to grow their career. IBM's product and technology landscape includes Research, Soft",https://www.themuse.com/jobs/ibm/business-analytics-manager,Data and Analytics,Senior Level,2025-04-12,2026-05-02,themuse,Data and Analytics
0d7fafb0aeed2a12,TECHNICAL LEAD L1,Wipro,"Pune, India",India,,,,False,external,external,Data and Analytics,Informatique / Tech,"City: Pune State/Province: Maharashtra Posting Start Date: 4/18/26 Wipro Limited (NYSE: WIT, BSE: 507685, NSE: WIPRO) is a leading technology services and consulting company focused on building innovative solutions that address clients' most complex digital transformation needs. Leveraging our holistic portfolio of capabilities in consulting, design, engineering, and operations, we help clients realize their boldest ambitions and build future-ready, sustainable businesses. With over 230,000 empl",https://www.themuse.com/jobs/wipro/technical-lead-l1-f75854,Data and Analytics,Senior Level,2026-04-21,2026-05-02,themuse,Data and Analytics
a1951552569cb3b6,Principal Architect [Multiple Positions Available],JPMorgan Chase,"Jersey City, NJ",NJ,,,,False,external,external,Data and Analytics,Informatique / Tech,"DESCRIPTION: Duties: Define target state data architecture and strategy for firm's wealth management products and platform. Partner closely with other lines of business and Global Technology leadership to make data available for product capabilities and features and analytics purposes. Define current state data architecture including detailed technical solution architecture to deliver business requirements for all operational data needs and analytics purposes including real-time dashboards, repo",https://www.themuse.com/jobs/jpmorganchase/principal-architect-multiple-positions-available,Data and Analytics,Senior Level,2026-04-23,2026-05-02,themuse,Data and Analytics
931eabfc75857112,Senior Security Specialist-Shanghai,Applied Materials,"Shanghai, China",China,,,,False,external,external,Data and Analytics,Informatique / Tech,"Who We Are Applied Materials is a global leader in materials engineering solutions used to produce virtually every new chip and advanced display in the world. We design, build and service cutting-edge equipment that helps our customers manufacture display and semiconductor chips - the brains of devices we use every day. As the foundation of the global electronics industry, Applied enables the exciting technologies that literally connect our world - like AI and IoT. If you want to push the bounda",https://www.themuse.com/jobs/appliedmaterials/senior-security-specialistshanghai,Data and Analytics,Senior Level,2026-04-20,2026-05-02,themuse,Data and Analytics
731091aae7c6390a,"Data Science Manager,  Instagram Reels Monetization",Meta,"Menlo Park, CA",CA,,,,False,external,external,Data and Analytics,Informatique / Tech,"Reels continues to grow globally, and is now the best way on IG to discover new content and people. We have the ambitious goal of making Reels one of the most efficiently monetized surfaces on the platform. Getting Reels and Reels Monetization right is one of the highest priorities at IG as it is critical to Meta's continued success and future growth.Beyond the high viz impact potential, reels monetization is also a rich analytical playground: solving big product problems here requires in-depth ",https://www.themuse.com/jobs/meta/data-science-manager-instagram-reels-monetization,Data and Analytics,Senior Level,2025-06-25,2026-05-02,themuse,Data and Analytics
afd4900aea98e0a7,Director of Sentinel Systems Integration,Northrop Grumman,"Roy, UT",UT,,,,False,external,external,Data and Analytics,Informatique / Tech,"RELOCATION ASSISTANCE: Relocation assistance may be availableCLEARANCE TYPE: SecretTRAVEL: Yes, 25% of the Time Description At Northrop Grumman, our employees have incredible opportunities to work on revolutionary systems that impact people's lives around the world today, and for generations to come. Our pioneering and inventive spirit has enabled us to be at the forefront of many technological advancements in our nation's history - from the first flight across the Atlantic Ocean, to stealth bom",https://www.themuse.com/jobs/northropgrumman/director-of-sentinel-systems-integration,Data and Analytics,Senior Level,2025-04-16,2026-05-02,themuse,Data and Analytics
ec6beb77a1f41db0,Senior Business Analyst,Experian,"Alajuela, Costa Rica",Costa Rica,,,,False,external,external,Data and Analytics,Informatique / Tech,"Company Description Experian is a global company in data services, helping organizations and consumers manage risk and make informed decisions. We empower individuals and businesses at important life moments, from purchasing a home to expanding customer bases. With over 125 years of experience, we specialize in data gathering, analysis, and fraud prevention. Our 21,700 employees across 30 countries are dedicated to innovation and creating opportunities for a better tomorrow. Recently ranked the ",https://www.themuse.com/jobs/experian/senior-business-analyst-c55179,Data and Analytics,Senior Level,2026-05-01,2026-05-02,themuse,Data and Analytics
d5bccd6492059949,"AIML - Site Lead & Lead Researcher, Foundation Models",Apple,"Seattle, WA",WA,,,,False,external,external,Data and Analytics,Informatique / Tech,"We build frontier foundation models that power intelligent experiences at Apple. Our team works across the full training lifecycle: including pre-training foundation models, and developing mid-training approaches that bridge general capability and task-specific performance. What makes our work distinct is that we're engineering models specifically for Apple silicon and optimized for experiences that are private, personal, and deeply integrated into the OS. We're solving frontier problems in rewa",https://www.themuse.com/jobs/apple/aiml-site-lead-lead-researcher-foundation-models,Data and Analytics,Mid Level,2026-05-01,2026-05-02,themuse,Data and Analytics
378080d990a0288a,"AI Researcher, 2025 Graduate U.S.",Atlassian,Flexible / Remote,Flexible / Remote,,,,True,external,external,Data and Analytics,Informatique / Tech,"Working at Atlassian Atlassians can choose where they work whether in an office, from home, or a combination of the two. That way, Atlassians have more control over supporting their family, personal goals, and other priorities. We can hire people in any country where we have a legal entity. Interviews and onboarding are conducted virtually, a part of being a distributed-first company. Your future team The mission of Atlassian is to unleash the potential of every team. Our software products help ",https://www.themuse.com/jobs/atlassian/ai-researcher-2025-graduate-us,Data and Analytics,Mid Level,2025-01-11,2026-05-02,themuse,Data and Analytics
bc9f7508b5c5a88e,Senior Data Architect,The Hartford,"Columbus, OH",OH,,,,False,external,external,Data and Analytics,Informatique / Tech,"Sr Data Architect - GT07BE We're determined to make a difference and are proud to be an insurance company that goes well beyond coverages and policies. Working here means having every opportunity to achieve your goals - and to help others accomplish theirs, too. Join our team as we help shape the future. The Hartford's Enterprise Data Office (EDO) goal is to achieve greater business value through the use of data by simplifying the architecture, standardizing process and tools and building a data",https://www.themuse.com/jobs/thehartford/senior-data-architect-a8307f,Data and Analytics,Senior Level,2026-04-07,2026-05-02,themuse,Data and Analytics
a5097df014ec4094,"Manager, Merchandising Planning - Tablets",Walmart,"Rogers, AR",AR,,,,False,external,external,Data and Analytics,Informatique / Tech,"Position Summary... What you'll do... Relocation Required to Bentonville, AR At Walmart, we help people save money so they can live better. This mission serves as the foundation for every decision we make and drives us to create the future of retail. In this role, you will be focused in on assessing business financial performance, forecasting, and influencing category modular and feature strategy and financial plans. You'll be the expert for your category and leverage the scale of Walmart to tru",https://www.themuse.com/jobs/walmart/manager-merchandising-planning-tablets-ee5165,Data and Analytics,Senior Level,2025-09-09,2026-05-02,themuse,Data and Analytics
e0217017517666d6,"EPIC Business Intelligence Developer, Sr",Cook Children's Health Care System,"Fort Worth, TX",TX,,,,False,external,external,Data and Analytics,Informatique / Tech,"Location: Medical Office Building-Fort Worth (750 8th Ave) Department: IS Epic Shift: First Shift (United States of America) Standard Weekly Hours: 40 Summary: Additional Job Description Must be willing to relocate to the Dallas/Fort Worth area The Senior Business Intelligence (BI) Developer is an experienced data professional who designs, develops and implements analytics tools and data solutions. This individual comprehensively understands business data needs, gathers requirements, analyzes da",https://www.themuse.com/jobs/cookchildrenshealthcaresystem/epic-business-intelligence-developer-sr,Data and Analytics,Senior Level,2025-08-13,2026-05-02,themuse,Data and Analytics
c778137edb2ea544,Principal AI / ML Engineer - Embodied AI,General Motors,"Mountain View, CA",CA,,,,False,external,external,Data and Analytics,Informatique / Tech,"Description At General Motors, our product teams are redefining mobility. Through a human-centered design process, we create vehicles and experiences that are designed not just to be seen, but to be felt. We're turning today's impossible into tomorrow's standard -from breakthrough hardware and battery systems to intuitive design, intelligent software, and next-generation safety and entertainment features. Every day, our products move millions of people as we aim to make driving safer, smarter, a",https://www.themuse.com/jobs/generalmotors/principal-ai-ml-engineer-embodied-ai,Data and Analytics,Senior Level,2026-04-30,2026-05-02,themuse,Data and Analytics
612101b64fa3ff11,"Lead Director, Data Science - Healthcare Analytics",CVS Health,"Gardiner, ME",ME,,,,False,external,external,Data and Analytics,Informatique / Tech,"At CVS Health, we're building a world of health around every consumer and surrounding ourselves with dedicated colleagues who are passionate about transforming health care.As the nation's leading health solutions company, we reach millions of Americans through our local presence, digital channels and more than 300,000 purpose-driven colleagues - caring for people where, when and how they choose in a way that is uniquely more connected, more convenient and more compassionate. And we do it all wit",https://www.themuse.com/jobs/cvshealth/lead-director-data-science-healthcare-analytics-0890d3,Data and Analytics,Senior Level,2025-06-09,2026-05-02,themuse,Data and Analytics
73c9a704a2135a03,Data Scientist,The Hartford,"Morristown, NJ",NJ,,,,False,external,external,Data and Analytics,Informatique / Tech,"Data Scientist - GD08AE We're determined to make a difference and are proud to be an insurance company that goes well beyond coverages and policies. Working here means having every opportunity to achieve your goals - and to help others accomplish theirs, too. Join our team as we help shape the future. The Hartford's Actuarial Strategic Modeling (ASM) organization is seeking a Data Scientist to strengthen analytical and modeling capabilities supporting pricing, segmentation, underwriting strategi",https://www.themuse.com/jobs/thehartford/data-scientist-8f7260,Data and Analytics,Mid Level,2026-04-16,2026-05-02,themuse,Data and Analytics
3b3c3e63be2e3939,Manufacturing Engineer II (Test) Etch - (E2),Applied Materials,"Austin, TX",TX,,,,False,external,external,Data and Analytics,Informatique / Tech,"Who We Are Applied Materials is a global leader in materials engineering solutions used to produce virtually every new chip and advanced display in the world. We design, build and service cutting-edge equipment that helps our customers manufacture display and semiconductor chips - the brains of devices we use every day. As the foundation of the global electronics industry, Applied enables the exciting technologies that literally connect our world - like AI and IoT. If you want to push the bounda",https://www.themuse.com/jobs/appliedmaterials/manufacturing-engineer-ii-test-etch-e2,Data and Analytics,Mid Level,2026-04-11,2026-05-02,themuse,Data and Analytics
fa6ce1c7440e870c,"(USA) Designer, Fashion - Kids Sleep, Basics, & Ways to Celebrate",Walmart,"Garden City, NY",NY,,,,False,external,external,Data and Analytics,Informatique / Tech,"Position Summary... What you'll do... As a Designer of Kids Sleep, Basics, and Ways to Celebrate at Walmart, you will develop product lines across multiple brands from concept to production. You will support and/or lead research, conceptualizing, assortment builds, supplier communication, material development, sustainability work and cross-functional collaboration. Responsibilities include but are not limited to: Be a category expert within a commercial space. Create seasonal trend and design de",https://www.themuse.com/jobs/walmart/usa-designer-fashion-kids-sleep-basics-ways-to-celebrate-a56f20,Data and Analytics,Senior Level,2025-08-29,2026-05-02,themuse,Data and Analytics
9bd6ace819eddf0d,"Production Automation Technician 1, NSO - 2nd Shift",Walmart,"Avon, IN",IN,,,,False,external,external,Data and Analytics,Informatique / Tech,"Position Summary... What you'll do... We are hiring a Production Automation Technician for our Plainfield, IN location. Shift: 2pm - 12:30am, 4 days per week, including weekends. Salary: Starting $22.40 Minimum Qualifications: 1 year experience working in an industrial, production, or manufacturing environment repairing or maintaining optical, mechanical, or electrical equipment in an industrial setting. Outstanding communication skills: relationship and stakeholder management techniques. able t",https://www.themuse.com/jobs/walmart/production-automation-technician-1-nso-2nd-shift-f6c0c0,Data and Analytics,Mid Level,2025-08-13,2026-05-02,themuse,Data and Analytics
dad5778496f5f6d1,"Senior, Data Engineer",Walmart,"San Leandro, CA",CA,,,,False,external,external,Data and Analytics,Informatique / Tech,"Position Summary... What you'll do... You have a deep interest and passion for technology. You have a passion to drive critical business initiatives with Data. You love writing and owning codes and enjoy working with people who will keep challenging you at every stage. You have strong problem solving, analytic, decision- making and excellent communication with interpersonal skills. You are self-driven and motivated with the desire to work in a fast-paced, results-driven agile environment with va",https://www.themuse.com/jobs/walmart/senior-data-engineer-1393b4,Data and Analytics,Senior Level,2025-09-12,2026-05-02,themuse,Data and Analytics
9fcbafd6a0df7bfc,"Senior Manager, Advanced Analytics",Walmart,"Rogers, AR",AR,,,,False,external,external,Data and Analytics,Informatique / Tech,"Position Summary... What you'll do... About the Team Innovation, curiosity, and learning are at the core of everything we do at Walmart, driving our commitment to serving our customers. By joining the New Propositions team within E-Commerce, you'll play a key role in validating and scaling new initiatives in Augmented Reality, Generative AI, and home delivery . Our goal is to fuel Walmart's core business, create new value propositions for our customers, and unlock differentiated experiences for ",https://www.themuse.com/jobs/walmart/senior-manager-advanced-analytics-c93e1e,Data and Analytics,Senior Level,2025-09-10,2026-05-02,themuse,Data and Analytics
f05e407a90793c28,TECHNICAL LEAD L1,Wipro,"Bangalore, India",India,,,,False,external,external,Data and Analytics,Informatique / Tech,"City: Bengaluru State/Province: Karnataka Posting Start Date: 4/14/26 Wipro Limited (NYSE: WIT, BSE: 507685, NSE: WIPRO) is a leading technology services and consulting company focused on building innovative solutions that address clients' most complex digital transformation needs. Leveraging our holistic portfolio of capabilities in consulting, design, engineering, and operations, we help clients realize their boldest ambitions and build future-ready, sustainable businesses. With over 230,000 e",https://www.themuse.com/jobs/wipro/technical-lead-l1-518478,Data and Analytics,Senior Level,2026-04-23,2026-05-02,themuse,Data and Analytics
6f22119ef7468baa,"Manager, Travel Analytics",Walmart,"Springdale, AR",AR,,,,False,external,external,Data and Analytics,Informatique / Tech,"Position Summary... What you'll do... About the Team Join a globally diverse team supporting Walmart's Procurement and Travel Operations. We drive value across the enterprise by leveraging data, technology, and strategic insights to optimize spend, enhance supplier relationships, and improve operational efficiency. About the Role We are seeking a dynamic and experienced Manger of Data &amp; Analytics to execute data-driven initiatives across global sourcing and travel programs. The ideal candida",https://www.themuse.com/jobs/walmart/manager-travel-analytics-103828,Data and Analytics,Senior Level,2025-08-28,2026-05-02,themuse,Data and Analytics
a75eaada11904a37,"Designer, Fashion - Soft Accessories",Walmart,"Newark, NJ",NJ,,,,False,external,external,Data and Analytics,Informatique / Tech,"Position Summary... Position Summary… What you'll do... Designer - Soft Accessories Portfolio is required for submission. Looking for candidates with experience in the following areas: Scarves, Hair, Hats, Cold Weather or Sweater Knits, Third Layer and Belts Textile/Print Design experience is preferred but not required This role is onsite in our New York Office. What you'll do... As a Soft Accessories Designer at Walmart, you will be at the forefront of creating private brand accessories under t",https://www.themuse.com/jobs/walmart/designer-fashion-soft-accessories-90998f,Data and Analytics,Senior Level,2025-08-30,2026-05-02,themuse,Data and Analytics
8c0d1929f1b05b55,"Generative AI Applied Scientist, SIML - ISE",Apple,"Cupertino, CA",CA,,,,False,external,external,Data and Analytics,Informatique / Tech,"Apple's System Intelligence and Machine Learning (SIML) team is seeking a senior Generative AI expert to pioneer the next generation of human-centric device interaction and multimodal scene understanding. You will be at the core of our efforts to develop multimodal LLMs that can perceive and understand complex scenes and nuanced human interactions, behaviors, and preferences. This is a unique opportunity to join a leading applied research group known for its foundational contributions to Apple I",https://www.themuse.com/jobs/apple/generative-ai-applied-scientist-siml-ise-6d70e5,Data and Analytics,Mid Level,2026-05-01,2026-05-02,themuse,Data and Analytics
6e01d6fd3aa9cbdc,"Channel Performance Consultant, Product Analysis",Liberty Mutual Insurance,Flexible / Remote,Flexible / Remote,,,,True,external,external,Data and Analytics,Informatique / Tech,"Description At Liberty, our Personal Lines Auto Product team partners across the company to build and roll out auto insurance solutions that keep pace with what customers and agents need. We focus exclusively on auto, bringing deep expertise, data and analytics to deliver strong state-by-state results while modernizing how we price policies and the technology that supports them. Organized around four core areas-Delivery &amp; Development, Underwriting Effectiveness, State Management, and Mobilit",https://www.themuse.com/jobs/libertymutualinsurance/channel-performance-consultant-product-analysis,Data and Analytics,Senior Level,2026-04-23,2026-05-02,themuse,Data and Analytics
47df1173f6a8e81d,Senior ITAM & Policy Accountability Specialist,Wells Fargo,"Westlake, TX",TX,,,,False,external,external,Data and Analytics,Informatique / Tech,"About this role: Wells Fargo is seeking an IT Asset Managment (ITAM) and Policy Specialist. This person will oversee the ITAM program, ensuring our assets are properly tracked, maintained and compliant with regulations. By managing these assets, it helps mitigate risks and prevents security vulnerabilities. Additionally, they will also be responsible for tracking adherence to policy and generating risk treatments, this role ensures continuity in reviewing and managing exceptions, preventing dela",https://www.themuse.com/jobs/wellsfargo/senior-itam-policy-accountability-specialist-3a0306,Data and Analytics,Senior Level,2025-04-04,2026-05-02,themuse,Data and Analytics
7b4e23d8ea52a871,Senior Data Engineer - Data Integration,EPAM Systems,"Chennai, India",India,,,,False,external,external,Data and Analytics,Informatique / Tech,"EPAM is a leading global provider of digital platform engineering and development services. We are committed to having a positive impact on our customers, our employees, and our communities. We embrace a dynamic and inclusive culture. Here you will collaborate with multi-national teams, contribute to a myriad of innovative projects that deliver the most creative and cutting-edge solutions, and have an opportunity to continuously learn and grow. No matter where you are located, you will join a de",https://www.themuse.com/jobs/epamsystems/senior-data-engineer-data-integration-146bcb,Data and Analytics,Senior Level,2025-02-20,2026-05-02,themuse,Data and Analytics
c6bd7addf1eb7289,"Staff, Product Manager - Finance Data Factory",Walmart,"Rogers, AR",AR,,,,False,external,external,Data and Analytics,Informatique / Tech,"Position Summary... What you'll do... About Our team is called Finance Data Factory. Our vision is to build data products and platforms that enable finance teams and business partners to access timely, accurate, and actionable financial data at scale. We aspire to be the most trusted data product and platform team in Walmart Inc. In this role, you will work cross-functionally with data engineering, analytics, FP&amp;A, controllership, and business stakeholders to deliver platform capabilities th",https://www.themuse.com/jobs/walmart/staff-product-manager-finance-data-factory-bd6fa8,Data and Analytics,Senior Level,2025-08-22,2026-05-02,themuse,Data and Analytics
35778863625f7470,"Executive Director, Data Science",CVS Health,"Richmond, VA",VA,,,,False,external,external,Data and Analytics,Informatique / Tech,"At CVS Health, we're building a world of health around every consumer and surrounding ourselves with dedicated colleagues who are passionate about transforming health care.As the nation's leading health solutions company, we reach millions of Americans through our local presence, digital channels and more than 300,000 purpose-driven colleagues - caring for people where, when and how they choose in a way that is uniquely more connected, more convenient and more compassionate. And we do it all wit",https://www.themuse.com/jobs/cvshealth/executive-director-data-science-14ccfa,Data and Analytics,Senior Level,2025-04-10,2026-05-02,themuse,Data and Analytics
4073e6b699a550f7,"Senior Manager, Communications - Content Experience & Creative - Art Director of Interactive & Experiential Design",Walmart,"Bentonville, AR",AR,,,,False,external,external,Data and Analytics,Informatique / Tech,"Position Summary... Walmart Global Communications is seeking a future-forward, strategic creative who thrives on crafting elevated brand moments-whether online, onsite or on-stage. As Art Director of Experiential &amp; Interactive Design, you're a visionary art director with extensive experience in concept design, experiential storytelling and interactive design. You ideate and deliver best-in-class creative projects that span a portfolio of platforms-web, environmental, graphic, and event desig",https://www.themuse.com/jobs/walmart/senior-manager-communications-content-experience-creative-art-director-of-interactive-experiential-design-173597,Data and Analytics,Senior Level,2025-08-23,2026-05-02,themuse,Data and Analytics
456d2e0bf4a4ddf2,Sr Data Scientist,Infosys,"Alpharetta, GA",GA,,,,False,external,external,Data and Analytics,Informatique / Tech,"Infosys is seeking a Data Scientist / Gen AI Lead Consultant with ZGenerative AI, Agentic AI, Machine Learning (ML), AI and Python experience. Ideal candidate is expected to have prior experience in end-to-end implementation of Gen AI and Agentic AI based solution, fine tuning large language models, Machine Learning models that includes identification of 'right' problem, designing 'optimum' solution, implementing using 'best in class' practices and deploying the models to production. Will work i",https://www.themuse.com/jobs/infosys/sr-data-scientist-1945e8,Data and Analytics,Senior Level,2026-04-13,2026-05-02,themuse,Data and Analytics
c2f802b07ec969eb,Payroll Associate,UKG,"Varna, Bulgaria",Bulgaria,,,,False,external,external,Data and Analytics,Informatique / Tech,"Why UKG: At UKG, the work you do matters. The code you ship, the decisions you make, and the care you show a customer all add up to real impact. Today, tens of millions of workers start and end their days with our workforce operating platform. Helping people get paid, grow in their careers, and shape the future of their industries. That's what we do. We never stop learning. We never stop challenging the norm. We push for better, and we celebrate the wins along the way. Here, you'll get flexibili",https://www.themuse.com/jobs/ukg/payroll-associate-6759bc,Data and Analytics,Mid Level,2026-04-09,2026-05-02,themuse,Data and Analytics
bb95247837b46904,(USA) Data Engineer III,Walmart,"Sunnyvale, CA",CA,,,,False,external,external,Data and Analytics,Informatique / Tech,"Position Summary... What you'll do... About the Team: This team is part of the Technology department at Walmart, specifically focused on the US Omni Platform. As a Data Engineer III, you will be working with a talented group of professionals who are dedicated to developing and maintaining the data systems that power Walmart's e-commerce and retail operations. Our team values collaboration, innovation, and a customer-first approach to delivering high-quality data solutions. We are committed to co",https://www.themuse.com/jobs/walmart/usa-data-engineer-iii-9d76d6,Data and Analytics,Senior Level,2025-03-20,2026-05-02,themuse,Data and Analytics
c498902e14760f18,TECHNICAL LEAD L1,Wipro,"Hyderabad, India",India,,,,False,external,external,Data and Analytics,Informatique / Tech,"City: Hyderabad State/Province: Telangana Posting Start Date: 4/3/26 Wipro Limited (NYSE: WIT, BSE: 507685, NSE: WIPRO) is a leading technology services and consulting company focused on building innovative solutions that address clients' most complex digital transformation needs. Leveraging our holistic portfolio of capabilities in consulting, design, engineering, and operations, we help clients realize their boldest ambitions and build future-ready, sustainable businesses. With over 230,000 em",https://www.themuse.com/jobs/wipro/technical-lead-l1-845b83,Data and Analytics,Senior Level,2026-04-26,2026-05-02,themuse,Data and Analytics
40f8f49364d22966,TECHNO FUNCTIONAL CONSULTANT L1,Wipro,"Chennai, India",India,,,,False,external,external,Data and Analytics,Informatique / Tech,"City: Chennai State/Province: Tamil Nadu Posting Start Date: 4/16/26 Wipro Limited (NYSE: WIT, BSE: 507685, NSE: WIPRO) is a leading technology services and consulting company focused on building innovative solutions that address clients' most complex digital transformation needs. Leveraging our holistic portfolio of capabilities in consulting, design, engineering, and operations, we help clients realize their boldest ambitions and build future-ready, sustainable businesses. With over 230,000 em",https://www.themuse.com/jobs/wipro/techno-functional-consultant-l1-001ee1,Data and Analytics,Senior Level,2026-04-27,2026-05-02,themuse,Data and Analytics
3ed71141ea18ece5,"Associate, Risk / Policy Mgmt",Morgan Stanley,"New York, NY",NY,,,,False,external,external,Data and Analytics,Informatique / Tech,"Company Profile: Morgan Stanley is a leading global financial services firm providing a wide range of investment banking, securities, investment, and wealth management services. The Firm's employees serve clients worldwide, including corporations, governments, and individuals from more than 1,200 offices in 43 countries. In the Firm Risk Management division, we advise businesses across the Firm on risk mitigation strategies, develop tools to analyze and monitor risks and lead key regulatory init",https://www.themuse.com/jobs/morganstanley/associate-risk-policy-mgmt-9d4a77,Data and Analytics,Mid Level,2026-04-09,2026-05-02,themuse,Data and Analytics
cf74ae90943e927b,TECHNICAL LEAD L1,Wipro,"Bangalore, India",India,,,,False,external,external,Data and Analytics,Informatique / Tech,"City: Bengaluru State/Province: Karnataka Posting Start Date: 4/24/26 Wipro Limited (NYSE: WIT, BSE: 507685, NSE: WIPRO) is a leading technology services and consulting company focused on building innovative solutions that address clients' most complex digital transformation needs. Leveraging our holistic portfolio of capabilities in consulting, design, engineering, and operations, we help clients realize their boldest ambitions and build future-ready, sustainable businesses. With over 230,000 e",https://www.themuse.com/jobs/wipro/technical-lead-l1-35a48c,Data and Analytics,Senior Level,2026-04-25,2026-05-02,themuse,Data and Analytics
e41af393e0d1b471,Systems Analyst - Director,Morgan Stanley,"New York, NY",NY,,,,False,external,external,Data and Analytics,Informatique / Tech,"We are seeking a Systems Analyst to join our dynamic team. The ideal candidate will have a strong background in analyzing system and technical requirements, designing solutions, and supporting the implementation of technology systems. In the Technology division, we leverage innovation to build the connections and capabilities that power our Firm, enabling our clients and colleagues to redefine markets and shape the future of our communities. This is a Cloud &amp; Infrastructure Engineering III p",https://www.themuse.com/jobs/morganstanley/systems-analyst-director,Data and Analytics,Senior Level,2026-04-14,2026-05-02,themuse,Data and Analytics
83bef722d21d4cae,Solution Architect,EPAM Systems,"Novoukrayinka, Ukraine",Ukraine,,,,False,external,external,Data and Analytics,Informatique / Tech,"We are seeking a highly analytical and client-focused Solution Architect focused on e-commerce with expertise in composable architectures, data governance, and service-oriented design. You will leverage your deep technical knowledge and commercial acumen to deliver innovative, scalable solutions that address client needs. The role requires a proactive approach to translating business requirements into actionable technical solutions while ensuring alignment with best practices and organizational ",https://www.themuse.com/jobs/epamsystems/solution-architect-695718,Data and Analytics,Mid Level,2025-02-07,2026-05-02,themuse,Data and Analytics
46fff9b11449980f,Warehouse Lead,Walmart,"St. Charles, IL",IL,,,,False,external,external,Data and Analytics,Informatique / Tech,Position Summary... What you'll do... Data and Digital Literacy Possesses knowledge of Data collection modes techniques and tools data analytics To be able to carry out the following responsibilities Articulates the levers that influence data Ensures data quality and organizes processes information for analysis Develops and implements technology changes across multiple processes within assigned area of work Environmental Protection Possesses knowledge of Environmental policies and procedures app,https://www.themuse.com/jobs/walmart/warehouse-lead-7c6ad5,Data and Analytics,Mid Level,2025-08-13,2026-05-02,themuse,Data and Analytics
ed61f18e2ab4fb0c,"Manager, Yield Foundation Insights - Walmart Connect",Walmart,"Secaucus, NJ",NJ,,,,False,external,external,Data and Analytics,Informatique / Tech,"Position Summary... Walmart Connect is seeking a Manager, Yield Insights to join the Yield Management &amp; Strategy team in our Hoboken, NJ office. We are looking to expand our team to provide increased focus on how we share the data, numbers, and insights into the larger Yield team develops. We are looking for an individual who will be able to synthesize complex data models to create clean and concise visualizations and presentations that can be consumed and understood by all levels of experie",https://www.themuse.com/jobs/walmart/manager-yield-foundation-insights-walmart-connect,Data and Analytics,Senior Level,2025-08-13,2026-05-02,themuse,Data and Analytics
903820c4f27fbc90,TECHNICAL LEAD L1,Wipro,"Hyderabad, India",India,,,,False,external,external,Data and Analytics,Informatique / Tech,"City: Hyderabad State/Province: Telangana Posting Start Date: 4/15/26 Wipro Limited (NYSE: WIT, BSE: 507685, NSE: WIPRO) is a leading technology services and consulting company focused on building innovative solutions that address clients' most complex digital transformation needs. Leveraging our holistic portfolio of capabilities in consulting, design, engineering, and operations, we help clients realize their boldest ambitions and build future-ready, sustainable businesses. With over 230,000 e",https://www.themuse.com/jobs/wipro/technical-lead-l1-ed284a,Data and Analytics,Senior Level,2026-04-23,2026-05-02,themuse,Data and Analytics
47c6464e88f2678a,AI Enablement and Agile Coaching,JPMorgan Chase,"London, United Kingdom",United Kingdom,,,,False,external,external,Data and Analytics,Informatique / Tech,"Join us as a Transformation AI Enablement Lead , where you'll coach outcome‑driven delivery, remove systemic blockers, and design safe, pragmatic GenAI agents that improve productivity, decision quality, and transparency. Key Responsibilities A. Delivery Enablement Enable outcome‑driven delivery Coach teams and product partners to focus on measurable outcomes, clear goals, and iterative value delivery-avoiding process for process's sake. Remove systemic blockers Identify and resolve impediments ",https://www.themuse.com/jobs/jpmorganchase/ai-enablement-and-agile-coaching,Data and Analytics,Senior Level,2026-04-29,2026-05-02,themuse,Data and Analytics
4ad6ec67757271ca,"Senior Algorithm Engineer, TikTok E-Commerce (Conversational AI)",TikTok,"Seattle, WA",WA,,,,False,external,external,Data and Analytics,Informatique / Tech,"Responsibilities The future of e-commerce customer service is intelligent, efficient, and AI-driven. Our team is dedicated to replacing traditional human-agent customer service with an advanced AI-powered conversational system that provides instant, intelligent, and seamless support for TikTok's global e-commerce platform. By leveraging Large Language Models (LLMs) and NLP, we are building an AI customer service system that can understand user queries, resolve disputes, guide transactions, and e",https://www.themuse.com/jobs/tiktok/senior-algorithm-engineer-tiktok-ecommerce-conversational-ai,Data and Analytics,Senior Level,2026-04-02,2026-05-02,themuse,Data and Analytics
070f5a70919ef689,TECHNICAL LEAD L1,Wipro,"Pune, India",India,,,,False,external,external,Data and Analytics,Informatique / Tech,"City: Pune State/Province: Maharashtra Posting Start Date: 4/17/26 Wipro Limited (NYSE: WIT, BSE: 507685, NSE: WIPRO) is a leading technology services and consulting company focused on building innovative solutions that address clients' most complex digital transformation needs. Leveraging our holistic portfolio of capabilities in consulting, design, engineering, and operations, we help clients realize their boldest ambitions and build future-ready, sustainable businesses. With over 230,000 empl",https://www.themuse.com/jobs/wipro/technical-lead-l1-afcbb4,Data and Analytics,Senior Level,2026-04-18,2026-05-02,themuse,Data and Analytics
8619b4b6a93ab17e,"Senior Manager, Data Analytics - eComm Insights",Walmart,"Plainview, NY",NY,,,,False,external,external,Data and Analytics,Informatique / Tech,"Position Summary... At Walmart, we embrace the connection between supplier brands and retail shoppers at an unprecedented scale. As primary stewards of our brand promise, “Save Money. Live Better,” we work alongside the most talented people in the world to engage with the more than 150M households (90% of Americans) who shop with us! We think there is no better place right now to be than Walmart Connect (WMC) - Walmart's Media &amp; Advertising arm - as both retail media rises in importance and ",https://www.themuse.com/jobs/walmart/senior-manager-data-analytics-ecomm-insights-cdeea3,Data and Analytics,Senior Level,2025-08-13,2026-05-02,themuse,Data and Analytics
6c51f3287a1f3597,TECHNICAL LEAD L1,Wipro,"Tianjin, China",China,,,,False,external,external,Data and Analytics,Informatique / Tech,"City: Tianjin State/Province: Tianjin Posting Start Date: 3/11/26 Wipro Limited (NYSE: WIT, BSE: 507685, NSE: WIPRO) is a leading technology services and consulting company focused on building innovative solutions that address clients' most complex digital transformation needs. Leveraging our holistic portfolio of capabilities in consulting, design, engineering, and operations, we help clients realize their boldest ambitions and build future-ready, sustainable businesses. With over 230,000 emplo",https://www.themuse.com/jobs/wipro/technical-lead-l1-fded29,Data and Analytics,Senior Level,2026-04-21,2026-05-02,themuse,Data and Analytics
7db33af6c69ddd73,"(USA) Principal, Technology Operations",Walmart,"Springdale, AR",AR,,,,False,external,external,Data and Analytics,Informatique / Tech,"Position Summary... What you'll do... Position Summary We are seeking a strategic and detail-oriented leader to drive cost optimization across Walmart's international technology landscape. This role will specifically lead Software Asset Management (SAM) initiatives, oversee Flexera deployment and reporting, manage SaaS agreements via Zylo, and support global ITAM (IT Asset Management) efforts. These capabilities feed into the team's overall responsibilities of International Tech Cost Optimizatio",https://www.themuse.com/jobs/walmart/usa-principal-technology-operations-8a9c27,Data and Analytics,Senior Level,2025-09-10,2026-05-02,themuse,Data and Analytics
f0cb6d284410534f,"Associate Consultant, Launch Graduate Program 2026 - Hong Kong SAR",Mastercard,Hong Kong,Hong Kong,,,,False,external,external,Data and Analytics,Informatique / Tech,"Our Purpose Mastercard powers economies and empowers people in 200+ countries and territories worldwide. Together with our customers, we're helping build a sustainable economy where everyone can prosper. We support a wide range of digital payments choices, making transactions secure, simple, smart and accessible. Our technology and innovation, partnerships and networks combine to deliver a unique set of products and services that help people, businesses and governments realize their greatest pot",https://www.themuse.com/jobs/mastercard/associate-consultant-launch-graduate-program-2026-hong-kong-sar,Data and Analytics,Mid Level,2025-08-25,2026-05-02,themuse,Data and Analytics
553e2a700d8e4f7f,"Business Operations Analyst, Finance Operations ",KeepTruckin,United States,United States,,,,False,external,external,Data and Analytics,Informatique / Tech,"Who We Are KeepTruckin builds technology using the latest advancements in AI and computer vision to improve the safety and efficiency of businesses with vehicles. Over one million drivers and 100,000 companies across every industry trust KeepTruckin’s integrated platform to power their operations, prevent accidents and reduce costs. At KeepTruckin, we see our hard work rewarded in tangible ways every day, and we believe that intelligence is most powerful when paired with humility. We’re motivate",https://www.themuse.com/jobs/keeptruckin/business-operations-analyst-finance-operations,Data and Analytics,Mid Level,2024-11-01,2026-05-02,themuse,Data and Analytics
41ba6e94538a3158,Applied Artificial Intelligence & Machine Learning- Markets Operations - Vice President,JPMorgan Chase,"Bangalore, India",India,,,,False,external,external,Data and Analytics,Informatique / Tech,"As an Applied AI &amp; ML Lead in the Market Operations team, you will drive the design and delivery of AI/ML solutions that enhance and transform Market Operations. You will lead a team of scientists and engineers, partner with business stakeholders and technology leaders, and ensure the successful implementation and scaling of AI-driven tools. You will identify opportunities, set technical direction, and deliver measurable impact through innovative AI/ML applications. Your leadership will help",https://www.themuse.com/jobs/jpmorganchase/applied-artificial-intelligence-machine-learning-markets-operations-vice-president,Data and Analytics,Mid Level,2026-04-15,2026-05-02,themuse,Data and Analytics
a6fe891fe7fd7dfe,"Sr Manager, Clinical Assumptions",CVS Health,"Phoenix, AZ",AZ,,,,False,external,external,Data and Analytics,Informatique / Tech,"At CVS Health, we're building a world of health around every consumer and surrounding ourselves with dedicated colleagues who are passionate about transforming health care.As the nation's leading health solutions company, we reach millions of Americans through our local presence, digital channels and more than 300,000 purpose-driven colleagues - caring for people where, when and how they choose in a way that is uniquely more connected, more convenient and more compassionate. And we do it all wit",https://www.themuse.com/jobs/cvshealth/sr-manager-clinical-assumptions,Data and Analytics,Senior Level,2025-06-03,2026-05-02,themuse,Data and Analytics
ec74276268eb7232,LEAD ADMINISTRATOR L1,Wipro,"Hyderabad, India",India,,,,False,external,external,Data and Analytics,Informatique / Tech,"City: Hyderabad State/Province: Telangana Posting Start Date: 4/1/26 Wipro Limited (NYSE: WIT, BSE: 507685, NSE: WIPRO) is a leading technology services and consulting company focused on building innovative solutions that address clients' most complex digital transformation needs. Leveraging our holistic portfolio of capabilities in consulting, design, engineering, and operations, we help clients realize their boldest ambitions and build future-ready, sustainable businesses. With over 230,000 em",https://www.themuse.com/jobs/wipro/lead-administrator-l1-9ca564,Data and Analytics,Senior Level,2026-04-15,2026-05-02,themuse,Data and Analytics
10d1a3a9a8a0b648,"(USA) Senior, Data Scientist - eCommerce Strategy",Walmart,"Bentonville, AR",AR,,,,False,external,external,Data and Analytics,Informatique / Tech,"Position Summary... What you'll do... Location: Bentonville, Arkansas ONLY We're looking for a Senior Data Scientist to lead and create initiatives for future strategies across Walmart that enhances our eCommerce Customer Value Proposition. This is a high-impact, high-visibility role within the organization with expectations to deliver immediate results. In this role, you'll primarily be responsible for creating a long-term strategy and transformative path for Walmart's rapidly growing omnichann",https://www.themuse.com/jobs/walmart/usa-senior-data-scientist-ecommerce-strategy-c2b86f,Data and Analytics,Senior Level,2025-08-23,2026-05-02,themuse,Data and Analytics
31c607461e3f3291,"Manager, Procurement",Walmart,"Rogers, AR",AR,,,,False,external,external,Data and Analytics,Informatique / Tech,"Position Summary... What you'll do... About the Team: Global Procurement is responsible for sourcing of goods and services not for resale (GNFR). This responsibility spans end-to-end procurement; from collaborating with our business partners and developing requirements to negotiating with suppliers to deliver best in class supplier partnerships. Global Procurement adds value through ensuring quality and service levels are met, negotiating savings, driving innovation, adhering to compliance, and ",https://www.themuse.com/jobs/walmart/manager-procurement-f6125d,Data and Analytics,Senior Level,2025-08-13,2026-05-02,themuse,Data and Analytics
f5eb29d1befa4a7a,"Manager, Advanced Analytics",Walmart,"Jersey City, NJ",NJ,,,,False,external,external,Data and Analytics,Informatique / Tech,"Position Summary... As a Manager, Advanced Analytics, you will be part of a strategic and fast-growing team for Walmart Connect. You will be responsible for driving strategic analysis of omni-channel campaigns of some of the largest advertiser in the world. Leveraging your capacity to use tools like Tableau and SQL, you will derive both tactical and strategic insights and communicate them back both internal and external stakeholders. What you'll do... • The Manager, Advanced Analytics on the Mea",https://www.themuse.com/jobs/walmart/manager-advanced-analytics-d11712,Data and Analytics,Senior Level,2025-09-10,2026-05-02,themuse,Data and Analytics
075001086b5d55fc,Principal Data Scientist - Clinical AI,CVS Health,"Phoenix, AZ",AZ,,,,False,external,external,Data and Analytics,Informatique / Tech,"Bring your heart to CVS Health. Every one of us at CVS Health shares a single, clear purpose: Bringing our heart to every moment of your health. This purpose guides our commitment to deliver enhanced human-centric health care for a rapidly changing world. Anchored in our brand - with heart at its center - our purpose sends a personal message that how we deliver our services is just as important as what we deliver. Our Heart At Work Behaviors™ support this purpose. We want everyone who works at C",https://www.themuse.com/jobs/cvshealth/principal-data-scientist-clinical-ai-805503,Data and Analytics,Senior Level,2025-04-09,2026-05-02,themuse,Data and Analytics
cc831fb055a937ed,"Manager, Procurement",Walmart,"Springdale, AR",AR,,,,False,external,external,Data and Analytics,Informatique / Tech,"Position Summary... What you'll do... About the Team: Global Procurement is responsible for sourcing of goods and services not for resale (GNFR). This responsibility spans end-to-end procurement; from collaborating with our business partners and developing requirements to negotiating with suppliers to deliver best in class supplier partnerships. Global Procurement adds value through ensuring quality and service levels are met, negotiating savings, driving innovation, adhering to compliance, and ",https://www.themuse.com/jobs/walmart/manager-procurement-272659,Data and Analytics,Senior Level,2025-08-13,2026-05-02,themuse,Data and Analytics
dd515eb56b4630b2,SDET- Test Analyst,Wipro,"Chennai, India",India,,,,False,external,external,Data and Analytics,Informatique / Tech,"City: Chennai State/Province: Tamil Nadu Posting Start Date: 2/19/26 Wipro Limited (NYSE: WIT, BSE: 507685, NSE: WIPRO) is a leading technology services and consulting company focused on building innovative solutions that address clients' most complex digital transformation needs. Leveraging our holistic portfolio of capabilities in consulting, design, engineering, and operations, we help clients realize their boldest ambitions and build future-ready, sustainable businesses. With over 230,000 em",https://www.themuse.com/jobs/wipro/sdet-test-analyst-62b012,Data and Analytics,Senior Level,2026-04-11,2026-05-02,themuse,Data and Analytics
cfbe0eadbddb60a6,Director of Enterprise Architecture (GenAI),The Hartford,"Charlotte, NC",NC,,,,False,external,external,Data and Analytics,Informatique / Tech,"Dir Architecture - IA06CE We're determined to make a difference and are proud to be an insurance company that goes well beyond coverages and policies. Working here means having every opportunity to achieve your goals - and to help others accomplish theirs, too. Join our team as we help shape the future. The Hartford is seeking a highly skilled, hands-on AI Architect to support the Enterprise Technology Architecture (ETA) organization. This role will be responsible for leading the design, governa",https://www.themuse.com/jobs/thehartford/director-of-enterprise-architecture-genai,Data and Analytics,Senior Level,2026-04-14,2026-05-02,themuse,Data and Analytics
e5bc8bfb7a80b55a,Senior Lead AI Solutions Consultant,Braze,"Chicago, IL",IL,,,,False,external,external,Data and Analytics,Informatique / Tech,"At Braze, we have found our people. We’re a genuinely approachable, exceptionally kind, and intensely passionate crew. We seek to ignite that passion by setting high standards, championing teamwork, and creating work-life harmony as we collectively navigate rapid growth on a global scale while striving for greater equity and opportunity – inside and outside our organization. To flourish here, you must be prepared to set a high bar for yourself and those around you. There is always a way to contr",https://www.themuse.com/jobs/braze/senior-lead-ai-solutions-consultant-e110e0,Data and Analytics,Senior Level,2026-04-27,2026-05-02,themuse,Data and Analytics
486a0bc174e3d327,Dean - Skilled Trades & Arts,Central New Mexico Community College,"Albuquerque, NM",NM,,,,False,external,external,Data and Analytics,Informatique / Tech,"Compensation Compensation based on experience Limited Term End Date 6-30-2026 Position Summary An Academic Dean at CNM is an agile individual with a focus on innovative academic initiatives, key processes, and cross-functional collaborations that lead to learner success and therefore success for the college. Employing a global college and community lens, the Dean provides comprehensive strategic and operational leadership to the school including, but not limited to, curriculum, scheduling, admin",https://www.themuse.com/jobs/centralnewmexicocommunitycollege/dean-skilled-trades-arts,Data and Analytics,Mid Level,2025-03-29,2026-05-02,themuse,Data and Analytics
e959e756350636f9,Contrôleur Mécanique,GE Vernova,"Montreal, Canada",Canada,,,,False,external,external,Data and Analytics,Informatique / Tech,"Job Description Summary Job Description Description de poste : Le Contrôleur Mécanique est responsable d'assurer la conformité des pièces et des assemblages mécaniques selon les spécifications techniques et les normes de qualité établies. Ce rôle nécessite une attention méticuleuse aux détails, des compétences techniques avancées et une compréhension approfondie des plans mécaniques, électriques, hydrauliques et pneumatiques. Responsabilités principales : Inspection et Contrôle Effectuer des ins",https://www.themuse.com/jobs/gevernova/controleur-mecanique-5e4bfe,Data and Analytics,Mid Level,2026-04-28,2026-05-02,themuse,Data and Analytics
9c54868565c0b233,Technical Data Product/Project Lead,Apple,"Cupertino, CA",CA,,,,False,external,external,Data and Analytics,Informatique / Tech,"Are you a Technical Data Product/Project Leader passionate about driving the development of reliable, privacy-compliant data products that empower strategic executive decisions? Do you excel at bridging technical architecture with product strategy and project execution to unlock the full potential of data? At Apple, we turn innovative ideas into groundbreaking products and services at an incredible pace. Join us and play a critical role in shaping the future of data-driven decision-making for Ap",https://www.themuse.com/jobs/apple/technical-data-productproject-lead-f47f98,Data and Analytics,Senior Level,2026-05-01,2026-05-02,themuse,Data and Analytics
a7a7e4b52840a811,(USA) Quality Control Manager - Supply Chain,Walmart,"Cumberland, ME",ME,,,,False,external,external,Data and Analytics,Informatique / Tech,"Position Summary... What you'll do... Job Summary: The QC team is looking to fill a Quality Control Manager position. If you have people leadership, project management, data analysis and experience in fresh quality or food safety, this may be an opportunity for you to step into a senior leadership role and grow your career. What you'll do: Lead/motivate a team of associates and managers to execute the QC process at an automated grocery distribution center. Build a high-performing, efficient, and",https://www.themuse.com/jobs/walmart/usa-quality-control-manager-supply-chain-dd2450,Data and Analytics,Senior Level,2025-08-29,2026-05-02,themuse,Data and Analytics
3b6dbacef734d64a,Sr. Manager - Market Development and Strategy,CVS Health,"Albany, NY",NY,,,,False,external,external,Data and Analytics,Informatique / Tech,"At CVS Health, we're building a world of health around every consumer and surrounding ourselves with dedicated colleagues who are passionate about transforming health care.As the nation's leading health solutions company, we reach millions of Americans through our local presence, digital channels and more than 300,000 purpose-driven colleagues - caring for people where, when and how they choose in a way that is uniquely more connected, more convenient and more compassionate. And we do it all wit",https://www.themuse.com/jobs/cvshealth/sr-manager-market-development-and-strategy-a8975b,Data and Analytics,Senior Level,2025-06-26,2026-05-02,themuse,Data and Analytics
a018622bbe5e346a,TECHNICAL LEAD L1,Wipro,"Hyderabad, India",India,,,,False,external,external,Data and Analytics,Informatique / Tech,"City: Hyderabad State/Province: Telangana Posting Start Date: 4/10/26 Wipro Limited (NYSE: WIT, BSE: 507685, NSE: WIPRO) is a leading technology services and consulting company focused on building innovative solutions that address clients' most complex digital transformation needs. Leveraging our holistic portfolio of capabilities in consulting, design, engineering, and operations, we help clients realize their boldest ambitions and build future-ready, sustainable businesses. With over 230,000 e",https://www.themuse.com/jobs/wipro/technical-lead-l1-a85170,Data and Analytics,Senior Level,2026-04-23,2026-05-02,themuse,Data and Analytics
b5278be9abc5350f,"(USA) Designer, Fashion - Kids Sleep, Basics, & Ways to Celebrate",Walmart,"Queens, NY",NY,,,,False,external,external,Data and Analytics,Informatique / Tech,"Position Summary... What you'll do... As a Designer of Kids Sleep, Basics, and Ways to Celebrate at Walmart, you will develop product lines across multiple brands from concept to production. You will support and/or lead research, conceptualizing, assortment builds, supplier communication, material development, sustainability work and cross-functional collaboration. Responsibilities include but are not limited to: Be a category expert within a commercial space. Create seasonal trend and design de",https://www.themuse.com/jobs/walmart/usa-designer-fashion-kids-sleep-basics-ways-to-celebrate-fecd8f,Data and Analytics,Senior Level,2025-08-29,2026-05-02,themuse,Data and Analytics
ace404ce1a60de24,Solution Architect,Salesforce,"Tel Aviv, Israel",Israel,,,,False,external,external,Data and Analytics,Informatique / Tech,"To get the best candidate experience, please consider applying for a maximum of 3 roles within 12 months to ensure you are not duplicating efforts. Job Category Customer Success Job Details About Salesforce Salesforce is the #1 AI CRM, where humans with agents drive customer success together. Here, ambition meets action. Tech meets trust. And innovation isn't a buzzword - it's a way of life. The world of work as we know it is changing and we're looking for Trailblazers who are passionate about b",https://www.themuse.com/jobs/salesforce/solution-architect-82a978,Data and Analytics,Senior Level,2026-05-01,2026-05-02,themuse,Data and Analytics
1ffdc1f6f18ee20d,Warehouse Supervisor,Walmart,"Dublin, OH",OH,,,,False,external,external,Data and Analytics,Informatique / Tech,Position Summary... What you'll do... Data and Digital Literacy Possesses knowledge of Data collection modes techniques and tools data analytics To be able to carry out the following responsibilities Articulates the levers that influence data Ensures data quality and organizes processes information for analysis Develops and implements technology changes across multiple processes within assigned area of work Environmental Protection Possesses knowledge of Environmental policies and procedures app,https://www.themuse.com/jobs/walmart/warehouse-supervisor-0aa2ff,Data and Analytics,Mid Level,2025-08-19,2026-05-02,themuse,Data and Analytics
31d71b46cee576c7,TECHNICAL LEAD L1,Wipro,"Hyderabad, India",India,,,,False,external,external,Data and Analytics,Informatique / Tech,"City: Hyderabad State/Province: Telangana Posting Start Date: 4/21/26 Wipro Limited (NYSE: WIT, BSE: 507685, NSE: WIPRO) is a leading technology services and consulting company focused on building innovative solutions that address clients' most complex digital transformation needs. Leveraging our holistic portfolio of capabilities in consulting, design, engineering, and operations, we help clients realize their boldest ambitions and build future-ready, sustainable businesses. With over 230,000 e",https://www.themuse.com/jobs/wipro/technical-lead-l1-67d6e6,Data and Analytics,Senior Level,2026-04-27,2026-05-02,themuse,Data and Analytics
c6680d9d83cbeb1f,"Audit Manager II, TD Securities (985)",TD Bank,"Toronto, Canada",Canada,,,,False,external,external,Data and Analytics,Informatique / Tech,"Work Location: Toronto, Ontario, Canada Hours: 37.5 Line of Business: Audit Pay Details: $96,900 - $136,800 CAD TD is committed to providing fair and equitable compensation opportunities to all colleagues. Growth opportunities and skill development are defining features of the colleague experience at TD. Our compensation policies and practices have been designed to allow colleagues to progress through the salary range over time as they progress in their role. The base pay actually offered may va",https://www.themuse.com/jobs/tdbank/audit-manager-ii-td-securities-985,Data and Analytics,Senior Level,2026-04-15,2026-05-02,themuse,Data and Analytics
708e2386c6cc3a9d,Senior Data Software Engineer,EPAM Systems,"Soacha, Colombia",Colombia,,,,False,external,external,Data and Analytics,Informatique / Tech,"We are looking for a highly skilled Senior Data Software Engineer to join our team and lead efforts in building and optimizing data integration and processing pipelines that power Enterprise Data Products. This role involves working on a transformative project to replace Azure Synapse Data Warehouse with a modern Databricks-based architecture, introducing Dremio for semantic interfaces, and implementing domain-driven data modeling. We accept CVs in English only. #LI-DNI Responsibilities Develop ",https://www.themuse.com/jobs/epamsystems/senior-data-software-engineer-1f2442,Data and Analytics,Senior Level,2025-04-05,2026-05-02,themuse,Data and Analytics
d657b5532185f079,Software Engineer Principal  UI/ Microservices/ SQL/ Unit Testing/ SOLID Principles,PNC,"Dallas, TX",TX,,,,False,external,external,Data and Analytics,Informatique / Tech,"Position Overview At PNC, our people are our greatest differentiator and competitive advantage in the markets we serve. We are all united in delivering the best experience for our customers. We work together each day to foster an inclusive workplace culture where all of our employees feel respected, valued and have an opportunity to contribute to the company's success. As a Software Engineer Principal within PNC's Capital Markets technology organization, you will be based in Pittsburgh, PA or Da",https://www.themuse.com/jobs/pnc/software-engineer-principal-ui-microservices-sql-unit-testing-solid-principles,Data and Analytics,Senior Level,2026-04-16,2026-05-02,themuse,Data and Analytics
9c488c3518107917,Warehouse Supervisor - Full Time,Walmart,"Wheaton, IL",IL,,,,False,external,external,Data and Analytics,Informatique / Tech,Position Summary... What you'll do... Data and Digital Literacy Possesses knowledge of Data collection modes techniques and tools data analytics To be able to carry out the following responsibilities Articulates the levers that influence data Ensures data quality and organizes processes information for analysis Develops and implements technology changes across multiple processes within assigned area of work Environmental Protection Possesses knowledge of Environmental policies and procedures app,https://www.themuse.com/jobs/walmart/warehouse-supervisor-full-time-3e4c5c,Data and Analytics,Mid Level,2025-08-13,2026-05-02,themuse,Data and Analytics
1b9ae93fb2de6678,MS - SQL Database Administrator,Kyndryl,"Cochin, India",India,,,,True,external,external,Data and Analytics,Informatique / Tech,"Who We Are At Kyndryl, we run and reimagine the mission-critical technology systems that drive advantage for the world's leading businesses. We are at the heart of progress; with proven expertise and a continuous flow of AI-powered insight, enabling smarter decisions, faster innovation, and a lasting competitive edge. For our people-Kyndryls-that means doing purposeful work that powers human progress. Join us and experience a flexible, supportive environment where your well-being is prioritized ",https://www.themuse.com/jobs/kyndryl/ms-sql-database-administrator,Data and Analytics,Senior Level,2026-04-08,2026-05-02,themuse,Data and Analytics
fa28d9bca0de497f,Quality Technician II,Jabil,"Florence, KY",KY,,,,False,external,external,Data and Analytics,Informatique / Tech,"At Jabil (NYSE: JBL), we are proud to be a trusted partner for the world's top brands, offering comprehensive engineering, supply chain, and manufacturing solutions. With 60 years of experience across industries and a vast network of over 100 sites worldwide, Jabil combines global reach with local expertise to deliver both scalable and customized solutions. Our commitment extends beyond business success as we strive to build sustainable processes that minimize environmental impact and foster vib",https://www.themuse.com/jobs/jabil/quality-technician-ii-2e8da1,Data and Analytics,Mid Level,2026-04-21,2026-05-02,themuse,Data and Analytics
fd60202e863a29f9,Customer Service Officer,GXO,"Venray, Netherlands",Netherlands,,,,False,external,external,Data and Analytics,Informatique / Tech,"Logistics at full potential Are you fueled by the satisfaction of supporting and serving our valued customers? Is delivering top-notch customer service your passion and priority? If so, then seize the opportunity to join us as a full-time Customer Service Officer at our Venray site. As a Customer Service Officer, you'll play a pivotal role in ensuring the seamless flow of operations, both administratively and internally. You'll serve as a vital link between our warehouse and our external custome",https://www.themuse.com/jobs/gxo/customer-service-officer-1b717c,Data and Analytics,Mid Level,2024-12-18,2026-05-02,themuse,Data and Analytics
6f5a58d9eef9c036,"Senior, Data Engineer - Backend - Data Ventures",Walmart,"Fayetteville, AR",AR,,,,False,external,external,Data and Analytics,Informatique / Tech,"Position Summary... What you'll do... At Walmart, we help people save money, so they can live better. This mission serves as the foundation for every decision we make and drives us to create the future of retail. We can't do that without the best talent - talent that is innovative, curious, and driven to create exceptional experiences for our customers. Do you have boundless energy and passion for engineering data used to solve dynamic problems that will shape the future of retail? With the shee",https://www.themuse.com/jobs/walmart/senior-data-engineer-backend-data-ventures-eef16d,Data and Analytics,Senior Level,2025-09-12,2026-05-02,themuse,Data and Analytics
7710beb27143add3,"Director, Data Analytics - Financial Services",Walmart,"Bentonville, AR",AR,,,,False,external,external,Data and Analytics,Informatique / Tech,"Position Summary... Join us as the Director of Data Analytics, where you'll lead transformative analytics initiatives across our financial services business. In this high-impact role, you'll turn complex datasets into actionable insights and partner with senior leaders to drive business strategy. This is a unique opportunity to shape data-driven decision-making and scale analytics practices in a dynamic, growth-focused environment. About the Team Our analytics team operates at the intersection o",https://www.themuse.com/jobs/walmart/director-data-analytics-financial-services-a1952b,Data and Analytics,Senior Level,2025-08-30,2026-05-02,themuse,Data and Analytics
7aff4cb92f198d80,LEAD ADMINISTRATOR L2,Wipro,"Pune, India",India,,,,False,external,external,Data and Analytics,Informatique / Tech,"City: Pune State/Province: Maharashtra Posting Start Date: 3/23/26 Wipro Limited (NYSE: WIT, BSE: 507685, NSE: WIPRO) is a leading technology services and consulting company focused on building innovative solutions that address clients' most complex digital transformation needs. Leveraging our holistic portfolio of capabilities in consulting, design, engineering, and operations, we help clients realize their boldest ambitions and build future-ready, sustainable businesses. With over 230,000 empl",https://www.themuse.com/jobs/wipro/lead-administrator-l2-0697a5,Data and Analytics,Senior Level,2026-04-17,2026-05-02,themuse,Data and Analytics
02aed25888929dfa,"(USA) Senior, Data Scientist",Walmart,"Waldorf, MD",MD,,,,False,external,external,Data and Analytics,Informatique / Tech,Position Summary... What you'll do... Chance to work on financial data for complex problems/challenges. Utilize LLMs/Genai systems and architectures to build and deploy state-of-the-art Genai systems. Our team collaborates closely with Finance teams to enhance financial planning and strategic decision-making through cutting-edge data-driven solutions. We specialize in a range of initiatives which provides actionable insights into trends and patterns and leveraging Generative AI (Genai) to produc,https://www.themuse.com/jobs/walmart/usa-senior-data-scientist-95edf4,Data and Analytics,Senior Level,2025-09-03,2026-05-02,themuse,Data and Analytics
ab5301fbeb038c8e,Process Improvement Specialist - Sourcing & Procurement,Labcorp,"Burlington, NC",NC,,,,True,external,external,Data and Analytics,Informatique / Tech,"Labcorp is seeking a hybrid Process Improvement Specialist - Sourcing &amp; Procurement to join our team in Burlington or Durham, North Carolina. Work Schedule Hybrid schedule: three days on-site in Burlington or Durham, NC (Wednesday required), two days remote Flexibility to support stakeholders across multiple time zones as needed Job Responsibilities Identifies true process, governance, and handoff inefficiencies and converts them into prioritized, actionable recommendations. Enhances end-to-",https://www.themuse.com/jobs/labcorp/process-improvement-specialist-sourcing-procurement-13355e,Data and Analytics,Senior Level,2026-04-18,2026-05-02,themuse,Data and Analytics
d13fecb817f6a3ef,"Principal, Account SE",Salesforce,Flexible / Remote,Flexible / Remote,,,,True,external,external,Data and Analytics,Informatique / Tech,"To get the best candidate experience, please consider applying for a maximum of 3 roles within 12 months to ensure you are not duplicating efforts. Job Category Sales Job Details About Salesforce Salesforce is the #1 AI CRM, where humans with agents drive customer success together. Here, ambition meets action. Tech meets trust. And innovation isn't a buzzword - it's a way of life. The world of work as we know it is changing and we're looking for Trailblazers who are passionate about bettering bu",https://www.themuse.com/jobs/salesforce/principal-account-se-0747f8,Data and Analytics,Mid Level,2026-04-11,2026-05-02,themuse,Data and Analytics
174b1bf4588f2ed2,"Senior, Data Analyst",Walmart,"Springdale, AR",AR,,,,False,external,external,Data and Analytics,Informatique / Tech,Position Summary... What you'll do... Data Source Identification Requires knowledge of Functional business domain and scenarios Categories of data and where it is held Business data requirements Database technologies and distributed datastores eg SQL NoSQL Data Quality Existing business systems and processes including the key drivers and measures of success To support the understanding of the priority order of requirements and service level agreements Help identify the most suitable source for d,https://www.themuse.com/jobs/walmart/senior-data-analyst-83a201,Data and Analytics,Senior Level,2025-08-29,2026-05-02,themuse,Data and Analytics
fc0a601e12343233,"Business Process Improvement Analyst- Dahlgren, VA",Deloitte,"Arlington, VA",VA,,,,False,external,external,Data and Analytics,Informatique / Tech,"Position Summary Our Deloitte Finance Transformation team practices to help chief financial officers, controllers, and finance teams define and execute their finance and global business services agendas and strategies. You will work with leading-class teams and solutions, helping clients navigate challenging environments, market uncertainty, technology development, and regulatory considerations to unlock value. Your work may span strategy, operations, process design, and technology as we partner",https://www.themuse.com/jobs/deloitte/business-process-improvement-analyst-dahlgren-va,Data and Analytics,Mid Level,2026-04-18,2026-05-02,themuse,Data and Analytics
cb7f304ccf24c910,"(USA) Principal, Data Scientist",Walmart,"Rogers, AR",AR,,,,False,external,external,Data and Analytics,Informatique / Tech,Position Summary... What you'll do... Job Summary: Chance to work on financial data forecasting for complex retail problems/challenges. Utilize deep learning methods and architectures to build and deploy state-of-the-art forecasting systems. Will also be working on causal inference problems for scenario-based adjustment. About the Team: Our team collaborates closely with Finance teams to enhance financial planning and strategic decision-making through cutting-edge data-driven solutions. We speci,https://www.themuse.com/jobs/walmart/usa-principal-data-scientist-2a4bc6,Data and Analytics,Senior Level,2025-09-05,2026-05-02,themuse,Data and Analytics
8c54570f62d67f53,Cyber Analyst Intern,Kyndryl,Flexible / Remote,Flexible / Remote,,,,True,external,external,Data and Analytics,Informatique / Tech,"Who We Are At Kyndryl, we run and reimagine the mission-critical technology systems that drive advantage for the world's leading businesses. We are at the heart of progress; with proven expertise and a continuous flow of AI-powered insight, enabling smarter decisions, faster innovation, and a lasting competitive edge. For our people-Kyndryls-that means doing purposeful work that powers human progress. Join us and experience a flexible, supportive environment where your well-being is prioritized ",https://www.themuse.com/jobs/kyndryl/cyber-analyst-intern,Data and Analytics,Internship,2026-04-03,2026-05-02,themuse,Data and Analytics
d2e4401dceef8b14,Senior Catastrophe Risk Modeling Analyst,The Hartford,"Hartford, CT",CT,,,,False,external,external,Data and Analytics,Informatique / Tech,"Risk Manager - KR07AE We're determined to make a difference and are proud to be an insurance company that goes well beyond coverages and policies. Working here means having every opportunity to achieve your goals - and to help others accomplish theirs, too. Join our team as we help shape the future. Senior Catastrophe Risk Modeling Analyst We are seeking a Senior Catastrophe Risk Modeling Analyst to join Insurance Risk Management. This role supports catastrophe modeling, regulatory reporting, re",https://www.themuse.com/jobs/thehartford/senior-catastrophe-risk-modeling-analyst-87f6f8,Data and Analytics,Senior Level,2026-04-08,2026-05-02,themuse,Data and Analytics
e37e4386cfa4d9e3,Asociado de producción - Nivel 1,Cummins,"El Paso, TX",TX,,,,False,external,external,Data and Analytics,Informatique / Tech,"DESCRIPTION Resumen de trabajo: Opera máquinas y equipos de producción conforme a los requisitos de calidad y productividad de manera segura en un entorno de fabricación con orientación directa. Responsabilidades clave: Salud, seguridad y medioambiente (Health, Safety &amp; Environmental, HSE) Detener el trabajo e informar inmediatamente cualquier peligro de lesiones importantes. Informar cualquier lesión, enfermedad, incidente o peligro relacionados con el trabajo. Cumplir con las normas, las p",https://www.themuse.com/jobs/cummins/asociado-de-produccion-nivel-1-b2a6ad,Data and Analytics,Mid Level,2026-04-23,2026-05-02,themuse,Data and Analytics
63afa44dee94bb15,Agentic Process Consultant,Salesforce,"Atlanta, GA",GA,,,,False,external,external,Data and Analytics,Informatique / Tech,"To get the best candidate experience, please consider applying for a maximum of 3 roles within 12 months to ensure you are not duplicating efforts. Job Category Sales Job Details About Salesforce Salesforce is the #1 AI CRM, where humans with agents drive customer success together. Here, ambition meets action. Tech meets trust. And innovation isn't a buzzword - it's a way of life. The world of work as we know it is changing and we're looking for Trailblazers who are passionate about bettering bu",https://www.themuse.com/jobs/salesforce/agentic-process-consultant-dc87fd,Data and Analytics,Senior Level,2026-04-14,2026-05-02,themuse,Data and Analytics
473027f2e28b3f57,PwC Tech - Gen AI Tech Lead (Manager),PwC,N/A,N/A,,,,False,external,external,Data and Analytics,Informatique / Tech,"At PwC, our people in software and product innovation focus on developing cutting-edge software solutions and driving product innovation to meet the evolving needs of clients. These individuals combine technical experience with creative thinking to deliver innovative software products and solutions. Those in software engineering at PwC will focus on developing innovative software solutions to drive digital transformation and enhance business performance. In this field, you will use your knowledg",https://www.themuse.com/jobs/pwc/pwc-tech-gen-ai-tech-lead-manager,Data and Analytics,Senior Level,2026-05-01,2026-05-02,themuse,Data and Analytics
08a5c23fb5fe7227,Retail Associate - Cart Attendant,Walmart,"Los Lunas, NM",NM,,,,False,external,external,Data and Analytics,Informatique / Tech,"Position Summary... We are looking for people who take pride in their work to join our team. You help shape our member's entire shopping experience by giving them a positive first and last impression. In the member assist - cart attendant role, you are responsible for ensuring members see a well-kept parking lot which includes helping members with their purchases, and ensure there are carts ready and available. You will also assist our members with their club pick up orders, helping them load th",https://www.themuse.com/jobs/walmart/retail-associate-cart-attendant-b58385,Data and Analytics,Mid Level,2025-08-13,2026-05-02,themuse,Data and Analytics
0618af652e9e0b05,Associé/Associée de Magasin de Détail Temps Partiel Winners - Galeries Joliette,"The TJX Companies, Inc.","Joliette, Canada",Canada,,,,False,external,external,Data and Analytics,Informatique / Tech,"Winners At TJX Canada, every day brings new opportunities for growth, exploration, and achievement. You'll be part of our vibrant team that embraces diversity, fosters collaboration, and prioritizes your development. Whether you're working in our Distribution Centers, Corporate Offices, or Retail Stores-WINNERS, HomeSense, and Marshalls, you'll find abundant opportunities to learn, thrive, and make an impact. Come join our TJX family-a Fortune 100 company and the world's leading off-price retail",https://www.themuse.com/jobs/thetjxcompaniesinc/associeassociee-de-magasin-de-detail-temps-partiel-winners-galeries-joliette,Data and Analytics,Mid Level,2026-04-30,2026-05-02,themuse,Data and Analytics
9b658acf4e803f3d,French /Hausa,Leidos,"Reston, VA",VA,,,,False,external,external,Data and Analytics,Informatique / Tech,"Description French/Hausa Linguist Make a Global Impact - Join the Mission at Leidos Are you ready to apply your linguistic expertise to meaningful work that directly supports national security? At Leidos , we bring together innovative minds, cutting-edge technology, and a commitment to excellence to solve the world's toughest challenges. Join a team where your contributions truly matter, and where you'll have the resources and support to thrive professionally and personally. Leidos will sponsor ",https://www.themuse.com/jobs/leidos/french-hausa,Data and Analytics,Senior Level,2026-04-08,2026-05-02,themuse,Data and Analytics
11c8f786efce7190,PeopleSoft Financial - Techno/Functional Developer,Leidos,"Pune, India",India,,,,False,external,external,Data and Analytics,Informatique / Tech,"Description Looking for an opportunity to make an impact? At Leidos , we deliver innovative solutions through the efforts of our diverse and talented people who are dedicated to our customers' success. We empower our teams, contribute to our communities, and operate sustainably. Everything we do is built on a commitment to do the right thing for our customers, our people, and our community. Our Mission, Vision, and Values guide the way we do business. If this sounds like the kind of environment ",https://www.themuse.com/jobs/leidos/peoplesoft-financial-technofunctional-developer-0853bc,Data and Analytics,Mid Level,2026-04-17,2026-05-02,themuse,Data and Analytics
cb17860c68d5afcb,TECHNICAL LEAD L1,Wipro,"Hyderabad, India",India,,,,False,external,external,Data and Analytics,Informatique / Tech,"City: Hyderabad State/Province: Telangana Posting Start Date: 3/25/26 Wipro Limited (NYSE: WIT, BSE: 507685, NSE: WIPRO) is a leading technology services and consulting company focused on building innovative solutions that address clients' most complex digital transformation needs. Leveraging our holistic portfolio of capabilities in consulting, design, engineering, and operations, we help clients realize their boldest ambitions and build future-ready, sustainable businesses. With over 230,000 e",https://www.themuse.com/jobs/wipro/technical-lead-l1-f7f12f,Data and Analytics,Senior Level,2026-04-14,2026-05-02,themuse,Data and Analytics
c5ad484a7b4b4fad,Content Risk Evaluation Team Lead (Mandarin Speaking) - Safety Model Operations - Kuala Lumpur,TikTok,Singapore,Singapore,,,,False,external,external,Data and Analytics,Informatique / Tech,"Responsibilities The Safety Model Operations [SMO] team is responsible for building, optimizing, and maintaining machine learning models and operational processes that support TikTok's Trust &amp; Safety systems. We ensure that automated safety models perform effectively in identifying harmful content, mitigating risks, and maintaining a safe user environment across regions. The SMO Delivery Team plays a critical role in the organization. Its primary responsibility is to carry out the full spect",https://www.themuse.com/jobs/tiktok/content-risk-evaluation-team-lead-mandarin-speaking-safety-model-operations-kuala-lumpur-0b1541,Data and Analytics,Senior Level,2026-04-28,2026-05-02,themuse,Data and Analytics
a6a37c36a8193519,"Software QA Automation Lead, AI Systems (SuperAgent Team)",Cadence,"Cork, Ireland",Ireland,,,,False,external,external,Data and Analytics,Informatique / Tech,"At Cadence, we hire and develop leaders and innovators who want to make an impact on the world of technology. Cadence is a pivotal leader in electronic design, building upon more than 30 years of computational software expertise. We apply our Intelligent System Design strategy to deliver software, hardware, and IP that turn design concepts into reality. This strategy is supplemented by AI-augmented development practices throughout all our organizations to empower our team to focus on creative pr",https://www.themuse.com/jobs/cadence/software-qa-automation-lead-ai-systems-superagent-team,Data and Analytics,Senior Level,2026-04-11,2026-05-02,themuse,Data and Analytics
97ced0826ef8e641,Reasoning Annotation Project Opportunity- India,TELUS Digital,Flexible / Remote,Flexible / Remote,,,,True,external,external,Data and Analytics,Informatique / Tech,Description and Requirements Task Description: Develop complex user prompts that incorporate pairs of mathematical skills in a non-trivial manner. The model responses to these prompts will be reviewed and annotated to identify and correct errors at each incorrect step in the model response. The Project can be completed remotely from the comfort of your own home. Expected Project Duration: January 10th 2025 - Mid January 2025 Estimated time to complete the task: 3-4 hours per day Payment PhD Degr,https://www.themuse.com/jobs/telusdigital/reasoning-annotation-project-opportunity-india,Data and Analytics,Mid Level,2025-08-31,2026-05-02,themuse,Data and Analytics
fd5fb01a82476e47,PRODUCTION AGENT L1,Wipro,"Gurgaon, India",India,,,,False,external,external,Data and Analytics,Informatique / Tech,"City: Gurugram State/Province: Haryana Posting Start Date: 4/10/26 Wipro Limited (NYSE: WIT, BSE: 507685, NSE: WIPRO) is a leading technology services and consulting company focused on building innovative solutions that address clients' most complex digital transformation needs. Leveraging our holistic portfolio of capabilities in consulting, design, engineering, and operations, we help clients realize their boldest ambitions and build future-ready, sustainable businesses. With over 230,000 empl",https://www.themuse.com/jobs/wipro/production-agent-l1-2e9f8a,Data and Analytics,Mid Level,2026-04-28,2026-05-02,themuse,Data and Analytics
c9555d6211a9d1d3,TECHNICAL LEAD L1,Wipro,"Chennai, India",India,,,,False,external,external,Data and Analytics,Informatique / Tech,"City: Chennai State/Province: Tamil Nadu Posting Start Date: 4/17/26 Wipro Limited (NYSE: WIT, BSE: 507685, NSE: WIPRO) is a leading technology services and consulting company focused on building innovative solutions that address clients' most complex digital transformation needs. Leveraging our holistic portfolio of capabilities in consulting, design, engineering, and operations, we help clients realize their boldest ambitions and build future-ready, sustainable businesses. With over 230,000 em",https://www.themuse.com/jobs/wipro/technical-lead-l1-c27fd4,Data and Analytics,Senior Level,2026-04-19,2026-05-02,themuse,Data and Analytics
00282d1c0e252c44,"Staff, Data Engineer",Walmart,"Rogers, AR",AR,,,,False,external,external,Data and Analytics,Informatique / Tech,"Position Summary... Come join our People Data Engineering Team @Walmart where you'll have the opportunity to manage people data at Walmart scale and make sure the consistent data is being utilized across transactional and analytical systems. What you'll do... About Team: The Enterprise People Technology team supports the successful deployment and adoption of new People technology across the enterprise. As a Fortune #1 company, our work impacts millions of associates globally. We strive to contin",https://www.themuse.com/jobs/walmart/staff-data-engineer-6ea9ba,Data and Analytics,Senior Level,2025-08-13,2026-05-02,themuse,Data and Analytics
4823e497d1dcd535,Transactions Specialist I - Receivable Operations,JPMorgan Chase,"Tempe, AZ",AZ,,,,False,external,external,Data and Analytics,Informatique / Tech,"Join Chase, where you will have the opportunity to make real innovative impacts to our customers and be part of an innovative and dynamic environment where every day brings new challenges and opportunities. As a Transactions Specialist I within JPMorganChase, you will be responsible for processing transactions which can include moderately complex tasks. You will be expected to adhere to established procedures and guidelines, while maintaining production targets with accuracy. This position offer",https://www.themuse.com/jobs/jpmorganchase/transactions-specialist-i-receivable-operations-7224bc,Data and Analytics,Mid Level,2026-04-30,2026-05-02,themuse,Data and Analytics
d660bb562cd32386,"Consulting, Senior Consultant",Deloitte,"Tampa, FL",FL,,,,True,external,external,Data and Analytics,Informatique / Tech,"Position Summary Deloitte Consulting LLP seeks a Consulting, Senior Consultant in Tampa, Florida and various unanticipated Deloitte office locations and client sites nationally. Work You'll Do Drive software advisory and implementation services to help bring world class Supply Chain network capabilities, operational know-how, digital technologies, advanced analytics, and industry-specific hybrid solutions. Perform assessments of existing information systems and identify gaps between business req",https://www.themuse.com/jobs/deloitte/consulting-senior-consultant-b133e3,Data and Analytics,Senior Level,2025-03-08,2026-05-02,themuse,Data and Analytics
fd0dc846708c7001,TECHNICAL LEAD L1,Wipro,"Hyderabad, India",India,,,,False,external,external,Data and Analytics,Informatique / Tech,"City: Hyderabad State/Province: Telangana Posting Start Date: 4/19/26 Wipro Limited (NYSE: WIT, BSE: 507685, NSE: WIPRO) is a leading technology services and consulting company focused on building innovative solutions that address clients' most complex digital transformation needs. Leveraging our holistic portfolio of capabilities in consulting, design, engineering, and operations, we help clients realize their boldest ambitions and build future-ready, sustainable businesses. With over 230,000 e",https://www.themuse.com/jobs/wipro/technical-lead-l1-5dbf66,Data and Analytics,Senior Level,2026-04-19,2026-05-02,themuse,Data and Analytics
9da598ba47624d3a,"Manager, Merchandising Planning - Tablets",Walmart,"Rogers, AR",AR,,,,False,external,external,Data and Analytics,Informatique / Tech,"Position Summary... What you'll do... Relocation Required to Bentonville, AR At Walmart, we help people save money so they can live better. This mission serves as the foundation for every decision we make and drives us to create the future of retail. In this role, you will be focused in on assessing business financial performance, forecasting, and influencing category modular and feature strategy and financial plans. You'll be the expert for your category and leverage the scale of Walmart to tru",https://www.themuse.com/jobs/walmart/manager-merchandising-planning-tablets-6d3c04,Data and Analytics,Senior Level,2025-09-09,2026-05-02,themuse,Data and Analytics
cad1d405039a66ca,"Global Director of Software and Data Engineering, Enterprise Data Office",Capital Group,"London, United Kingdom",United Kingdom,,,,False,external,external,Data and Analytics,Informatique / Tech,"""I can be myself at work."" You are more than a job title. We want you to feel comfortable doing great work and bringing your best, authentic self to everything you do. We value your talents, traditions, and uniqueness-and we're committed to fostering a strong sense of belonging in a respectful workplace. We intentionally seek diverse perspectives, experiences, and backgrounds, investing in a culture designed to celebrate differences. We believe that belonging leads to better outcomes and a stron",https://www.themuse.com/jobs/capitalgroup/global-director-of-software-and-data-engineering-enterprise-data-office-846fa4,Data and Analytics,Senior Level,2026-02-06,2026-05-02,themuse,Data and Analytics
5c7e7866a840e43e,Aruba/ Silverpeak + SDWAN,Wipro,"Pune, India",India,,,,False,external,external,Data and Analytics,Informatique / Tech,"City: Pune State/Province: Maharashtra Posting Start Date: 3/30/26 Wipro Limited (NYSE: WIT, BSE: 507685, NSE: WIPRO) is a leading technology services and consulting company focused on building innovative solutions that address clients' most complex digital transformation needs. Leveraging our holistic portfolio of capabilities in consulting, design, engineering, and operations, we help clients realize their boldest ambitions and build future-ready, sustainable businesses. With over 230,000 empl",https://www.themuse.com/jobs/wipro/aruba-silverpeak-sdwan,Data and Analytics,Senior Level,2026-04-17,2026-05-02,themuse,Data and Analytics
1d0e052972eafa7d,Senior Analyst,Wipro,"Bangalore, India",India,,,,False,external,external,Data and Analytics,Informatique / Tech,"City: Bengaluru State/Province: Karnataka Posting Start Date: 4/8/25 Job Description: Job Description Job Location: Gurgaon and Mumbai Time: 2:00 PM-11:30 PM WFO Only JOB DESCRIPTION: Responsibilities: • Hands on experience with asset servicing, processing principal activities like Drawdown, Paydown, Interest in Geneva • Reconcile cash and positions across all funds on daily basis using DUCO platform • Reviewing upcoming activities exceptions from Geneva - WSO accelerator, contract modifications",https://www.themuse.com/jobs/wipro/senior-analyst-194b63,Data and Analytics,Senior Level,2026-04-18,2026-05-02,themuse,Data and Analytics
0dbb02768f54d680,Warehouse Supervisor,Walmart,"Clermont, KY",KY,,,,False,external,external,Data and Analytics,Informatique / Tech,Position Summary... What you'll do... Data and Digital Literacy Possesses knowledge of Data collection modes techniques and tools data analytics To be able to carry out the following responsibilities Articulates the levers that influence data Ensures data quality and organizes processes information for analysis Develops and implements technology changes across multiple processes within assigned area of work Environmental Protection Possesses knowledge of Environmental policies and procedures app,https://www.themuse.com/jobs/walmart/warehouse-supervisor-c34b5c,Data and Analytics,Mid Level,2025-09-06,2026-05-02,themuse,Data and Analytics
439671beb198d839,Quality Delivery Analyst - Korea,TikTok,"Seoul, South Korea",South Korea,,,,False,external,external,Data and Analytics,Informatique / Tech,"Responsibilities About the Team The Search Operations team aims to improve search user experience, contribute significant DAU impact to the products and drive for increase in traffic and GMV. - Responsible for supporting the decision making of APAC Search capacity planning by closely following global manpower distribution and conducting ROI analysis - Responsible for providing insights into the sustainable and effective global functioning of the organization based on business operations and futu",https://www.themuse.com/jobs/tiktok/quality-delivery-analyst-korea,Data and Analytics,Mid Level,2025-07-29,2026-05-02,themuse,Data and Analytics
f28ba4bc6af50935,"Manager, Advanced Analytics",Walmart,"Springdale, AR",AR,,,,False,external,external,Data and Analytics,Informatique / Tech,"Position Summary... What you'll do... Business Partnerships: Collaborates with leadership and business partners (e.g., Directors) to understand goals, functional objectives, and key business challenges, with a focus on product marketing analytics and engagement analytics. Develops hypotheses around current and future business issues, including product adoption, customer engagement, and marketing effectiveness. Identifies analytics and research objectives related to product performance, customer ",https://www.themuse.com/jobs/walmart/manager-advanced-analytics-f24ec6,Data and Analytics,Senior Level,2025-08-13,2026-05-02,themuse,Data and Analytics
b9e6ba53f5d89b8d,Data Analysis & Insights Project Intern (TikTok Shop) - 2026 Start (BS/MS),TikTok,"Milan, Italy",Italy,,,,False,external,external,Data and Analytics,Informatique / Tech,"Responsibilities About the team the e-commerce industry has seen tremendous growth in recent years and has become a hotly contested space amongst leading Internet companies, and its future growth cannot be underestimated. With millions of loyal users globally, we believe TikTok is an ideal platform to deliver a brand new and better e-commerce experience to our users. As a project intern, you will have the opportunity to engage in impactful short-term projects that provide you with a glimpse of p",https://www.themuse.com/jobs/tiktok/data-analysis-insights-project-intern-tiktok-shop-2026-start-bsms,Data and Analytics,Internship,2026-04-09,2026-05-02,themuse,Data and Analytics
210a5341611ee2aa,Coordenador de Digital Analytics Tech,Experian,"São Paulo, Brazil",Brazil,,,,False,external,external,Data and Analytics,Informatique / Tech,"Company Description A Serasa Experian é a primeira e a maior Datatech do Brasil. Líder em soluções de inteligência para análise de riscos e oportunidades, com foco nas jornadas de crédito, autenticação e prevenção à fraude. Com tecnologia de ponta, inovação e os melhores talentos, transforma a incerteza do risco na melhor decisão, ajudando pessoas a realizarem seus sonhos e empresas de todos os portes e segmentos a prosperarem. Temos 22.000 pessoas operando em 32 países e a cada dia estamos inve",https://www.themuse.com/jobs/experian/coordenador-de-digital-analytics-tech,Data and Analytics,Mid Level,2026-04-11,2026-05-02,themuse,Data and Analytics
70a57b8f4b779112,"Manager, Merchandising Planning - Tablets",Walmart,"Fayetteville, AR",AR,,,,False,external,external,Data and Analytics,Informatique / Tech,"Position Summary... What you'll do... Relocation Required to Bentonville, AR At Walmart, we help people save money so they can live better. This mission serves as the foundation for every decision we make and drives us to create the future of retail. In this role, you will be focused in on assessing business financial performance, forecasting, and influencing category modular and feature strategy and financial plans. You'll be the expert for your category and leverage the scale of Walmart to tru",https://www.themuse.com/jobs/walmart/manager-merchandising-planning-tablets-dc0469,Data and Analytics,Senior Level,2025-09-09,2026-05-02,themuse,Data and Analytics
4b7431f660e58f65,Senior Financial Data Analyst,Deloitte,"Arlington, VA",VA,,,,False,external,external,Data and Analytics,Informatique / Tech,"Position Summary Our Deloitte Finance Transformation team practices to help chief financial officers, controllers, and finance teams define and execute their finance and global business services agendas and strategies. You will work with leading-class teams and solutions, helping clients navigate challenging environments, market uncertainty, technology development, and regulatory considerations to unlock value. Your work may span strategy, operations, process design, and technology as we partner",https://www.themuse.com/jobs/deloitte/senior-financial-data-analyst,Data and Analytics,Senior Level,2026-04-21,2026-05-02,themuse,Data and Analytics
1157fb99fe8520d6,Pharmacy Benefit Manager Data Analyst (Meritain Health),CVS Health,"Buffalo, NY",NY,,,,False,external,external,Data and Analytics,Informatique / Tech,"At CVS Health, we're building a world of health around every consumer and surrounding ourselves with dedicated colleagues who are passionate about transforming health care.As the nation's leading health solutions company, we reach millions of Americans through our local presence, digital channels and more than 300,000 purpose-driven colleagues - caring for people where, when and how they choose in a way that is uniquely more connected, more convenient and more compassionate. And we do it all wit",https://www.themuse.com/jobs/cvshealth/pharmacy-benefit-manager-data-analyst-meritain-health-da7138,Data and Analytics,Senior Level,2025-05-12,2026-05-02,themuse,Data and Analytics
14f41464531db0bc,"Manager, Operations Analytics - Walmart Connect",Walmart,"Cupertino, CA",CA,,,,False,external,external,Data and Analytics,Informatique / Tech,"Position Summary... What you'll do... About Walmart Connect: With nearly 90% of U.S. households shopping with us every year, Walmart is deeply integrated into customers' lives and understands how they engage with products and brands throughout their shopping journey. Walmart Connect helps brands connect with our customers more often and more meaningfully than ever before to accelerate shared growth. As the closed-loop media business of America's largest omnichannel retailer, Walmart Connect offe",https://www.themuse.com/jobs/walmart/manager-operations-analytics-walmart-connect-aca3a4,Data and Analytics,Mid Level,2025-08-29,2026-05-02,themuse,Data and Analytics
d6afaa75380b6d0f,GE Vernova Master Data Management (MDM) Leader (m/f),GE Vernova,"Budapest, Hungary",Hungary,,,,False,external,external,Data and Analytics,Informatique / Tech,"Job Description Summary The GEV Master Data Management (MDM) Leader is accountable for implementing a Master Data Management program with an initial focus on delivering a fully operational Business Partner Master, including Customer, Supplier, and Legal Entity domains. Cross-functional collaboration and visionary leadership are essential, as the MDM Leader will bridge business functions and segments to facilitate organizational change and advance GEV's data-driven culture. By fostering alignment",https://www.themuse.com/jobs/gevernova/ge-vernova-master-data-management-mdm-leader-mf-48923a,Data and Analytics,Senior Level,2026-04-30,2026-05-02,themuse,Data and Analytics
a50d65ef6ab59ca3,"Safety OnCall Specialist, Trust & Safety",TikTok,Singapore,Singapore,,,,False,external,external,Data and Analytics,Informatique / Tech,"Responsibilities About the team The Account, Interaction &amp; Search Safety Team is a lean, agile team dedicated to safeguarding user interactions across Account, Search, Comments and Messages. Our mission is to adapt quickly and respond effectively to the evolving demands of platform safety. By streamlining workflows and establishing efficient operational processes, we prioritize rapid problem-solving to support moderation efforts and provide seamless cross-team collaboration to address safety",https://www.themuse.com/jobs/tiktok/safety-oncall-specialist-trust-safety,Data and Analytics,Mid Level,2026-04-09,2026-05-02,themuse,Data and Analytics
c9bd577cfd5a149b,"Class A CDL Delivery Driver - Oklahoma City, OK",US Foods,"Oklahoma City, OK",OK,,,,False,external,external,Data and Analytics,Informatique / Tech,"ARE YOU A CURRENT US FOODS EMPLOYEE? PLEASE APPLY DIRECTLY THROUGH OUR INTERNAL WORKDAY CAREER SITE. Join Our Community of Food People! B ECOME A US FOODS® DRIVER! Ready to build a career with a company that's leading the foodservice industry? We help YOU make it! Our Delivery Drivers make $28.53 /hour With our Flex Scheduling options, a true work-life balance is within reach at US Foods! Multiple full-time shift/schedules available, options will include both 5-day &amp; 4-day workweeks Dependin",https://www.themuse.com/jobs/usfoods/class-a-cdl-delivery-driver-oklahoma-city-ok-64da7a,Data and Analytics,Mid Level,2024-11-02,2026-05-02,themuse,Data and Analytics
0f8b997ab8879801,Lead Software Engineer - Big Data,JPMorgan Chase,"Mumbai, India",India,,,,False,external,external,Data and Analytics,Informatique / Tech,"We have an opportunity to impact your career and provide an adventure where you can push the limits of what's possible. As a Lead Software Engineer at JPMorgan Chase within the Technology Division, you are part of an agile team that works to enhance, design, and deliver the software components of the firm's state-of-the-art technology products in a secure, stable, and scalable way. As an emerging member of a software engineering team, you execute software solutions through the design, developmen",https://www.themuse.com/jobs/jpmorganchase/lead-software-engineer-big-data-72a299,Data and Analytics,Senior Level,2026-05-01,2026-05-02,themuse,Data and Analytics
0172f520e9ed5f4a,DDP Technical Product Support (TPS) III,Applied Materials,"Portland, OR",OR,,,,False,external,external,Data and Analytics,Informatique / Tech,"Who We Are Applied Materials is a global leader in materials engineering solutions used to produce virtually every new chip and advanced display in the world. We design, build and service cutting-edge equipment that helps our customers manufacture display and semiconductor chips - the brains of devices we use every day. As the foundation of the global electronics industry, Applied enables the exciting technologies that literally connect our world - like AI and IoT. If you want to push the bounda",https://www.themuse.com/jobs/appliedmaterials/ddp-technical-product-support-tps-iii-1a93fc,Data and Analytics,Mid Level,2026-04-07,2026-05-02,themuse,Data and Analytics
d28166a52271c253,Independent Optometrist - Walmart,Walmart,"Albuquerque, NM",NM,,,,False,external,external,Data and Analytics,Informatique / Tech,Position Summary... What you'll do... Launch your services in Walmart stores! As an Independent Optometrist leasing space inside our Walmart stores you will take a leading role in patient care with respect to eye and vision care as well as general health and wellbeing. As an independent lease holder you have the autonomy to: Establish your days of practice Establish your hours of operation Control your patient schedule Set your fee schedule Keep 100 of exam/professional fees For a fair market va,https://www.themuse.com/jobs/walmart/independent-optometrist-walmart-34a524,Data and Analytics,Mid Level,2025-08-13,2026-05-02,themuse,Data and Analytics
400ab31941e3ab1a,Tech Sales Internship-Arabic Market,Salesforce,"Dubai, United Arab Emirates",United Arab Emirates,,,,False,external,external,Data and Analytics,Informatique / Tech,"To get the best candidate experience, please consider applying for a maximum of 3 roles within 12 months to ensure you are not duplicating efforts. About Futureforce University Recruiting Our Futureforce University Recruiting program is dedicated to attracting, retaining and cultivating talent. Our interns and new graduates work on real projects that affect how our business runs, giving them the opportunity to make a tangible impact on the future of our company. With offices all over the world, ",https://www.themuse.com/jobs/salesforce/tech-sales-internshiparabic-market,Data and Analytics,Internship,2026-04-01,2026-05-02,themuse,Data and Analytics
744177159b0b54bd,LEAD ADMINISTRATOR L1(CONTRACT),Wipro,"Pune, India",India,,,,False,external,external,Data and Analytics,Informatique / Tech,"City: Pune State/Province: Maharashtra Posting Start Date: 2/25/26 Wipro Limited (NYSE: WIT, BSE: 507685, NSE: WIPRO) is a leading technology services and consulting company focused on building innovative solutions that address clients' most complex digital transformation needs. Leveraging our holistic portfolio of capabilities in consulting, design, engineering, and operations, we help clients realize their boldest ambitions and build future-ready, sustainable businesses. With over 230,000 empl",https://www.themuse.com/jobs/wipro/lead-administrator-l1contract-a90c25,Data and Analytics,Senior Level,2026-04-26,2026-05-02,themuse,Data and Analytics
cfdbcdc4de5d49f3,Senior Machine Learning Engineer,Apple,"Cambridge, MA",MA,,,,False,external,external,Data and Analytics,Informatique / Tech,"Imagine what you could do here! The people here at Apple don't just create products - they build the kind of wonder that's revolutionized entire industries. It's the diversity of those people and their ideas that inspires the innovation that runs through everything we do, from amazing technology to industry-leading environmental efforts. At Apple, inclusion is a shared responsibility, and we work together to foster a culture where everyone belongs and is inspired to do their best work. Here on t",https://www.themuse.com/jobs/apple/senior-machine-learning-engineer-3f6e86,Data and Analytics,Senior Level,2026-05-01,2026-05-02,themuse,Data and Analytics
18ff5a599fe92ab5,DEVOPS LEAD L1,Wipro,"Hyderabad, India",India,,,,False,external,external,Data and Analytics,Informatique / Tech,"City: Hyderabad State/Province: Telangana Posting Start Date: 3/25/26 Wipro Limited (NYSE: WIT, BSE: 507685, NSE: WIPRO) is a leading technology services and consulting company focused on building innovative solutions that address clients' most complex digital transformation needs. Leveraging our holistic portfolio of capabilities in consulting, design, engineering, and operations, we help clients realize their boldest ambitions and build future-ready, sustainable businesses. With over 230,000 e",https://www.themuse.com/jobs/wipro/devops-lead-l1-5f313b,Data and Analytics,Senior Level,2026-04-18,2026-05-02,themuse,Data and Analytics
a737a9f1177805bb,"Financial Planning & Analysis, Associate",BlackRock,"Gurgaon, India",India,,,,False,external,external,Data and Analytics,Informatique / Tech,"About this role Business Unit Overview: The Financial Planning &amp; Analysis (FP&amp;A) team is critical to helping senior managers understand the business of investment management at BlackRock. We guide and produce budgets, short and long-range forecasts; build and analyze business metrics and identify cost savings opportunities; deliver economic insight into the relationships between costs and revenues to improve the financial success of the business going forward. We are a valued and critica",https://www.themuse.com/jobs/blackrock/financial-planning-analysis-associate-35f964,Data and Analytics,Senior Level,2026-04-19,2026-05-02,themuse,Data and Analytics
6814fdc23cc80e9d,LEAD ADMINISTRATOR L1,Wipro,"Hyderabad, India",India,,,,False,external,external,Data and Analytics,Informatique / Tech,"City: Hyderabad State/Province: Telangana Posting Start Date: 4/24/26 Wipro Limited (NYSE: WIT, BSE: 507685, NSE: WIPRO) is a leading technology services and consulting company focused on building innovative solutions that address clients' most complex digital transformation needs. Leveraging our holistic portfolio of capabilities in consulting, design, engineering, and operations, we help clients realize their boldest ambitions and build future-ready, sustainable businesses. With over 230,000 e",https://www.themuse.com/jobs/wipro/lead-administrator-l1-40c08e,Data and Analytics,Senior Level,2026-04-25,2026-05-02,themuse,Data and Analytics
e8c1325076692ed5,Analyst - Analytic Consulting Services,CVS Health,"East Lansing, MI",MI,,,,False,external,external,Data and Analytics,Informatique / Tech,"At CVS Health, we're building a world of health around every consumer and surrounding ourselves with dedicated colleagues who are passionate about transforming health care.As the nation's leading health solutions company, we reach millions of Americans through our local presence, digital channels and more than 300,000 purpose-driven colleagues - caring for people where, when and how they choose in a way that is uniquely more connected, more convenient and more compassionate. And we do it all wit",https://www.themuse.com/jobs/cvshealth/analyst-analytic-consulting-services-dc6dff,Data and Analytics,Mid Level,2025-04-09,2026-05-02,themuse,Data and Analytics
1d573bc68329b128,Agent des Ventes,Allstate,"Montreal, Canada",Canada,,,,False,external,external,Data and Analytics,Informatique / Tech,"À Allstate, de grandes choses se produisent lorsque les membres de notre personnel unissent leurs forces pour protéger les familles et leurs biens des incertitudes de la vie. Et depuis plus de 90 ans, notre sens de l'innovation nous a permis de devancer l'évolution des besoins de notre clientèle. De la défense des ceintures de sécurité, des coussins gonflables et des lois sur les permis de conduire, Allstate est devenue un chef de file de l'industrie en matière de sophistication des prix, de tél",https://www.themuse.com/jobs/allstate/agent-des-ventes-44fa3a,Data and Analytics,Mid Level,2026-05-01,2026-05-02,themuse,Data and Analytics
2ed04b1328eb6d43,"Senior Manager, Seller Planning (Marketplace)",Walmart,"Fayetteville, AR",AR,,,,False,external,external,Data and Analytics,Informatique / Tech,"Position Summary... What you'll do... The Walmart Marketplace is a curated community of respected, professional sellers who offer only top-quality, authentic products and best-in-class customer services. The Senior Manager, Marketplace Seller Planning, is responsible for developing, executing and communicating sales plans/budgets and forecasts to support marketplace sellers for the Home Marketplace Team. You will create, maintain and improve sale plans across the business with the main objective",https://www.themuse.com/jobs/walmart/senior-manager-seller-planning-marketplace-db81c2,Data and Analytics,Senior Level,2025-08-19,2026-05-02,themuse,Data and Analytics
1fbc37bd79f80dbb,Engineering Leader - Operational  Excellence,GE Vernova,"Schenectady, NY",NY,,,,False,external,external,Data and Analytics,Informatique / Tech,"Job Description Summary GE Vernova Purpose GE Vernova is accelerating the path to more reliable, affordable, and sustainable energy, while helping our customers power economies and deliver the electricity that is vital to health, safety, security, and improved quality of life. Are you excited at the opportunity to electrify and decarbonize the world? What impact you'll make As a leader in Heavy Duty New Unit (HDNU) Controls Engineering, you will play a pivotal role in driving both transformation",https://www.themuse.com/jobs/gevernova/engineering-leader-operational-excellence,Data and Analytics,Senior Level,2026-04-18,2026-05-02,themuse,Data and Analytics
4f88260b406db82b,SERVICE DESK ANALYST L1(CONTRACT),Wipro,"Mumbai, India",India,,,,False,external,external,Data and Analytics,Informatique / Tech,"City: Mumbai State/Province: Maharashtra Posting Start Date: 4/28/26 Wipro Limited (NYSE: WIT, BSE: 507685, NSE: WIPRO) is a leading technology services and consulting company focused on building innovative solutions that address clients' most complex digital transformation needs. Leveraging our holistic portfolio of capabilities in consulting, design, engineering, and operations, we help clients realize their boldest ambitions and build future-ready, sustainable businesses. With over 230,000 em",https://www.themuse.com/jobs/wipro/service-desk-analyst-l1contract-8f3359,Data and Analytics,Mid Level,2026-04-28,2026-05-02,themuse,Data and Analytics
3e52e75a2c7859c7,Databricks Engineering Manager,Deloitte,"Arlington, VA",VA,,,,False,external,external,Data and Analytics,Informatique / Tech,"Position Summary Our Deloitte AI &amp; Engineering team to transform technology platforms, drive innovation, and help make a significant impact on our clients' success. You'll work alongside talented professionals reimagining and reengineering operations and processes that are critical to businesses. Your contributions can help clients improve financial performance, accelerate new digital ventures, and fuel growth through innovation. Work You'll Do As a Manager in our AI &amp; Data practice, you",https://www.themuse.com/jobs/deloitte/databricks-engineering-manager,Data and Analytics,Senior Level,2026-04-18,2026-05-02,themuse,Data and Analytics
95e71176d91ead32,"WM Platforms Program Manager, VP",Morgan Stanley,"New York, NY",NY,,,,False,external,external,Data and Analytics,Informatique / Tech,"Morgan Stanley's Wealth Management (WM) Platforms organization is seeking a detail-oriented, analytical Vice President to serve as a Program Manager within the Program Management Office (PMO). In this role, you will coordinate across multi-disciplinary teams with a key focus on program delivery, risk monitoring, scope management, budgetary tracking and management reporting. You will partner with senior stakeholders across Product, Technology, UX, Analytics, Risk/Controls, and business channels t",https://www.themuse.com/jobs/morganstanley/wm-platforms-program-manager-vp,Data and Analytics,Senior Level,2026-04-29,2026-05-02,themuse,Data and Analytics
d88e9717a9a52d89,TECHNO FUNCTIONAL CONSULTANT L1,Wipro,"Bangalore, India",India,,,,False,external,external,Data and Analytics,Informatique / Tech,"City: Bengaluru State/Province: Karnataka Posting Start Date: 4/16/26 Wipro Limited (NYSE: WIT, BSE: 507685, NSE: WIPRO) is a leading technology services and consulting company focused on building innovative solutions that address clients' most complex digital transformation needs. Leveraging our holistic portfolio of capabilities in consulting, design, engineering, and operations, we help clients realize their boldest ambitions and build future-ready, sustainable businesses. With over 230,000 e",https://www.themuse.com/jobs/wipro/techno-functional-consultant-l1-068c68,Data and Analytics,Senior Level,2026-04-27,2026-05-02,themuse,Data and Analytics
a6300b723a08cc32,"TRICARE Beneficiary Services Representative - Wiesbaden, Germany",Leidos,"Wiesbaden, Germany",Germany,,,,False,external,external,Data and Analytics,Informatique / Tech,"Description Make a Difference - Join Our Leidos TRICARE Team in Wiesbaden, Germany! Are you looking for a rewarding opportunity? Leidos is accepting applications for a TRICARE Beneficiary Services Representative (BSR) , an essential role in supporting active-duty military members and their families. This position offers the chance to make a real impact, develop new skills, and contribute to a mission that matters. This requisition is for future openings. Qualified applicants will be contacted an",https://www.themuse.com/jobs/leidos/tricare-beneficiary-services-representative-wiesbaden-germany-44e9ff,Data and Analytics,Mid Level,2026-04-29,2026-05-02,themuse,Data and Analytics
6821842c7a4914c7,"Director, Data Analytics - Financial Services",Walmart,"Bentonville, AR",AR,,,,False,external,external,Data and Analytics,Informatique / Tech,"Position Summary... Join us as the Director of Data Analytics, where you'll lead transformative analytics initiatives across our financial services business. In this high-impact role, you'll turn complex datasets into actionable insights and partner with senior leaders to drive business strategy. This is a unique opportunity to shape data-driven decision-making and scale analytics practices in a dynamic, growth-focused environment. About the Team Our analytics team operates at the intersection o",https://www.themuse.com/jobs/walmart/director-data-analytics-financial-services-3297fb,Data and Analytics,Senior Level,2025-08-30,2026-05-02,themuse,Data and Analytics
d97b3aa0a42590cb,AI Senior Software Developer,General Motors,"Austin, TX",TX,,,,False,external,external,Data and Analytics,Informatique / Tech,"Description The Role: As an AI Platform Engineer on the Enterprise AI team, you will play a critical role in shaping GM's future through high-impact AI systems. You will implement advanced AI technologies then integrate them into GM's business strategies, culture, and operational workflows.You'll be a hands-on technical contributor focused on building core infrastructure components for AI/ML workflows. You'll work closely with other engineers and teams to deliver performant, production-grade sys",https://www.themuse.com/jobs/generalmotors/ai-senior-software-developer,Data and Analytics,Senior Level,2026-04-30,2026-05-02,themuse,Data and Analytics
14c5183230edcb79,"Client Partner, Key Accounts (Ad-Sales) - Mexico",TikTok,"Mexico City, Mexico",Mexico,,,,False,external,external,Data and Analytics,Informatique / Tech,"Responsibilities At TikTok, our Global Business Solutions (GBS) team plays a key role in generating revenue by promoting our advertising solutions, onboarding new clients, driving ad campaigns, and more. As the TikTok community grows at an unprecedented speed around the world, our GBS team leads groundbreaking projects that are changing the landscape of the advertising industry in real time. About the role: TikTok is seeking a Client Partner (what we call 'Brand Partnerships Manager') to support",https://www.themuse.com/jobs/tiktok/client-partner-key-accounts-adsales-mexico,Data and Analytics,Senior Level,2026-03-22,2026-05-02,themuse,Data and Analytics
fc824241beca159d,"Senior Manager, Data Consultant (Medicaid)",CVS Health,"Sacramento, CA",CA,,,,False,external,external,Data and Analytics,Informatique / Tech,"At CVS Health, we're building a world of health around every consumer and surrounding ourselves with dedicated colleagues who are passionate about transforming health care.As the nation's leading health solutions company, we reach millions of Americans through our local presence, digital channels and more than 300,000 purpose-driven colleagues - caring for people where, when and how they choose in a way that is uniquely more connected, more convenient and more compassionate. And we do it all wit",https://www.themuse.com/jobs/cvshealth/senior-manager-data-consultant-medicaid-87fac8,Data and Analytics,Senior Level,2025-07-11,2026-05-02,themuse,Data and Analytics
2aecc91c9cabd0b3,Senior Data and Information Architect,GE Vernova,"Schenectady, NY",NY,,,,False,external,external,Data and Analytics,Informatique / Tech,"Job Description Summary Essential Functions / Responsibilities: Assist in the analysis, design and development of a roadmap, design pattern, and implementation based upon a current vs. future state in a cohesive architecture viewpoint. Gather and analyze data and develop architectural requirements at project level. Responsible for multiple software projects as a project leader or internal consultant; support highly complex software projects that require in-depth domain knowledge or specialized a",https://www.themuse.com/jobs/gevernova/senior-data-and-information-architect,Data and Analytics,Senior Level,2026-04-04,2026-05-02,themuse,Data and Analytics
a03743ac7b58e5d1,SR DATA ENGINEER,Wipro,"Bangalore, India",India,,,,False,external,external,Data and Analytics,Informatique / Tech,"City: Bengaluru State/Province: Karnataka Posting Start Date: 3/25/26 Wipro Limited (NYSE: WIT, BSE: 507685, NSE: WIPRO) is a leading technology services and consulting company focused on building innovative solutions that address clients' most complex digital transformation needs. Leveraging our holistic portfolio of capabilities in consulting, design, engineering, and operations, we help clients realize their boldest ambitions and build future-ready, sustainable businesses. With over 230,000 e",https://www.themuse.com/jobs/wipro/sr-data-engineer-f096f8,Data and Analytics,Senior Level,2026-04-14,2026-05-02,themuse,Data and Analytics
1ccbd3ee63b152a9,"(USA) Senior Manager, Data Science",Walmart,"Springdale, AR",AR,,,,False,external,external,Data and Analytics,Informatique / Tech,Position Summary... What you'll do... Model Assessment and Validation Requires knowledge of model fit testing tuning and validation techniques eg Chi square ROC curve root mean square error etc Impact of variables and features on model performance To Identify the model evaluation metrics Apply best practice techniques for model testing and tuning to assess accuracy fit validity and robustness for multistage models and model ensembles Data Visualization Requires knowledge of Visualization guideli,https://www.themuse.com/jobs/walmart/usa-senior-manager-data-science-4a47e1,Data and Analytics,Senior Level,2025-08-19,2026-05-02,themuse,Data and Analytics
ad1e3e0f1a361758,Product Growth Analyst,Meta,"Menlo Park, CA",CA,,,,False,external,external,Data and Analytics,Informatique / Tech,"As a Product Growth Analyst at Meta, you will help grow products used by billions of people and businesses all over the world across our apps including Facebook, Instagram, WhatsApp and Oculus. The Product Growth Analyst role is embedded within product teams and drives impact end-to-end through the product development life cycle. The role requires using a mix of skills including analysis, product ideation, and cross-functional collaboration. Success in the role is tied directly to product goals ",https://www.themuse.com/jobs/meta/product-growth-analyst-d0f174,Data and Analytics,Mid Level,2025-09-09,2026-05-02,themuse,Data and Analytics
5a6510f965bd13dc,DEVOPS LEAD L1,Wipro,"Bangalore, India",India,,,,False,external,external,Data and Analytics,Informatique / Tech,"City: Bengaluru State/Province: Karnataka Posting Start Date: 3/23/26 Wipro Limited (NYSE: WIT, BSE: 507685, NSE: WIPRO) is a leading technology services and consulting company focused on building innovative solutions that address clients' most complex digital transformation needs. Leveraging our holistic portfolio of capabilities in consulting, design, engineering, and operations, we help clients realize their boldest ambitions and build future-ready, sustainable businesses. With over 230,000 e",https://www.themuse.com/jobs/wipro/devops-lead-l1-a268b3,Data and Analytics,Senior Level,2026-04-14,2026-05-02,themuse,Data and Analytics
df41ee55c8ea9570,Lead Data Engineer - Data Integration,EPAM Systems,"Chennai, India",India,,,,False,external,external,Data and Analytics,Informatique / Tech,"EPAM is a leading global provider of digital platform engineering and development services. We are committed to having a positive impact on our customers, our employees, and our communities. We embrace a dynamic and inclusive culture. Here you will collaborate with multi-national teams, contribute to a myriad of innovative projects that deliver the most creative and cutting-edge solutions, and have an opportunity to continuously learn and grow. No matter where you are located, you will join a de",https://www.themuse.com/jobs/epamsystems/lead-data-engineer-data-integration-bd7e16,Data and Analytics,Senior Level,2025-02-22,2026-05-02,themuse,Data and Analytics
c20ab06bdc0ae439,Data Owner Lead,JPMorgan Chase,"Hyderabad, India",India,,,,False,external,external,Data and Analytics,Informatique / Tech,"Join our dynamic Data &amp; Analytics team and unlock new opportunities for career growth and innovation. As an successful Vice President Data Owner Lead in Consumer Community Banking Branch OPS team, you will be important to the firm's agenda of enabling the business to drive faster innovation through the use of its data by ensuring that data is clearly documented, of good quality and well-protected. In this role you will be responsible for all data that is created, provisioned, or consumed in ",https://www.themuse.com/jobs/jpmorganchase/data-owner-lead-46d55d,Data and Analytics,Senior Level,2026-05-01,2026-05-02,themuse,Data and Analytics
e6edc7f6e8a5d76b,TikTok Local Services - GNE Lead of Anti-Fraud & Governance Strategies,TikTok,Singapore,Singapore,,,,False,external,external,Data and Analytics,Informatique / Tech,"Responsibilities About the team With the mission of ""Inspiring New Life and Helping Good Business"", Local Services is committed to becoming the most trusted local service platform for users and partners. In Local Services, through POI, Video, LIVE, Search, and other various products -- services and roles related to life are creatively connected, making the daily life experience richer, more unique, and more innovative. At the same time, Local Services creates an inclusive and fair business envir",https://www.themuse.com/jobs/tiktok/tiktok-local-services-gne-lead-of-antifraud-governance-strategies-ca816f,Data and Analytics,Senior Level,2026-04-13,2026-05-02,themuse,Data and Analytics
3a513f311bd703f5,Data Governance Analyst,Vanguard,"Chandler, AZ",AZ,,,,False,external,external,Data and Analytics,Informatique / Tech,"Please join us for an information session Friday, April 17th from 12-12:45 PM EST https://teams.microsoft.com/meet/22035779471295?p=uPCCfVvZcQo7mWV9ra Responsibilities: Develop the vision, roadmap, requirements, and success measures for Data Product Architecture Develop, document, and apply Data Governance policies, procedures, standards, and guidance within the Workplace Solutions division. Serve as the single point of contact for Product Architecture governance, providing coaching, guidance, a",https://www.themuse.com/jobs/vanguard/data-governance-analyst-8ed28a,Data and Analytics,Senior Level,2026-04-28,2026-05-02,themuse,Data and Analytics
195f4ce132faa07e,Data Solution Architect / AI Architect,EPAM Systems,"Zhezqazghan, Kazakhstan",Kazakhstan,,,,False,external,external,Data and Analytics,Informatique / Tech,"We are seeking an innovative Data Solution Architect/AI Architect to join our expanding team. In this role, you'll play a vital part in crafting solutions that meet diverse requirements and needs. Collaborating closely with teams of data scientists and machine learning engineers, you'll be at the center of driving innovation. Your expertise will be instrumental in enhancing the design of AI systems, spanning classical ML and LLMs, on the AWS platform. You'll contribute to the development of new ",https://www.themuse.com/jobs/epamsystems/data-solution-architect-ai-architect-124deb,Data and Analytics,Mid Level,2025-02-25,2026-05-02,themuse,Data and Analytics
45beafc9606041c1,"Manager, Technology Operations",Walmart,"Springdale, AR",AR,,,,False,external,external,Data and Analytics,Informatique / Tech,"Position Summary... We are seeking a highly driven Manager, Technology Operations to lead initiatives that enhance customer and seller experiences, reduce return-related costs, and improve operational efficiency. This is a strategic role with high visibility and impact, ideal for someone who thrives on data-driven decision-making and cross-functional collaboration. What you'll do... About the Team Our Marketplace team is focused on optimizing post-purchase experiences for both customers and sell",https://www.themuse.com/jobs/walmart/manager-technology-operations-8368b4,Data and Analytics,Senior Level,2025-08-19,2026-05-02,themuse,Data and Analytics
ebe13898aa9f6b7f,"Manager, Data Analysis - Global Payment Network, Network Product & Platforms",Capital One,"Chicago, IL",IL,,,,False,external,external,Data and Analytics,Informatique / Tech,"Manager, Data Analysis - Global Payment Network, Network Product &amp; Platforms At Capital One, data is at the center of everything we do. When we launched as a startup we disrupted the credit card industry by individually personalizing every credit card offer using statistical modeling and the relational database, cutting edge technology in 1988! Fast-forward a few years, and this little innovation and our passion for data has skyrocketed us to a Fortune 200 company and a leader in the world o",https://www.themuse.com/jobs/capitalone/manager-data-analysis-global-payment-network-network-product-platforms,Data and Analytics,Senior Level,2026-04-12,2026-05-02,themuse,Data and Analytics
f161eb52c5de4ac5,Cart Pusher Associate,Walmart,"Albuquerque, NM",NM,,,,False,external,external,Data and Analytics,Informatique / Tech,"Position Summary... We are looking for people who take pride in their work to join our team. You help shape our member's entire shopping experience by giving them a positive first and last impression. In the member assist - cart attendant role, you are responsible for ensuring members see a well-kept parking lot which includes helping members with their purchases, and ensure there are carts ready and available. You will also assist our members with their club pick up orders, helping them load th",https://www.themuse.com/jobs/walmart/cart-pusher-associate-d8965c,Data and Analytics,Mid Level,2025-08-13,2026-05-02,themuse,Data and Analytics
13b602d5cdb032d4,Prácticas en Compliance - Data Analysis & Visualization Intern STP26,Schneider Electric,"Barcelona, Spain",Spain,,,,True,external,external,Data and Analytics,Informatique / Tech,"Do you want to live the experience of a Multinational with the dynamism of a Startup ? If you are looking for an internship that will test your skills and boost your career, our Schneider Trainee Program is for you. Be part of an inclusive environment in which you can co-create solutions to key challenges in the industry learning from our experts . Take your creativity and innovation to another level while enjoying a paid internship with flexible hours and interactive workshops. Join our #SEGrea",https://www.themuse.com/jobs/schneiderelectric/practicas-en-compliance-data-analysis-visualization-intern-stp26,Data and Analytics,Internship,2026-04-24,2026-05-02,themuse,Data and Analytics
65e1e34d01aa1628,IBM MQ Infra Admin,Wipro,"Mumbai, India",India,,,,False,external,external,Data and Analytics,Informatique / Tech,"City: Mumbai State/Province: Maharashtra Posting Start Date: 4/28/26 Wipro Limited (NYSE: WIT, BSE: 507685, NSE: WIPRO) is a leading technology services and consulting company focused on building innovative solutions that address clients' most complex digital transformation needs. Leveraging our holistic portfolio of capabilities in consulting, design, engineering, and operations, we help clients realize their boldest ambitions and build future-ready, sustainable businesses. With over 230,000 em",https://www.themuse.com/jobs/wipro/ibm-mq-infra-admin-babf47,Data and Analytics,Senior Level,2026-04-28,2026-05-02,themuse,Data and Analytics
70facfe01b26d132,TikTok LIVE - Campaign Manager - Malaysia,TikTok,"Kuala Lumpur, Malaysia",Malaysia,,,,False,external,external,Data and Analytics,Informatique / Tech,"Responsibilities About the team The LIVE Operations team can't get enough of all things live-streaming. From monetisation strategies and LIVE Gifting to the latest content campaigns and product features designed to help creators grow and thrive on platform, the LIVE Operations team are dedicated to creating and maintaining a fun, safe space for all LIVE users. As a Campaign Manager, you will be responsible for establishing the campaign strategy and operational methodology to meet business goals.",https://www.themuse.com/jobs/tiktok/tiktok-live-campaign-manager-malaysia,Data and Analytics,Senior Level,2026-01-20,2026-05-02,themuse,Data and Analytics
8a6cf5cf0033bacc,"(USA) Senior Manager, Advanced Analytics",Walmart,"Fayetteville, AR",AR,,,,False,external,external,Data and Analytics,Informatique / Tech,"Position Summary... What you'll do... Make your mark on the legacy of Walmart and come build the next great retail disruptor of global online marketplaces. With Walmart eCommerce, you will redefine the future of shopping and create innovative solutions alongside supportive teammates while influencing millions of shoppers daily. Walmart Marketplace is a curated community of respected, professional sellers who offer only top-quality, authentic products and best-in-class customer service. Marketpla",https://www.themuse.com/jobs/walmart/usa-senior-manager-advanced-analytics-8c7fb2,Data and Analytics,Senior Level,2025-08-13,2026-05-02,themuse,Data and Analytics
9f856188c2dfb863,"Senior Manager, Insights Consulting - Seasonal Insights",Walmart,"Rogers, AR",AR,,,,False,external,external,Data and Analytics,Informatique / Tech,"Position Summary... What you'll do... Sr Manager, Seasonal Insights - Walmart Walmart is dedicated to exceeding customer expectations and being the first choice for all shopping needs. As Sr Manager of Seasonal Insights, you will leverage customer understanding and advanced analytics to inform Walmart's seasonal strategies and campaigns. You'll drive both long-term vision and short-term initiatives, ensuring actionable insights at critical moments for our customers and business. Core Responsibil",https://www.themuse.com/jobs/walmart/senior-manager-insights-consulting-seasonal-insights-dbfcc1,Data and Analytics,Senior Level,2025-08-14,2026-05-02,themuse,Data and Analytics
d8f93ddcc23b434b,TECHNICAL LEAD L1,Wipro,"Pune, India",India,,,,False,external,external,Data and Analytics,Informatique / Tech,"City: Pune State/Province: Maharashtra Posting Start Date: 4/17/26 Wipro Limited (NYSE: WIT, BSE: 507685, NSE: WIPRO) is a leading technology services and consulting company focused on building innovative solutions that address clients' most complex digital transformation needs. Leveraging our holistic portfolio of capabilities in consulting, design, engineering, and operations, we help clients realize their boldest ambitions and build future-ready, sustainable businesses. With over 230,000 empl",https://www.themuse.com/jobs/wipro/technical-lead-l1-67f972,Data and Analytics,Senior Level,2026-04-19,2026-05-02,themuse,Data and Analytics
ce91d9702b25bc04,"Postdoctoral Appointee - AI for Security, Hybrid",Sandia National Laboratories,"Albuquerque, NM",NM,,,,False,external,external,Data and Analytics,Informatique / Tech,"About Sandia: Sandia National Laboratories is the nation's premier science and engineering lab for national security and technology innovation, with teams of specialists focused on cutting-edge work in a broad array of areas. Some of the main reasons we love our jobs: Challenging work with amazing impact that contributes to security, peace, and freedom worldwide Extraordinary co-workers Some of the best tools, equipment, and research facilities in the world Career advancement and enrichment oppo",https://www.themuse.com/jobs/sandianationallaboratories/postdoctoral-appointee-ai-for-security-hybrid-27f2f5,Data and Analytics,Mid Level,2026-05-02,2026-05-02,themuse,Data and Analytics
c87c185c7891428e,Senior Data Software Engineer (Databricks),EPAM Systems,"Zestap’oni, Georgia",Georgia,,,,True,external,external,Data and Analytics,Informatique / Tech,"We are seeking a Senior Data Software Engineer skilled in Databricks to join our team. You will be integral to our efforts, bringing a deep understanding of data engineering, expertise in Databricks, and an open-minded approach to our collaborative and friendly work environment. This role is ideal for a professional eager to develop scalable data solutions and drive innovation in our data practices. Experience the freedom of remote work from anywhere in Georgia, whether from the comfort of your ",https://www.themuse.com/jobs/epamsystems/senior-data-software-engineer-databricks-1a4cff,Data and Analytics,Senior Level,2025-03-08,2026-05-02,themuse,Data and Analytics
