titre,entreprise,lieu,remote,description,lien,tags,date_scraping,source
Masseur:in,Ruperti Hotels GmbH & Co KG,Ainring,False,"<p>Wir suchen eine/n engagierte/n Masseur (m/w/d) zur Verstärkung unseres Teams. In dieser Position sind Sie verantwortlich für die Durchführung professioneller Massagen, um das Wohlbefinden und die G",https://www.arbeitnow.com/jobs/companies/ruperti-hotels-gmbh-co-kg/masseurin-ainring-3469,"Beauty, Wellness",2026-05-02,arbeitnow
Praktikum Influencer Marketing & Partnerships (m/w/d),Shapemate,Cologne,True,"<p>Start zum 15.05.2026 👇</p>
<p>🔍 Wir suchen jemanden, der nicht nur Follower zählt. sondern Beziehungen aufbaut, die wirklich konvertieren.</p>
<p>Wir sind Shapemate, ein junges Startup mit der Miss",https://www.arbeitnow.com/jobs/companies/shapemate/praktikum-influencer-marketing-partnerships-cologne-349825,"Remote, Marketing and Communication",2026-05-02,arbeitnow
Praktikum Content Marketing & Creation (m/w/d),Shapemate,Cologne,True,"<p>Start zum 15.05.2026 👇</p>
<p>🔍 Wir suchen jemanden, der Content nicht nur postet - sondern bewegt.</p>
<p>Wir sind Shapemate, ein junges Startup mit der Mission, Fitness tracking einfacher und per",https://www.arbeitnow.com/jobs/companies/shapemate/praktikum-content-marketing-creation-cologne-67762,"Remote, Marketing and Communication",2026-05-02,arbeitnow
Kosmetikerin,EVAY cosmetics,Hagen,False,"<p>Du liebst es, Kunden zu sichtbaren Ergebnissen zu verhelfen und arbeitest präzise, verantwortungsbewusst und mit Leidenschaft in der Kosmetik? Dann bist du bei uns genau richtig.</p>
<p>Unser etabl",https://www.arbeitnow.com/jobs/companies/evay-cosmetics/kosmetikerin-hagen-478710,"Beauty, Wellness",2026-05-02,arbeitnow
Werkstudent/in Social Media,paselo GmbH,Münster,True,"<p>paselo ist eine der am schnellsten wachsenden D2C-Marken für Hunde-Ergänzungsfuttermittel im DACH-Raum. Wir entwickeln wissenschaftlich fundierte Produkte, die Hunden helfen — länger, aktiver und g",https://www.arbeitnow.com/jobs/companies/paselo-gmbh/werkstudent-in-social-media-munster-247291,"Remote, Social Media Manager",2026-05-02,arbeitnow
Content Lead (m/w/d) - Social Media,Dreamlight Labs GmbH,Frankfurt am Main,False,"<p>Dreamlight Experiences ist ein Eventveranstalter mit Fokus auf eigene, hochwertige Live-Formate.</p>
<p>Wir entwickeln und produzieren ein breites Spektrum an Events – darunter:</p>
<ul>
<li>Kinder",https://www.arbeitnow.com/jobs/companies/dreamlight-labs-gmbh/content-lead-social-media-frankfurt-am-main-459780,Marketing and Communication,2026-05-02,arbeitnow
Praxissemester KI-Anwendungsmanagement & Prozessautomatisierung (m/w/d),Apricus Solar AG,Dortmund,False,"<p>Du willst KI nicht nur konsumieren, sondern wirklich einsetzen. Dann bist du hier richtig.</p>
<p>Im Praxissemester bei Apricus Solar AG übernimmst du echte Verantwortung: Du automatisierst Prozess",https://www.arbeitnow.com/jobs/companies/apricus-solar-ag/praxissemester-ki-anwendungsmanagement-prozessautomatisierung-dortmund-282772,Online Marketing,2026-05-02,arbeitnow
Projektleiter Photovoltaik Gewerbe- & Großanlagen (m/w/d),Apricus Solar AG,Dortmund,False,"<p>Als Projektleiter Photovoltaik Großanlagen (m/w/d) bei der Apricus Solar AG werden Sie Teil eines Teams, das die Welt grüner gestaltet. In einem spannenden Umfeld mit Solarkraftwerken in Rekordgröß",https://www.arbeitnow.com/jobs/companies/apricus-solar-ag/projektleiter-photovoltaik-gewerbe-grossanlagen-dortmund-248584,Project Management,2026-05-02,arbeitnow
Performance Marketing Manager (m/w/d),Marks Uhren,Hamburg,False,"<p>Marks Uhren ist ein spezialisierter Luxusuhrenhändler. Seit über 15 Jahren arbeitet unser ambitioniertes Team mit Leidenschaft daran, die Sammlungen der Uhrenliebhaber:innen zu erweitern.</p>
<p>Da",https://www.arbeitnow.com/jobs/companies/marks-uhren/performance-marketing-manager-hamburg-369518,Online Marketing,2026-05-02,arbeitnow
GRC Consultant,Matproof,Berlin,False,"<p>Matproof is an EU-native compliance automation platform built in Hamburg. We help companies achieve and maintain compliance with DORA, ISO 27001, SOC 2, NIS2, GDPR, and the EU AI Act — all from one",https://www.arbeitnow.com/jobs/companies/matproof/grc-consultant-berlin-49563,Business Consulting,2026-05-02,arbeitnow
Personalberater:in - Sales oder People (m/w/d),Recruid Deutschland,Hamburg,False,"<p><strong>Freelancer gesucht: Sales &#x26; Recruiting (m/w/d) – Remote möglich</strong></p>
<p>Wir sind eine dynamische Personalberatung und unterstützen Unternehmen dabei, die richtigen Talente zu f",https://www.arbeitnow.com/jobs/companies/recruid-deutschland/personalberaterin-sales-oder-people-hamburg-274268,Recruitment and Selection,2026-05-02,arbeitnow
Head of Sales (m/w/d),Tomorrow Education Group GmbH,Andechs,True,"<p>Hey! Wir suchen für unser Venture <em>Masters of Digital</em> einen Vertriebsprofi! <em>Masters of Digital</em> hilft Quereinsteiger*innen dabei, den Sprung in die digitale Welt zu schaffen. Mit pr",https://www.arbeitnow.com/jobs/companies/tomorrow-education-group-gmbh/head-of-sales-andechs-49643,"Remote, Management, Team Leader",2026-05-02,arbeitnow
"Tech Lead, Web Core Product & Chrome Extension - Cologne, Germany",Speechify,"Cologne, North Rhine-Westphalia, Germany",False,"<p>The mission of Speechify is to make sure that reading is never a barrier to learning.</p>
<p>Over 50 million people use Speechify's text-to-speech products to turn whatever they're reading – PDFs, ",https://www.arbeitnow.com/jobs/companies/speechify/tech-lead-web-core-product-chrome-extension-cologne-germany-192705,,2026-05-02,arbeitnow
"Tech Lead, Web Core Product & Chrome Extension - Hamburg, Germany",Speechify,"Hamburg, Germany",False,"<p>The mission of Speechify is to make sure that reading is never a barrier to learning.</p>
<p>Over 50 million people use Speechify's text-to-speech products to turn whatever they're reading – PDFs, ",https://www.arbeitnow.com/jobs/companies/speechify/tech-lead-web-core-product-chrome-extension-hamburg-germany-476084,,2026-05-02,arbeitnow
"Tech Lead, Web Core Product & Chrome Extension - Munich, Germany",Speechify,"Munich, Bavaria, Germany",False,"<p>The mission of Speechify is to make sure that reading is never a barrier to learning.</p>
<p>Over 50 million people use Speechify's text-to-speech products to turn whatever they're reading – PDFs, ",https://www.arbeitnow.com/jobs/companies/speechify/tech-lead-web-core-product-chrome-extension-munich-germany-215176,,2026-05-02,arbeitnow
"Tech Lead, Android Core Product - Düsseldorf, Germany",Speechify,"Dusseldorf, North Rhine-Westphalia, Germany",False,"<p>The mission of Speechify is to make sure that reading is never a barrier to learning.</p>
<p>Over 50 million people use Speechify's text-to-speech products to turn whatever they're reading – PDFs, ",https://www.arbeitnow.com/jobs/companies/speechify/tech-lead-android-core-product-dusseldorf-germany-dusseldorf-251527,,2026-05-02,arbeitnow
"Tech Lead, Android Core Product - Cologne, Germany",Speechify,"Cologne, North Rhine-Westphalia, Germany",False,"<p>The mission of Speechify is to make sure that reading is never a barrier to learning.</p>
<p>Over 50 million people use Speechify's text-to-speech products to turn whatever they're reading – PDFs, ",https://www.arbeitnow.com/jobs/companies/speechify/tech-lead-android-core-product-cologne-germany-177859,,2026-05-02,arbeitnow
"Tech Lead, Android Core Product - Frankfurt, Germany",Speechify,"Frankfurt, Hesse, Germany",False,"<p>The mission of Speechify is to make sure that reading is never a barrier to learning.</p>
<p>Over 50 million people use Speechify's text-to-speech products to turn whatever they're reading – PDFs, ",https://www.arbeitnow.com/jobs/companies/speechify/tech-lead-android-core-product-frankfurt-germany-370788,,2026-05-02,arbeitnow
"Tech Lead, Android Core Product - Munich, Germany",Speechify,"Munich, Bavaria, Germany",False,"<p>The mission of Speechify is to make sure that reading is never a barrier to learning.</p>
<p>Over 50 million people use Speechify's text-to-speech products to turn whatever they're reading – PDFs, ",https://www.arbeitnow.com/jobs/companies/speechify/tech-lead-android-core-product-munich-germany-62472,,2026-05-02,arbeitnow
"Software Engineer, Data Infrastructure & Acquisition - Cologne, Germany",Speechify,"Cologne, North Rhine-Westphalia, Germany",False,"<p>The mission of Speechify is to make sure that reading is never a barrier to learning.</p>
<p>Over 50 million people use Speechify's text-to-speech products to turn whatever they're reading – PDFs, ",https://www.arbeitnow.com/jobs/companies/speechify/software-engineer-data-infrastructure-acquisition-cologne-germany-15947,,2026-05-02,arbeitnow
"Software Engineer, Data Infrastructure & Acquisition - Munich, Germany",Speechify,"Munich, Bavaria, Germany",False,"<p>The mission of Speechify is to make sure that reading is never a barrier to learning.</p>
<p>Over 50 million people use Speechify's text-to-speech products to turn whatever they're reading – PDFs, ",https://www.arbeitnow.com/jobs/companies/speechify/software-engineer-data-infrastructure-acquisition-munich-germany-323731,,2026-05-02,arbeitnow
"Senior Software Engineer, Windows/Desktop Applications - Stuttgart, Germany",Speechify,"Stuttgart, Baden-Württemberg, Germany",False,"<div class=""p-rich_text_section""><strong data-stringify-type=""bold"">Mission</strong></div>
<div class=""p-rich_text_section"">
<p>The mission of Speechify is to make sure that reading is never a barrier",https://www.arbeitnow.com/jobs/companies/speechify/senior-software-engineer-windows-desktop-applications-stuttgart-germany-138431,,2026-05-02,arbeitnow
"Senior Software Engineer, Windows/Desktop Applications - Munich, Germany",Speechify,"Munich, Bavaria, Germany",False,"<div class=""p-rich_text_section""><strong data-stringify-type=""bold"">Mission</strong></div>
<div class=""p-rich_text_section"">
<p>The mission of Speechify is to make sure that reading is never a barrier",https://www.arbeitnow.com/jobs/companies/speechify/senior-software-engineer-windows-desktop-applications-munich-germany-184647,,2026-05-02,arbeitnow
"Senior Software Engineer, Core Experiences - Stuttgart, Germany",Speechify,"Stuttgart, Baden-Württemberg, Germany",False,"<p><strong>Mission</strong></p>
<p><strong>Speechify is the easiest way to listen to the world's information.</strong> Articles on the web, documents in the cloud, books on your phone. We absorb it al",https://www.arbeitnow.com/jobs/companies/speechify/senior-software-engineer-core-experiences-stuttgart-germany-498819,,2026-05-02,arbeitnow
"Senior Software Engineer, Core Experiences - Hamburg, Germany",Speechify,"Hamburg, Germany",False,"<p><strong>Mission</strong></p>
<p><strong>Speechify is the easiest way to listen to the world's information.</strong> Articles on the web, documents in the cloud, books on your phone. We absorb it al",https://www.arbeitnow.com/jobs/companies/speechify/senior-software-engineer-core-experiences-hamburg-germany-184592,,2026-05-02,arbeitnow
"Senior Software Engineer, Core Experiences - Munich, Germany",Speechify,"Munich, Bavaria, Germany",False,"<p><strong>Mission</strong></p>
<p><strong>Speechify is the easiest way to listen to the world's information.</strong> Articles on the web, documents in the cloud, books on your phone. We absorb it al",https://www.arbeitnow.com/jobs/companies/speechify/senior-software-engineer-core-experiences-munich-germany-14389,,2026-05-02,arbeitnow
"Software Engineer, Platform - Stuttgart, Germany",Speechify,"Stuttgart, Baden-Württemberg, Germany",False,"<p>The mission of Speechify is to make sure that reading is never a barrier to learning.</p>
<p>Over 50 million people use Speechify's text-to-speech products to turn whatever they're reading – PDFs, ",https://www.arbeitnow.com/jobs/companies/speechify/software-engineer-platform-stuttgart-germany-418632,,2026-05-02,arbeitnow
"Software Engineer, Platform - Berlin, Germany",Speechify,"Berlin, Germany",False,"<p>The mission of Speechify is to make sure that reading is never a barrier to learning.</p>
<p>Over 50 million people use Speechify's text-to-speech products to turn whatever they're reading – PDFs, ",https://www.arbeitnow.com/jobs/companies/speechify/software-engineer-platform-berlin-germany-382165,,2026-05-02,arbeitnow
Senior Backend Engineer - Fiscalization,SumUp,"Berlin, Germany",False,"<p><strong>About the team</strong></p>
<p>SumUp's Point-of-Sale (POS) solution empowers cafes, shops, bars, hair salons, and other businesses to operate efficiently and grow. It offers a wide range of",https://www.arbeitnow.com/jobs/companies/sumup/senior-backend-engineer-fiscalization-berlin-334381,,2026-05-02,arbeitnow
Referent Risiko Controlling COREP/CRR,coni+partner AG,Frankfurt am Main,False,"<p>coni + partner, established 1993, is a consultancy company with headquarter in Zurich and subsidiaries in Düsseldorf and Shanghai. We are specialised in custom-fit staffing in tune with the corpora",https://www.arbeitnow.com/jobs/companies/conipartner-ag/referent-risiko-controlling-corep-crr-frankfurt-am-main-490861,Controlling,2026-05-02,arbeitnow
Referent Regulatory Reporting ICAAP,coni+partner AG,Berlin,False,"<p>coni + partner, established 1993, is a consultancy company with headquarter in Zurich and subsidiaries in Düsseldorf and Shanghai. We are specialised in custom-fit staffing in tune with the corpora",https://www.arbeitnow.com/jobs/companies/conipartner-ag/referent-regulatory-reporting-icaap-berlin-412547,Controlling,2026-05-02,arbeitnow
Sachbearbeiter/in Mahn- und Klagewesen / Mietenbuchhaltung 30 Std. (m/w/d),ADLERSHORST,Norderstedt,False,<p>Mit rund 5.800 Wohnungen und 9.000 Mitgliedern zählt die ADLERSHORST Baugenossenschaft eG zu den großen Wohnungsbaugenossenschaften in Schleswig-Holstein. ADLERSHORST bietet als wachsende Genossens,https://www.arbeitnow.com/jobs/companies/adlershorst/sachbearbeiter-in-mahn-und-klagewesen-mietenbuchhaltung-30-std-norderstedt-346387,Accounts Receivable,2026-05-02,arbeitnow
"Senior Account Executive, Adtech Solution",Mirakl,"Munich, Bavaria, Germany",False,"<div class=""content-intro""><p><strong>About Mirakl:</strong></p>
<p>&nbsp;</p>
<p>Founded in 2012, Mirakl has been at the forefront of marketplace innovation, empowering every business to compete in t",https://www.arbeitnow.com/jobs/companies/mirakl/senior-account-executive-adtech-solution-munich-434313,,2026-05-02,arbeitnow
"Steuerberater (m/w/d) in Kehl , auf Wunsch mit Partnerperspektive, gesucht - mindestens 90.000€",Taxtalente.de,Kehl,False,"<p>TaxTalente ist die Nr. 1 Job-Matching Plattform für Jobsuchende in der Steuerberatung.</p>
<p>Sie suchen eine positive berufliche Veränderung? Sie möchten den nächsten Schritt in Ihrer Karriere geh",https://www.arbeitnow.com/jobs/companies/taxtalentede/steuerberater-in-kehl-auf-wunsch-mit-partnerperspektive-gesucht-mindestens-90000eur-432407,"Directors, Chief Executives",2026-05-02,arbeitnow
"Steuerberater (m/w/d) in Offenburg, auf Wunsch mit Partnerperspektive, gesucht - mindestens 90.000€",Taxtalente.de,Offenburg,False,"<p>TaxTalente ist die Nr. 1 Job-Matching Plattform für Jobsuchende in der Steuerberatung.</p>
<p>Sie suchen eine positive berufliche Veränderung? Sie möchten den nächsten Schritt in Ihrer Karriere geh",https://www.arbeitnow.com/jobs/companies/taxtalentede/steuerberater-in-offenburg-auf-wunsch-mit-partnerperspektive-gesucht-mindestens-90000eur-442678,"Directors, Chief Executives",2026-05-02,arbeitnow
"Steuerberater (m/w/d) in Bühl, auf Wunsch mit Partnerperspektive, gesucht - mindestens 90.000€",Taxtalente.de,Bühl,False,"<p>TaxTalente ist die Nr. 1 Job-Matching Plattform für Jobsuchende in der Steuerberatung.</p>
<p>Sie suchen eine positive berufliche Veränderung? Sie möchten den nächsten Schritt in Ihrer Karriere geh",https://www.arbeitnow.com/jobs/companies/taxtalentede/steuerberater-in-buhl-auf-wunsch-mit-partnerperspektive-gesucht-mindestens-90000eur-187557,"Directors, Chief Executives",2026-05-02,arbeitnow
"Steuerberater (m/w/d) in Tübingen, auf Wunsch mit Partnerperspektive, gesucht - mindestens 90.000€",Taxtalente.de,Tübingen,False,"<p>TaxTalente ist die Nr. 1 Job-Matching Plattform für Jobsuchende in der Steuerberatung.</p>
<p>Sie suchen eine positive berufliche Veränderung? Sie möchten den nächsten Schritt in Ihrer Karriere geh",https://www.arbeitnow.com/jobs/companies/taxtalentede/steuerberater-in-tubingen-auf-wunsch-mit-partnerperspektive-gesucht-mindestens-90000eur-104773,"Directors, Chief Executives",2026-05-02,arbeitnow
Software Tester Testautomatisierung (m/w/d),MY Humancapital GmbH,Munich,False,"<p>Im Auftrag unseres Partnerunternehmens in München suchen wir Sie zum nächstmöglichen Zeitpunkt als „<strong>Software Tester Testautomatisierung (m/w/d)“.</strong></p>
<h2><strong>Aufgaben</strong><",https://www.arbeitnow.com/jobs/companies/my-humancapital-gmbh/software-tester-testautomatisierung-munich-389904,Software Development,2026-05-02,arbeitnow
Software Tester - Simulation & Training (m/w/d),MY Humancapital GmbH,Munich,False,"<p>Im Auftrag unseres Partnerunternehmens in München suchen wir Sie zum nächstmöglichen Zeitpunkt als <strong>„Software Tester / QA Engineer Simulation &#x26; Training (m/w/d)“.</strong></p>
<h2><stro",https://www.arbeitnow.com/jobs/companies/my-humancapital-gmbh/software-tester-simulation-training-munich-422852,Software Development,2026-05-02,arbeitnow
Messtechniker / Kalibriertechniker (m/w/d),MY Humancapital GmbH,Munich,False,"<p>Im Auftrag unseres Partnerunternehmens in München suchen wir Sie zum nächstmöglichen Zeitpunkt als <strong>„Messtechniker / Kalibriertechniker (m/w/d)“.</strong></p>
<h2><strong>Aufgaben</strong></",https://www.arbeitnow.com/jobs/companies/my-humancapital-gmbh/messtechniker-kalibriertechniker-munich-32420,Quality Management,2026-05-02,arbeitnow
Spezialist (m/w/d) - Drittmittelprüfung,MY Humancapital GmbH,Munich,False,"<p>Im Auftrag unseres Partnerunternehmens in München suchen wir Sie zum nächstmöglichen Zeitpunkt als <strong>„Spezialist Fördermittelprüfung (m/w/d) - Drittmittel“</strong>.</p>
<h2><strong>Aufgaben<",https://www.arbeitnow.com/jobs/companies/my-humancapital-gmbh/spezialist-drittmittelprufung-munich-55079,Finance,2026-05-02,arbeitnow
Personalsachbearbeiter (m/w/d) in Teilzeit,MY Humancapital GmbH,Munich,False,"<p>Im Auftrag unseres Partnerunternehmens in München suchen wir Sie zum nächstmöglichen Zeitpunkt als „<strong>Personalsachbearbeiter (m/w/d) in Teilzeit</strong>“.</p>
<h2><strong>Aufgaben</strong></",https://www.arbeitnow.com/jobs/companies/my-humancapital-gmbh/personalsachbearbeiter-in-teilzeit-munich-287752,HR,2026-05-02,arbeitnow
Projektmanager (m/w/d) Sanierung,MY Humancapital GmbH,Munich,False,"<p>Im Auftrag unseres Partnerunternehmens im Müncher Norden suchen wir Sie zum nächstmöglichen Zeitpunkt als <strong>„Projektmanager (m/w/d) Sanierung“</strong></p>
<h2><strong>Aufgaben</strong></h2>
",https://www.arbeitnow.com/jobs/companies/my-humancapital-gmbh/projektmanager-sanierung-munich-363377,Project Management,2026-05-02,arbeitnow
Debitorenbuchhalter (m/w/d),MY Humancapital GmbH,Gräfelfing,False,"<p>Im Auftrag unseres Partnerunternehmens in Gräfelfing suchen wir Sie zum nächstmöglichen Zeitpunkt als „<strong>Debitorenbuchhalter (m/w/d)</strong>“.</p>
<h2><strong>Aufgaben</strong></h2>
<ul>
<li",https://www.arbeitnow.com/jobs/companies/my-humancapital-gmbh/debitorenbuchhalter-grafelfing-306822,Accounts Receivable,2026-05-02,arbeitnow
Controller (m/w/d) - Riskmanagement im Bankenwesen,MY Humancapital GmbH,Frankfurt am Main,False,"<p>Im Auftrag unseres Partnerunternehmens in Frankfurt am Main suchen wir Sie zum nächstmöglichen Zeitpunkt als <strong>„Controller (m/w/d) – Riskmanagement im Bankenwesen“.</strong></p>
<h2><strong>A",https://www.arbeitnow.com/jobs/companies/my-humancapital-gmbh/controller-riskmanagement-im-bankenwesen-frankfurt-am-main-370084,Controlling,2026-05-02,arbeitnow
IT Support Specialist (m/w/d) - 2nd Level,MY Humancapital GmbH,Munich,False,"<p>Im Auftrag unseres Partnerunternehmens in München suchen wir Sie zum nächstmöglichen Zeitpunkt als <strong>„IT Support Specialist (m/w/d) 2nd Level“.</strong></p>
<h2><strong>Aufgaben</strong></h2>",https://www.arbeitnow.com/jobs/companies/my-humancapital-gmbh/it-support-specialist-2nd-level-munich-194606,IT,2026-05-02,arbeitnow
Systemingenieur (m/w/d) - Anforderungsmanagement,MY Humancapital GmbH,Munich,False,"<p>Im Auftrag unseres Partnerunternehmens in München suchen wir Sie zum nächstmöglichen Zeitpunkt als <strong>„Systemingenieur (m/w/d) – Anforderungsmanagement &#x26; Systemarchitektur“.</strong></p>
",https://www.arbeitnow.com/jobs/companies/my-humancapital-gmbh/systemingenieur-anforderungsmanagement-munich-476263,Engineering,2026-05-02,arbeitnow
Sachbearbeiter (m/w/d) - Auftragsabrechnung,MY Humancapital GmbH,Munich,False,"<p>Im Auftrag unseres Partnerunternehmens in München suchen wir Sie zum nächstmöglichen Zeitpunkt als <strong>„Sachbearbeiter(m/w/d) – Auftragsabwicklung und Projektabrechnung“.</strong></p>
<h2><stro",https://www.arbeitnow.com/jobs/companies/my-humancapital-gmbh/sachbearbeiter-auftragsabrechnung-munich-329843,Finance,2026-05-02,arbeitnow
Fachkraft für Arbeitssicherheit / Sicherheitsingenieur (m/w/d),MY Humancapital GmbH,Dresden,False,"<p>Im Auftrag unseres Partnerunternehmens in Dresden suchen wir Sie zum nächstmöglichen Zeitpunkt als <strong>„Fachkraft für Arbeitssicherheit / Sicherheitsingenieur (m/w/d)“.</strong></p>
<h2><strong",https://www.arbeitnow.com/jobs/companies/my-humancapital-gmbh/fachkraft-fur-arbeitssicherheit-sicherheitsingenieur-dresden-295828,"Compliance, Security",2026-05-02,arbeitnow
Sachbearbeiter Forderungsmanagement (m/w/d),MY Humancapital GmbH,Munich,False,<p>Im Auftrag unseres Partnerunternehmens in München suchen wir Sie zum nächstmöglichen Zeitpunkt als <strong>„<strong><strong>Sachbearbeiter Forderungsmanagement (m/w/d)</strong></strong>“.</strong><,https://www.arbeitnow.com/jobs/companies/my-humancapital-gmbh/sachbearbeiter-forderungsmanagement-munich-214448,Accounts Receivable,2026-05-02,arbeitnow
Strategischer Projektentwickler (m/w/d),MY Humancapital GmbH,Erfurt,False,"<p>Im Auftrag unseres Partnerunternehmens in Erfurt suchen wir Sie zum nächstmöglichen Zeitpunkt als <strong>„<strong><strong>Strategischer Projektentwickler (m/w/d)</strong></strong>“.</strong></p>
<",https://www.arbeitnow.com/jobs/companies/my-humancapital-gmbh/strategischer-projektentwickler-erfurt-385978,Project Management,2026-05-02,arbeitnow
Linux Systemadministrator (m/w/d),MY Humancapital GmbH,Dresden,False,"<p>Im Auftrag unseres Partnerunternehmens suchen wir Sie zum nächstmöglichen Zeitpunkt als <strong>„<strong><strong>Linux Systemadministrator (m/w/d) in Dresden</strong></strong>“.</strong></p>
<h2><s",https://www.arbeitnow.com/jobs/companies/my-humancapital-gmbh/linux-systemadministrator-dresden-276448,System and Network Administration,2026-05-02,arbeitnow
Sachbearbeiter Finanzen / Verwaltungsfachkraft (m/w/d),MY Humancapital GmbH,Munich,False,"<p>Im Auftrag unseres Partnerunternehmens im Münchner Norden suchen wir Sie zum nächstmöglichen Zeitpunkt als <strong>„Sachbearbeiter Finanzen / Verwaltungsfachkraft (m/w/d)“.</strong></p>
<h2><strong",https://www.arbeitnow.com/jobs/companies/my-humancapital-gmbh/sachbearbeiter-finanzen-verwaltungsfachkraft-munich-40046,Administration,2026-05-02,arbeitnow
Konfigurationsmanager / Produktkoordinator (m/w/d),MY Humancapital GmbH,Munich,False,"<p>Im Auftrag unseres Kunden in München suchen wir Sie zum nächstmöglichen Zeitpunkt als <strong>„Konfigurationsmanager / Produktkoordinator (m/w/d)“.</strong></p>
<h2><strong>Aufgaben</strong></h2>
<",https://www.arbeitnow.com/jobs/companies/my-humancapital-gmbh/konfigurationsmanager-produktkoordinator-munich-276684,Project Management,2026-05-02,arbeitnow
Lean Operations Manager (m/f/d),The Bike Club,Berlin,False,"<p><strong><em>A growth opportunity — early-career talent ready to step into a mature operations role is strongly encouraged to apply.</em></strong></p>
<p>The Bike Club, we're on a mission to make su",https://www.arbeitnow.com/jobs/companies/the-bike-club/lean-operations-manager-berlin-395453,"Management, Team Leader",2026-05-02,arbeitnow
Supplier Quality Engineer (m/w/d),MY Humancapital GmbH,Munich,False,"<p>Im Auftrag unser Partnerunternehmen in München sucht Sie als <strong>Supplier Quality Engineer (m/w/d) / Spezialist (m/w/d) Lieferantenqualität.</strong></p>
<h2><strong>Aufgaben</strong></h2>
<ul>",https://www.arbeitnow.com/jobs/companies/my-humancapital-gmbh/supplier-quality-engineer-munich-352772,Engineering,2026-05-02,arbeitnow
Senior Systemadministrator (m/w/d) IT-Infrastruktur,MY Humancapital GmbH,Hamburg,False,"<p>Im Auftrag unser Partnerunternehmen in Hamburg sucht Sie als <strong>Senior Systemadministrator (m/w/d) IT-Infrastruktur.</strong></p>
<h2><strong>Aufgaben</strong></h2>
<ul>
<li>Als IT-Spezialist ",https://www.arbeitnow.com/jobs/companies/my-humancapital-gmbh/senior-systemadministrator-it-infrastruktur-hamburg-384918,System and Network Administration,2026-05-02,arbeitnow
DevSecOps / IT Security Specialist (m/w/d),MY Humancapital GmbH,Augsburg,False,"<p>Im Auftrag unseres Kunden suchen wir Sie für den Standort Augsburg zum nächstmöglichen Zeitpunkt als <strong>„DevSecOps / IT Security Specialist“</strong></p>
<h2><strong>Aufgaben</strong></h2>
<ul",https://www.arbeitnow.com/jobs/companies/my-humancapital-gmbh/devsecops-it-security-specialist-augsburg-200782,System and Network Administration,2026-05-02,arbeitnow
Verwaltungsfachwirt / Sachbearbeiter Finanzwesen (m/w/d),MY Humancapital GmbH,Munich,False,"<p>Im Auftrag unseres Partnerunternehmens im Münchner Norden suchen wir Sie zum nächstmöglichen Zeitpunkt als <strong>„Verwaltungsfachwirt / Sachbearbeiter Finanzwesen (m/w/d)“.</strong></p>
<h2><stro",https://www.arbeitnow.com/jobs/companies/my-humancapital-gmbh/verwaltungsfachwirt-sachbearbeiter-finanzwesen-munich-454387,Administration,2026-05-02,arbeitnow
Systemadministrator (m/w/d),MY Humancapital GmbH,Munich,False,"<p>Unser Partnerunternehmen im Münchner Süden sucht Sie als <strong>„Systemadministrator (m/w/d)“.</strong></p>
<h2><strong>Aufgaben</strong></h2>
<ul>
<li>Als <strong>Systemadministrator (m/w/d)</str",https://www.arbeitnow.com/jobs/companies/my-humancapital-gmbh/systemadministrator-munich-244525,System and Network Administration,2026-05-02,arbeitnow
IT Support Specialist / IT Systemadministrator (m/w/d),MY Humancapital GmbH,Munich,False,"<p>Im Auftrag unseres Kunden in München suchen wir Sie zum nächstmöglichen Zeitpunkt als <strong>„ IT Support Specialist / IT Systemadministrator (m/w/d)“</strong>.</p>
<h2><strong>Aufgaben</strong></",https://www.arbeitnow.com/jobs/companies/my-humancapital-gmbh/it-support-specialist-it-systemadministrator-munich-399883,Information Systems,2026-05-02,arbeitnow
Techniker Systemintegration / Mechatronik (m/w/d),MY Humancapital GmbH,Munich,False,"<p>Im Auftrag unseres Partnerunternehmens in München suchen wir Sie zum nächstmöglichen Zeitpunkt als <strong>„Techniker Systemintegration / Mechatronik (m/w/d)“.</strong></p>
<h2><strong>Aufgaben</st",https://www.arbeitnow.com/jobs/companies/my-humancapital-gmbh/techniker-systemintegration-mechatronik-munich-395670,Automation Engineering,2026-05-02,arbeitnow
Vertriebscontroller im Bankenumfeld (m/w/d),MY Humancapital GmbH,Munich,False,"<p>Im Auftrag unseres Partnerunternehmens in München suchen wir Sie zum nächstmöglichen Zeitpunkt als <strong>„Vertriebscontroller im Bankenumfeld (m/w/d)“.</strong></p>
<h2><strong>Aufgaben</strong><",https://www.arbeitnow.com/jobs/companies/my-humancapital-gmbh/vertriebscontroller-im-bankenumfeld-munich-479374,Controlling,2026-05-02,arbeitnow
Materialdisponent / Logistik-Koordinator (m/w/d),MY Humancapital GmbH,Munich,False,"<p>Im Auftrag unseres Partnerunternehmens im Münchner Norden suchen wir Sie zum nächstmöglichen Zeitpunkt als <strong>„Materialdisponent / Logistik-Koordinator (m/w/d)“.</strong></p>
<h2><strong>Aufga",https://www.arbeitnow.com/jobs/companies/my-humancapital-gmbh/materialdisponent-logistik-koordinator-munich-202928,Consulting,2026-05-02,arbeitnow
Privatkundenbetreuer (m/w/d),MY Humancapital GmbH,Bad Tölz,False,"<p>Im Auftrag unseres Partnerunternehmens in Bad Tölz suchen wir Sie zum nächstmöglichen Zeitpunkt als <strong>„Privatkundenberater“.</strong></p>
<h2><strong>Aufgaben</strong></h2>
<ul>
<li>Als <stro",https://www.arbeitnow.com/jobs/companies/my-humancapital-gmbh/privatkundenbetreuer-bad-tolz-434077,Private Banking,2026-05-02,arbeitnow
Bankkaufmann / Kundenberater (m/w/d),MY Humancapital GmbH,Munich,False,"<p>Im Auftrag unseres Partnerunternehmens in München suchen wir Sie zum nächstmöglichen Zeitpunkt als <strong>„Bankkaufmann / Kundenberater (m/w/d)“.</strong></p>
<h2><strong>Aufgaben</strong></h2>
<u",https://www.arbeitnow.com/jobs/companies/my-humancapital-gmbh/bankkaufmann-kundenberater-munich-480632,Private Banking,2026-05-02,arbeitnow
Kundenberater Private Banking (m/w/d),MY Humancapital GmbH,Munich,False,"<p>Im Auftrag unseres Partnerunternehmens in München suchen wir Sie zum nächstmöglichen Zeitpunkt als <strong>„Kundenberater Private Banking (m/w/d)“.</strong></p>
<h2><strong>Aufgaben</strong></h2>
<",https://www.arbeitnow.com/jobs/companies/my-humancapital-gmbh/kundenberater-private-banking-munich-385450,Private Banking,2026-05-02,arbeitnow
IT Administrator (m/w/d),MY Humancapital GmbH,Munich,False,"<p>Im Auftrag unseres Partnerunternehmens suchen wir Sie zum nächstmöglichen Zeitpunkt als <strong>„IT Administrator (m/w/d)“.</strong></p>
<h2><strong>Aufgaben</strong></h2>
<ul>
<li>Als IT Administr",https://www.arbeitnow.com/jobs/companies/my-humancapital-gmbh/it-administrator-munich-353981,Information Systems,2026-05-02,arbeitnow
Betriebskostenabrechner (m/w/d),MY Humancapital GmbH,Munich,False,"<p>Suchen Sie einen zuverlässigen Partner, der Ihnen bei der Stellensuche in München hilft? Dann sind Sie bei der MHC goldrichtig! Profitieren Sie von der langjährigen Erfahrung unserer Experten. Dank",https://www.arbeitnow.com/jobs/companies/my-humancapital-gmbh/betriebskostenabrechner-munich-60292,Finance,2026-05-02,arbeitnow
Senior Performance B2B Marketing Manager (m/w/d),PLSTR DIGITAL GmbH,Mannheim,False,"<p><strong>plstr. – Die B2B-Digitalagentur ohne Agentur-Bullshit.</strong></p>
<p>Wir sind eine 10-köpfige Digitalagentur aus Mannheim mit Fokus auf Account-based Marketing und AI-Automation für mitte",https://www.arbeitnow.com/jobs/companies/plstr-digital-gmbh/senior-performance-b2b-marketing-manager-mannheim-138978,Marketing Manager,2026-05-02,arbeitnow
Teamleiter Servicetechniker Gebäudetechnik (m/w/d),Ströer X GmbH,Hamburg,False,<p>Wir sind auf der Suche nach einem erfahrenen <strong>Teamleiter Servicetechniker Gebäudetechnik (m/w/d) im Außendienst</strong>. Wenn du in der Region rund um <strong>Hamburg oder Bremen </strong>l,https://www.arbeitnow.com/jobs/companies/stroer-x-gmbh/teamleiter-servicetechniker-gebaudetechnik-hamburg-440864,"Technical, high school or equivalent",2026-05-02,arbeitnow
Customer Service Spezialist,The Bike Club,Berlin,False,"<p><strong>Über Bike Club:</strong><br>
Bike Club ist ein Abo-Service für hochwertige Kinderfahrräder: Das Fahrrad wird einfach gegen ein größeres Modell eingetauscht, wenn das Kind wächst. So entsteh",https://www.arbeitnow.com/jobs/companies/the-bike-club/customer-service-spezialist-berlin-28377,Customer Service,2026-05-02,arbeitnow
"Consultant (m/w/d) Datenschutz & Informationssicherheit (Teilzeit, Remote)",DSEV Consulting & Akademie GmbH,Augsburg,True,"<p>DSEV ist ein innovatives Beratungsunternehmen mit Fokus auf Datenschutz, Informationssicherheit und Compliance. Wir unterstützen unsere Kunden bei der Umsetzung gesetzlicher Anforderungen sowie bei",https://www.arbeitnow.com/jobs/companies/dsev-consulting-akademie-gmbh/consultant-datenschutz-informationssicherheit-teilzeit-remote-augsburg-175849,"Remote, Consulting",2026-05-02,arbeitnow
Dynamics 365 Consultant & Engineer (m/w/d) mit Karriereambitionen!,Auralis Group,Markt Indersdorf,True,"<p>Wir sind ein schnell wachsendes IT-Unternehmen (ca. 50 MA) und suchen Verstärkung, um anspruchsvolle Projekte im Bereich Microsoft Dynamics 365 bei unseren Kunden umzusetzen und aktiv mitzugestalte",https://www.arbeitnow.com/jobs/companies/auralis-group/dynamics-365-consultant-engineer-mit-karriereambitionen-markt-indersdorf-368597,"Remote, Business Consulting",2026-05-02,arbeitnow
Java Softwareentwickler:in mit Karriereambitionen - jetzt mit uns voll durchstarten!,Auralis Group,Markt Indersdorf,True,"<p>Wir sind ein fast zwei Jahre altes IT Unternehmen, aktuell 50 MA, und suchen nun weiterhin Verstärkung, um Java-Projekte bei unseren Kunden durchzuführen.</p>
<h2>Aufgaben</h2>
<p>Du willst:</p>
<u",https://www.arbeitnow.com/jobs/companies/auralis-group/java-softwareentwicklerin-mit-karriereambitionen-jetzt-mit-uns-voll-durchstarten-markt-indersdorf-331168,"Remote, Software Development",2026-05-02,arbeitnow
Software Testautomatisierer (m/w/d) mit Karriereambitionen,Auralis Group,Markt Indersdorf,True,"<p>Wir sind ein fast zwei Jahre altes IT-Unternehmen mit aktuell 70 MA und wachsen weiter 🚀<br>
Dafür suchen wir Verstärkung im Bereich Software Testing &#x26; Testautomatisierung, um spannende Projek",https://www.arbeitnow.com/jobs/companies/auralis-group/software-testautomatisierer-mit-karriereambitionen-markt-indersdorf-8546,"Remote, Quality Assurance, Inspection",2026-05-02,arbeitnow
SAP ABAP Entwickler (m/w/d),Pertemps ERP,Hamburg,False,"<p>Du suchst eine neue Herausforderung im SAP-Umfeld?</p>
<p>Für ein etabliertes, international tätiges Industrieunternehmen in der Metropolregion Hamburg (nördlich) suche ich aktuell einen <strong>SA",https://www.arbeitnow.com/jobs/companies/pertemps-erp/sap-abap-entwickler-hamburg-90596,IT,2026-05-02,arbeitnow
Sicherheitstechniker*in (m/w/d) für moderne Sicherheitssysteme,EXTERNUM UG (haftungsbeschränkt),Frankfurt am Main,False,"<p><strong>WIR SUCHEN DICH</strong></p>
<p>Als externes Personalberatungsunternehmen suchen wir im Auftrag des renommierten Technikunternehmens – <strong>W.I.S. Technik</strong> – eine(n) zuverlässige",https://www.arbeitnow.com/jobs/companies/externum-ug-haftungsbeschrankt/sicherheitstechnikerin-fur-moderne-sicherheitssysteme-frankfurt-am-main-78511,"Building, Supply, Safety Services Engineering",2026-05-02,arbeitnow
SAP EWM Berater,Pertemps ERP,Frankfurt am Main,True,"<p><strong>SAP EWM Entwickler (m/w/d)</strong></p>
<p>📍 Deutschlandweit | Remote! | 💰 bis zu 90.000 €</p>
<p>Du bist im <strong>SAP EWM Umfeld</strong> zuhause und möchtest an spannenden Projekten arb",https://www.arbeitnow.com/jobs/companies/pertemps-erp/sap-ewm-berater-frankfurt-am-main-306747,"Remote, IT",2026-05-02,arbeitnow
Head of SAP,Pertemps ERP,Nuremberg,False,"<p><strong>Head of SAP Applications (m/w/d)</strong></p>
<p>Standort: Nuernberg (Hybrid)</p>
<p>Für ein etabliertes, wachstumsstarkes Beratungsumfeld suchen wir aktuell eine erfahrene Persönlichkeit z",https://www.arbeitnow.com/jobs/companies/pertemps-erp/head-of-sap-nuremberg-494366,IT,2026-05-02,arbeitnow
SAP GTS Consultant (m/w/d),Pertemps ERP,Cologne,False,"<p><strong>***Exciting English speaking opportunity for an</strong> <strong>SAP GTS Consultant</strong> <strong>in Köln!***</strong></p>
<p>Industry: Logistics / Supply Chain / Warehouse</p>
<p>Locati",https://www.arbeitnow.com/jobs/companies/pertemps-erp/sap-gts-consultant-cologne-306901,Business Consulting,2026-05-02,arbeitnow
Sap Finance Control Consultant,Pertemps ERP,Frankfurt am Main,True,"<p>Wir haben die nächste Möglichkeit für Sie als SAP FICO Consultant zur Verfügung!</p>
<p>Wie stehen Sie zu neuen Herausforderungen als SAP FICO Consultant?</p>
<p>Haben Sie Interesse an (inter)natio",https://www.arbeitnow.com/jobs/companies/pertemps-erp/sap-finance-control-consultant-frankfurt-am-main-447309,"Remote, SAP/ERP Consulting, Development",2026-05-02,arbeitnow
Junior Artist Manager / Influencer Manager (m/w/d),Lionflence,Berlin,False,"<p>Was wir Dir bieten:</p>
<ul>
<li>Eine spannende Herausforderung, in der du dich weiterentwickeln kannst, rundum den Bereich Artistmanagement Medien/Social Media, Influencer Marketing und den dazuge",https://www.arbeitnow.com/jobs/companies/lionflence/junior-artist-manager-influencer-manager-berlin-325654,Marketing and Communication,2026-05-02,arbeitnow
Artist Manager / Influencer Manager (m/w/d) BERLIN,Lionflence,Berlin,False,"<p>Was wir Dir bieten:</p>
<ul>
<li>Eine spannende Herausforderung, in der du dich weiterentwickeln kannst, rundum den Bereich Artistmanagement Medien/Social Media, Influencer Marketing und den dazuge",https://www.arbeitnow.com/jobs/companies/lionflence/artist-manager-influencer-manager-berlin-468810,Marketing and Communication,2026-05-02,arbeitnow
Trainee Artist Manager / Influencer Manager (m/w/d),Lionflence,Berlin,False,"<p>Was wir Dir bieten:</p>
<ul>
<li>Eine spannende Herausforderung, in der du dich weiterentwickeln kannst, rundum den Bereich Artistmanagement Medien/Social Media, Influencer Marketing und den dazuge",https://www.arbeitnow.com/jobs/companies/lionflence/trainee-artist-manager-influencer-manager-berlin-492326,"Training, Development",2026-05-02,arbeitnow
Artist Manager / Influencer Manager (m/w/d),Lionflence,Mülheim,False,"<p>Was wir Dir bieten:</p>
<ul>
<li>Eine spannende Herausforderung, in der du dich weiterentwickeln kannst, rundum den Bereich Artistmanagement Medien/Social Media, Influencer Marketing und den dazuge",https://www.arbeitnow.com/jobs/companies/lionflence/artist-manager-influencer-manager-mulheim-402067,Marketing and Communication,2026-05-02,arbeitnow
Buchhaltungsmanager:in,Theater am Torbogen,Rottenburg,False,"<p>Das Theater am Torbogen ist mit seinen vielfältigen Theaterformen in der Region einzigartig. Professionelles Figurentheater, theaterpädagogisch begleitete Spielclubs für Kinder und Jugendliche und ",https://www.arbeitnow.com/jobs/companies/theater-am-torbogen/buchhaltungsmanagerin-rottenburg-195729,"Management, Team Leader",2026-05-02,arbeitnow
M&A Research Analyst,EquiMatch GmbH,Berlin,True,<p>EquiMatch is a Berlin-based AI-assisted deal target generation platform serving private equity firms. We turn high-level investment criteria into curated longlists of acquisition targets — combinin,https://www.arbeitnow.com/jobs/companies/equimatch-gmbh/ma-research-analyst-berlin-498635,"Remote, Mergers & Acquisitions",2026-05-02,arbeitnow
AI Engineer (Healthcare Infrastructure),Doctario GmbH,Munich,False,"<p><strong>Das deutsche Gesundheitswesen verarbeitet jedes Jahr €341 Milliarden – mit Prozessen, die für die Faxmaschine gebaut wurden. Wir bauen die KI, die das ablöst.</strong></p>
<p>Doctario entwi",https://www.arbeitnow.com/jobs/companies/doctario-gmbh/ai-engineer-healthcare-infrastructure-munich-275726,Development,2026-05-02,arbeitnow
Software Engineer,Doctario GmbH,Munich,False,"<p><strong>€341 Milliarden werden in Deutschland jedes Jahr im Gesundheitswesen abgerechnet. Der Großteil davon: manuell, fehleranfällig, veraltet. Wir ändern das.</strong></p>
<p>Doctario baut die KI",https://www.arbeitnow.com/jobs/companies/doctario-gmbh/software-engineer-munich-3435,Software Development,2026-05-02,arbeitnow
HR - Verwaltungsfachkraft (m/w/d),Lehmann Isolier- und Brandschutztechnik GmbH,Wendelstein,False,"<p><strong>Wir suchen für unser Familienunternehmen eine zuverlässige Verwaltungsfachkraft Büro</strong></p>
<h2>Aufgaben</h2>
<ul>
<li>Grundkentnisse mit VOB Regelwerk sowie bei öffentlichen Ausschre",https://www.arbeitnow.com/jobs/companies/lehmann-isolier-und-brandschutztechnik-gmbh/hr-verwaltungsfachkraft-wendelstein-35994,Administration,2026-05-02,arbeitnow
Head / Director of Customer Service (m/w/d),Turnover Recruitment GmbH,Berlin,False,"<p><strong>Confidential Search – Director Customer Experience (Berlin)</strong></p>
<p>Turnover Recruitment hat sich mit einem etablierten E-Commerce-Player mit Sitz im Berliner Westen zusammengetan u",https://www.arbeitnow.com/jobs/companies/turnover-recruitment-gmbh/head-director-of-customer-service-berlin-386688,"Management, Team Leader",2026-05-02,arbeitnow
iOS Developer,TechBiz Global GmbH,Aachen,False,"<p><span style=""color: #121317"">At </span><strong><span style=""color: #121317"">TechBiz Global</span></strong><span style=""color: #121317"">, we are providing recruitment service to our TOP clients from",https://www.arbeitnow.com/jobs/companies/techbiz-global-gmbh/ios-developer-aachen-44821,"Engineering, bachelor's degree",2026-05-02,arbeitnow
Senior Dispatcher (m/w/d) FlixTrain,Flix,"Berlin, Berlin, Germany",False,"<h5 data-start=""116"" data-end=""143""><strong data-start=""116"" data-end=""143"">Senior Disponent im Zugverkehr (m/w/d)</strong></h5>
<p class="""" data-start=""145"" data-end=""408"">Bei FlixTrain bieten wir di",https://www.arbeitnow.com/jobs/companies/flix/senior-dispatcher-flixtrain-berlin-270444,,2026-05-02,arbeitnow
DevOps Softwareentwickler:in mit Karriereambitionen - jetzt mit uns voll durchstarten!,Auralis Group,Markt Indersdorf,True,"<p>Wir sind ein fast zwei Jahre altes IT Unternehmen, aktuell 50 MA, und suchen nun weiterhin Verstärkung, um Cloud-Projekte bei unseren Kunden durchzuführen.</p>
<h2>Aufgaben</h2>
<p>Du willst:</p>
<",https://www.arbeitnow.com/jobs/companies/auralis-group/devops-softwareentwicklerin-mit-karriereambitionen-jetzt-mit-uns-voll-durchstarten-markt-indersdorf-74834,"Remote, Software Development",2026-05-02,arbeitnow
Senior Product Owner (m/f/d),Flix,"Berlin, Berlin, Germany",False,"<p>We're looking for a motivated and driven <strong>Senior Product Owner (m/f/d)</strong> who will help us shape our team and have the most direct influence on our success.</p>
<p>The mission of the R",https://www.arbeitnow.com/jobs/companies/flix/senior-product-owner-berlin-167955,,2026-05-02,arbeitnow
Senior Python Engineer (m/f/d) - Network Planning,Flix,"Berlin, Germany",False,"<p><span style=""font-size: 12pt;""><span data-contrast=""none"">At Flix, we offer a tech-driven environment where innovation meets real-world impact, with competitive pay,&nbsp;strong growth&nbsp;opportu",https://www.arbeitnow.com/jobs/companies/flix/senior-python-engineer-network-planning-berlin-464369,,2026-05-02,arbeitnow
Senior Analytics Engineer,SumUp,"Berlin, Germany",False,"<div data-testid=""markdown-response"">&nbsp;</div>
<div data-testid=""markdown-response"">
<div>
<p id=""message"">The Run &amp; Grow Tribe of Tribes powers the systems, insights, and experiences that keep",https://www.arbeitnow.com/jobs/companies/sumup/senior-analytics-engineer-berlin-300539,,2026-05-02,arbeitnow
Talent Acquisition Delivery Lead,SumUp,"Berlin, Germany",False,"<h2><strong>About our team</strong></h2>
<p>SumUp's TA team is shifting from reactive hiring to a structured, KPI-driven delivery model, and this role is at the centre of that change. You'll be the de",https://www.arbeitnow.com/jobs/companies/sumup/talent-acquisition-delivery-lead-berlin-258750,,2026-05-02,arbeitnow
Head of Product & Growth for Private Trips (100% Remote),Ventura TRAVEL,"Munich, Bavaria, Germany",False,"<p><span style=""font-weight: 400;"">Join us at Ventura TRAVEL—a group of specialized travel brands that unleash the adventurer in every person! At <strong><a href=""https://www.epic-trips.com/"" target=""",https://www.arbeitnow.com/jobs/companies/ventura-travel/head-of-product-growth-for-private-trips-100-remote-munich-255744,,2026-05-02,arbeitnow
Senior Bid Manager,Spire,"Munich, Bavaria, Germany",False,<p>Spire Global is a space-to-cloud data and analytics company that owns and operates one of the largest constellations of satellites. Our proprietary data collection and processing techniques provide,https://www.arbeitnow.com/jobs/companies/spire/senior-bid-manager-munich-487342,,2026-05-02,arbeitnow
Werkstudent:in Creator & Business Coordinator:in (m/w/d),AZUBeasy,Stuttgart,False,"<p>Werde Teil von AZUBeasy und hilf mit, Ausbildung in Deutschland sichtbarer, attraktiver und menschlicher zu machen! Mein Startup wächst schnell und ich brauche jetzt Verstärkung, die wirklich anpac",https://www.arbeitnow.com/jobs/companies/azubeasy/werkstudentin-creator-business-coordinatorin-stuttgart-90061,Marketing and Communication,2026-05-02,arbeitnow
Junior Consultant Digitized Processes,PROMATIS software GmbH,Münster,False,"<p>Vertiefung: Finance, Accounting &#x26; Controlling</p>
<p>Im Fokus: Digitalisierte Finanzprozesse und Oracle Unternehmensapplikationen</p>
<p>Das Ziel ist klar: Exzellente Finanzprozesse mit Oracle",https://www.arbeitnow.com/jobs/companies/promatis-software-gmbh/junior-consultant-digitized-processes-munster-40908,Process Management,2026-05-02,arbeitnow
"Mediengestalterin Digital, Print & UI/UX (m/w/d)",Elisana Digital GmbH,Dorsten,False,"<p><strong>Working for better teamwork</strong></p>
<p>Mit unserer Teamsoftware vereinfachen Unternehmen (in D🇩🇪 A🇦🇹 CH🇨🇭) mit 5–300 Mitarbeitern ihre tägliche Zusammenarbeit, Organisation und Persona",https://www.arbeitnow.com/jobs/companies/elisana-digital-gmbh/mediengestalterin-digital-print-ui-ux-dorsten-120470,"Media, Screen and Web Design",2026-05-02,arbeitnow
Junior-Projektmanager (m/w/d) gesucht!,talenthafen GmbH,Hamburg,False,"<p><strong>talenthafen steht für Exzellenz im modernen Recruiting.</strong><br>
Wir sind eine strategische Beratung und ein Systemhaus für Arbeitgeberpositionierung und Personalgewinnung – mit technol",https://www.arbeitnow.com/jobs/companies/talenthafen-gmbh/junior-projektmanager-gesucht-hamburg-358001,Business Consulting,2026-05-02,arbeitnow
Senior Product Owner (m/w/d) AI-assisted Software Engineering,QualityMinds GmbH,Nuremberg,False,"<p>Die QualityMinds GmbH ist ein mittelständisches, agiles Unternehmen mit Fokus auf Qualitätssicherung, Softwaretest und Softwareentwicklung. Kontinuierliches Lernen, Selbstorganisation und Eigenvera",https://www.arbeitnow.com/jobs/companies/qualityminds-gmbh/senior-product-owner-ai-assisted-software-engineering-nuremberg-139749,"Consulting, Engineering",2026-05-02,arbeitnow
Lead Blockchain Engineer,CEF AI,Berlin,False,"<p>We are hiring a Lead Blockchain Engineer to work on the core protocol powering CEF’s decentralized AI and data infrastructure.</p>
<p>This is not a maintenance role.</p>
<p>This is not a “build a t",https://www.arbeitnow.com/jobs/companies/cef-ai/lead-blockchain-engineer-berlin-142358,Engineering,2026-05-02,arbeitnow
Founder's Associate (Pflichtpraktikum),Heidi Systems,Berlin,False,"<p>Berlin based | German native speaker | <strong>Pflichtpraktikum</strong> | Rolling intake</p>
<p><strong>MAXIMALE VERANTWORTUNG. STEILE LERNKURVE. FAST PACE.</strong></p>
<p>Wenn du einen Job suchs",https://www.arbeitnow.com/jobs/companies/heidi-systems/founders-associate-pflichtpraktikum-berlin-144964,Business Development,2026-05-02,arbeitnow
Head of Influencer Marketing (m/f/d),HEY HOLY GmbH,Frankfurt am Main,True,"<p><strong>Our mission at HEY HOLY:</strong> Taking dog health to the next level through nutrition. Instead of one-size-fits-all, we focus on breed-specific, functional food – developed with veterinar",https://www.arbeitnow.com/jobs/companies/hey-holy-gmbh/head-of-influencer-marketing-frankfurt-am-main-231749,"Remote, Marketing and Communication",2026-05-02,arbeitnow
CLM Lead,Every.,Berlin,False,"<h2>CLM Lead (m/f/d)</h2>
<p><strong>Berlin · Full-time</strong></p>
<h2>The role</h2>
<p>Own the customer lifecycle marketing at every. You define the strategy, lead the team, and ship the work that ",https://www.arbeitnow.com/jobs/companies/every/clm-lead-berlin-108628,Marketing and Communication,2026-05-02,arbeitnow
Werkstudent / Praktikant Finanzen (m/w/d),CRX Markets AG,Munich,False,<p>Du möchtest dein Fachwissen bei einem Finanzdienstleister mit Wurzeln in der IT-Branche einsetzen? Wir sind immer auf der Suche nach den kreativsten Köpfen – in diesem Fall für unseren wachsenden F,https://www.arbeitnow.com/jobs/companies/crx-markets-ag/werkstudent-praktikant-finanzen-munich-471850,Finance,2026-05-02,arbeitnow
Praktikum im Consulting (m/w/d) bei Horbach,HORBACH Wirtschaftsberatung GmbH,Stuttgart,False,<p>Du interessierst dich für Finanzthemen und möchtest als <strong>Praktikant*in (m/w/d)</strong> erste praktische Einblicke in die Branche gewinnen? Dann ist ein Praktikum bei uns der ideale Einstieg,https://www.arbeitnow.com/jobs/companies/horbach-wirtschaftsberatung-gmbh/praktikum-im-consulting-bei-horbach-stuttgart-163490,"Asset, Fonds Management",2026-05-02,arbeitnow
Duales Studium - Wirtschaftswissenschaften,HORBACH Wirtschaftsberatung GmbH,Stuttgart,False,"<p>Keine Lust auf ein rein theoretisches Studium?<br>
Starte jetzt Dein <strong>duales Studium im Bereich Wirtschaftswissenschaften</strong> bei HORBACH!</p>
<p>Du hast Dein (Fach-)Abitur bald in der ",https://www.arbeitnow.com/jobs/companies/horbach-wirtschaftsberatung-gmbh/duales-studium-wirtschaftswissenschaften-stuttgart-499356,"Asset, Fonds Management",2026-05-02,arbeitnow
Snr. Business Development Manager - Mobile Performance Ads,REPLUG,Berlin,True,"<p>REPLUG is an award-winning mobile growth agency working with mobile-first brands to design and execute tailor-made strategies via App Store Optimization, Paid Acquisition, Creative Strategies, and ",https://www.arbeitnow.com/jobs/companies/replug/snr-business-development-manager-mobile-performance-ads-berlin-137330,"Remote, Business Development",2026-05-02,arbeitnow
Junior Social Media Manager (m/w/d),KNSK,Hamburg,False,"<h2>Jobteaser</h2>
<p>Du liebst Social Media – aber vor allem liebst du das, was man daraus machen kann? Wir suchen einen <strong>Junior Social Media Manager</strong> (m/w/d), der nicht nur auf Briefi",https://www.arbeitnow.com/jobs/companies/knsk/junior-social-media-manager-hamburg-312448,Marketing and Communication,2026-05-02,arbeitnow
Operations Excellence & Expansion (m/w/d) - Vollzeit,ELMI Power GmbH,Niddatal,False,"<p><strong>Über ELM</strong></p>
<p>ELMI ist ein Technologieunternehmen für batteriegestützte Ultra-Schnellladestationen. Unsere Mission ist es, weit mehr als klassische Ladesäulen zu entwickeln: Wir ",https://www.arbeitnow.com/jobs/companies/elmi-power-gmbh/operations-excellence-expansion-vollzeit-niddatal-311855,Project Management,2026-05-02,arbeitnow
(Senior) Customer Success Manager (f/m/d),Predium Technology GmbH,Munich,False,"<h2>Unsere Opportunity</h2>
<p>Die Immobilienbranche steht vor einer der größten Transformationen der nächsten Jahrzehnte - getrieben durch EU-Taxonomie, CSRD und steigende regulatorische Anforderunge",https://www.arbeitnow.com/jobs/companies/predium-technology-gmbh/senior-customer-success-manager-munich-68405,Customer Service,2026-05-02,arbeitnow
Marketing Manager (m/w/d) Content & Social Media,Medialine EuroTrade AG,Cologne,False,"<p>Diese Position ist für unsere Gesellschaft Medialine EuroTrade AG zu besetzen.</p>
<p>Deine Mission: Du sorgst dafür, dass unsere Themen nicht nur gesehen, sondern verstanden werden. Dabei übersetz",https://www.arbeitnow.com/jobs/companies/medialine-eurotrade-ag/marketing-manager-content-social-media-cologne-265745,Social Media Manager,2026-05-02,arbeitnow
Quality Assurance Assistant (m/w/d),niederwieser,Sulzberg,False,"<p>Die Niederwieser Group ist ein international aufgestelltes Familienunternehmen mit Standorten in Italien, Deutschland und Spanien und steht für Qualität, Verlässlichkeit und kontinuierliche Weitere",https://www.arbeitnow.com/jobs/companies/niederwieser/quality-assurance-assistant-sulzberg-445370,Quality Management,2026-05-02,arbeitnow
Wirtschaftsprüfungsassistent (all genders) Vollzeit,HBP Partnerschaft mbB,Düsseldorf,False,"<p><strong>Keine Lust mehr auf leere Versprechen?</strong></p>
<p>Bei uns bedeutet „professionell“ immer auch „menschlich“. Als wachsende Steuer- und Wirtschaftsprüfungskanzlei mit rund 50 Mitarbeiten",https://www.arbeitnow.com/jobs/companies/hbp-partnerschaft-mbb/wirtschaftsprufungsassistent-all-genders-vollzeit-dusseldorf-202061,Auditor,2026-05-02,arbeitnow
Leiter:in IT Aufbau einer gruppenweiten IT-Organisation,wabcon,Nuremberg,False,"<p>Bei unserem Kunden handelt es sich um einen der Martführer im Bereich der IT-Security. Wir suchen für den Kunden zum nächsmöglichen Zeitpunkt einen erfahrenen Leiter Konzern-IT (m/w/d).</p>
<h2>Auf",https://www.arbeitnow.com/jobs/companies/wabcon/leiterin-it-aufbau-einer-gruppenweiten-it-organisation-nuremberg-92486,Project Management,2026-05-02,arbeitnow
Marketing Manager,Lumiform,Berlin,True,"<p>We are looking for a channel-agnostic, high-velocity Marketing Manager to join our team. You aren’t just a ""specialist"" in one area; you are a digital architect who understands how to pull the leve",https://www.arbeitnow.com/jobs/companies/lumiform/marketing-manager-berlin-434729,"Remote, Marketing Manager",2026-05-02,arbeitnow
Senior Data Engineer (m/f/d) – Customer Identity Resolution,momox,Berlin,False,"<h2>Our mission</h2>
<p><strong>We are on a mission to save our planet - one second hand product at a time.</strong></p>
<p>As Senior Data Engineer, you will own one of our most business-critical data",https://www.arbeitnow.com/jobs/companies/momox/senior-data-engineer-customer-identity-resolution-berlin-493575,IT,2026-05-02,arbeitnow
Werkstudent (M/W/D) als Technischer Zeichner / Systemplaner,KLT Klima- und Lüftungstechnik GmbH,Hamburg,False,"<p>KLT Klima- und Lüftungstechnik GmbH plant und realisiert Lüftungs- und Klimaanlagen für u. a. Schulen, Büro/Industrie, Küchen, Labore und Krankenhäuser. Als Werkstudent (m/w/d) unterstützt du unser",https://www.arbeitnow.com/jobs/companies/klt-klima-und-luftungstechnik-gmbh/werkstudent-als-technischer-zeichner-systemplaner-hamburg-156426,"Building, Supply, Safety Services Engineering",2026-05-02,arbeitnow
"Packaging Designer / Artworker (Fixed-term, 1 year) (m/f/d)",KoRo Handels GmbH,Berlin,False,"<h2>Your tasks</h2>
<p>At <strong>KoRo</strong>, we’re looking for a hands-on <strong>Packaging Designer / Artworker (m/f/d)</strong> to join our creative team for a <strong>1-year fixed-term contract",https://www.arbeitnow.com/jobs/companies/koro-handels-gmbh/packaging-designer-artworker-fixed-term-1-year-berlin-195137,Graphic Arts and Communication Design,2026-05-02,arbeitnow
Quality Engineer (f/m/d) Management Systems,K-tronik GmbH,Laupheim,False,"<h2>Projektbeschreibung:</h2>
<p>Zur Unterstützung unseres Teams bei eine rennomierten Kunden im Bereich Verteidigungstechnik suchen wir zum nächstmöglichen Zeitpunkt einen Quality Engineer (f/m/d) Ma",https://www.arbeitnow.com/jobs/companies/k-tronik-gmbh/quality-engineer-management-systems-laupheim-153798,Quality Management,2026-05-02,arbeitnow
Junior IT-Systemadministrator (w/m/d) - inhouse - German C1+,Trigon Gruppe GmbH,Berlin,False,"<p>Systemadministration · 1st Level Support · Microsoft 365 · Netzwerkadministration · IT-Infrastruktur · Helpdesk · 2nd Level Support · IT-Rollout</p>
<p><strong>Über uns:</strong></p>
<p>Die Trigon ",https://www.arbeitnow.com/jobs/companies/trigon-gruppe-gmbh/junior-it-systemadministrator-inhouse-german-c1-berlin-412855,System and Network Administration,2026-05-02,arbeitnow
Senior Consultant E-Commerce & Digital Growth (m/w/d),ABRIO GmbH,Frankfurt,False,"<p><span style=""color: #121317"">Stell dir vor, es ist dein erster Tag als </span><strong><span style=""color: #121317"">Senior Consultant E-Commerce &amp; Digital Growth (m/w/d) </span></strong><span st",https://www.arbeitnow.com/jobs/companies/abrio-gmbh/senior-consultant-e-commerce-digital-growth-frankfurt-388851,"Consulting, high school coursework",2026-05-02,arbeitnow
Senior Applikationsingenieur Software (m/w/d),Inpernell GmbH,Villingen-Schwenningen,False,"<p>""Wir sind die Top-Adresse für Personalvermittlung, wenn es um die Verbindung von High-Potentials in Fach- und Führungspositionen mit erstklassigen Unternehmen geht. Unser Hauptanliegen ist, Erfolge",https://www.arbeitnow.com/jobs/companies/inpernell-gmbh/senior-applikationsingenieur-software-villingen-schwenningen-111838,"Engineering, associate's degree",2026-05-02,arbeitnow
Data Engineer (Mid-Sen Level) - Fully Remote,SOFTGAMES,Berlin,False,"<p><span style=""color: #000000"">SOFTGAMES is looking for a </span><strong><span style=""color: #000000"">Data Engineer (Mid-Sen Level) - Fully Remote</span></strong><span style=""color: #000000""> to help",https://www.arbeitnow.com/jobs/companies/softgames/data-engineer-mid-sen-level-fully-remote-berlin-364711,"Internet and software, bachelor's degree",2026-05-02,arbeitnow
CEO (m/w/d) Softwareunternehmen | Next Step für Business Unit oder Vertriebsleiter,ANGEHEUERT GmbH,Göttingen,False,"<p style="";""><strong>Zwei mittelständische Softwareunternehmen</strong> mit jeweils eigenständigen Teams <strong>stehen vor der nächsten Entwicklungsphase</strong> und suchen einen <strong>unternehmer",https://www.arbeitnow.com/jobs/companies/angeheuert-gmbh/ceo-softwareunternehmen-next-step-fur-business-unit-oder-vertriebsleiter-gottingen-58067,"Management, associate's degree",2026-05-02,arbeitnow
Trainee Developer / Programmierer für KI-Agenten (m/w/d),DCF Verlag GmbH,Koblenz,False,<p>Wir sind die am schnellsten wachsende PR-Agentur Europas – und wir haben noch viel vor. Mit der Kraft von Künstlicher Intelligenz wollen wir unsere Prozesse transformieren und die Branche neu defin,https://www.arbeitnow.com/jobs/companies/dcf-verlag-gmbh/trainee-developer-programmierer-fur-ki-agenten-koblenz-162628,"Internet and software, high school coursework",2026-05-02,arbeitnow
Mitarbeiter:in Team Field Services (m/w/d),ivl Informationsverarbeitung Leverkusen  GmbH,Leverkusen,False,"<p>Du bist technikbegeistert, neugierig und hast Lust, mit modernen IT-Lösungen und Hardware den digitalen Wandel aktiv mitzugestalten?</p>
<p>Dann bist Du bei uns genau richtig!</p>
<p>Die <strong>iv",https://www.arbeitnow.com/jobs/companies/ivl-informationsverarbeitung-leverkusen-gmbh/mitarbeiterin-team-field-services-leverkusen-173206,IT,2026-05-02,arbeitnow
Werkstudent im Bereich Marketing & Kommunikation (all genders),Accenture,Kronberg,False,"<p>Hast du Lust, uns ab sofort für mindestens zwölf Monate mit bis zu 20 Std./Woche als Werkstudent:in in unserem Marketing + Communications‑Team im deutschsprachigen Raum zu unterstützen?</p>
<h2>Auf",https://www.arbeitnow.com/jobs/companies/accenture/werkstudent-im-bereich-marketing-kommunikation-all-genders-kronberg-478329,Marketing and Communication,2026-05-02,arbeitnow
"Fullstack-Entwickler (m/w/d) mit Angular und Springboot Erfahrung, sowie optimal mit OSPlus Kenntnissen (Ref.Nr.: 46658)",Wavestone Germany AG,Münster,False,"<p>Wir suchen einen Fullstack Entwickler für die Mitarbeit an Vertriebs- und Kompositprojekten im Versicherungsumfeld, wobei der Schwerpunkt auf der Weiterentwicklung von Tarifrechnern (TWCs) liegt.</",https://www.arbeitnow.com/jobs/companies/wavestone-germany-ag/fullstack-entwickler-mit-angular-und-springboot-erfahrung-sowie-optimal-mit-osplus-kenntnissen-refnr-46658-munster-257771,IT,2026-05-02,arbeitnow
Junior Accountant/Buchhalter (m/w/d),MatchWave,Berlin,False,"<p>Wir suchen für ein etabliertes <strong>privates Beteiligungsunternehmen und Family Office</strong> mit langfristigem Investitionsansatz.</p>
<p>Früher haben wir im Bereich Buchhaltung erfolgreich m",https://www.arbeitnow.com/jobs/companies/matchwave/junior-accountant-buchhalter-berlin-85391,Finance,2026-05-02,arbeitnow
Oracle Database Spezialist (m/w/d) (Ref.Nr.: 46648),Wavestone Germany AG,Münster,False,"<p>Wir suchen für ein Projekt im Versicherungsumfeld einen erfahrenen Oracle Database Specialist (m/w/d), der das Team im Bereich Controlling bei der Optimierung und Automatisierung von Datenbankproze",https://www.arbeitnow.com/jobs/companies/wavestone-germany-ag/oracle-database-spezialist-refnr-46648-munster-14969,IT,2026-05-02,arbeitnow
Shopify E-Commerce Manager/in - International & B2B (m/w/d),Presch Tools GmbH,Ganderkesee,True,"<p>Es ist Feierabend und du verlässt das Office, happy und mit einem guten Gefühl. Dein erster Tag bei PRESCH war einfach stark 🔥</p>
<p>Du hast direkt dein Team kennengelernt, einen ersten Blick in d",https://www.arbeitnow.com/jobs/companies/presch-tools-gmbh/shopify-e-commerce-manager-international-b2b-ganderkesee-278253,"Remote, Online Marketing",2026-05-02,arbeitnow
(Senior) Teamlead Software Development,Bikeleasing-Service GmbH & Co. KG,Berlin,True,"<h2>Your mission</h2>
<p>The Bikeleasing Group is one of the leading employer‑benefit and mobility solutions groups in Germany. With several specialized companies and strong, profitable growth, we are",https://www.arbeitnow.com/jobs/companies/bikeleasing-service-gmbh-co-kg/senior-teamlead-software-development-berlin-107950,"Remote, Software Development",2026-05-02,arbeitnow
HR Manager (m/w/d),P&P Group,Fürth,False,"<p>Die P&#x26;P Group ist operativer Immobilieninvestor und Investorenplattform mit Standorten in München, Fürth und London. Mit ausgezeichneter Technikexpertise und 30-jähriger Historie werden komple",https://www.arbeitnow.com/jobs/companies/pp-group/hr-manager-furth-316762,HR,2026-05-02,arbeitnow
Ausbildung zum Fachinformatiker für Anwendungsentwicklung (m/w/d) für 2026,SAC GmbH,Darmstadt,False,"<p><strong>Darmstadt | ab 01.08.2026 | Vollzeit</strong><br>
Wir suchen Nachwuchs-Talente für unser IT Service Team!</p>
<h2>Aufgaben</h2>
<ul>
<li>Entwicklung von Prozessautomatisierungen mit Flowste",https://www.arbeitnow.com/jobs/companies/sac-gmbh/ausbildung-zum-fachinformatiker-fur-anwendungsentwicklung-fur-2026-darmstadt-411925,Helpdesk,2026-05-02,arbeitnow
Systemadministrator (m|w|d),LeySelect GmbH,Frankfurt am Main,False,<p>Unser Mandant ist ein auf Cyber Security spezialisiertes Beratungsunternehmen. Als SAP Silber Partner orientiert sich unser Mandant an den Bedürfnissen seiner Kunden und bietet innovative und nachh,https://www.arbeitnow.com/jobs/companies/leyselect-gmbh/systemadministrator-mwd-frankfurt-am-main-29232,System and Network Administration,2026-05-02,arbeitnow
ERP-Consultant Sage b7 oder Sage x3(w/m/d),Specific-Group Germany GmbH,Munich,False,"<p><strong>Dein nächster Karriereschritt im ERP-Consulting!</strong></p>
<p>Du möchtest nicht nur Systeme betreuen, sondern Unternehmensprozesse aktiv gestalten? Bei uns arbeitest Du an anspruchsvolle",https://www.arbeitnow.com/jobs/companies/specific-group-germany-gmbh/erp-consultant-sage-b7-oder-sage-x3-munich-63609,"Consulting, Engineering",2026-05-02,arbeitnow
(Junior) COO Associate,everphone GmbH,Berlin,False,"<h2>Über die Rolle</h2>
<p>Als COO Associate (w/m/d) agierst du als zentrale Schnittstelle direkt an der Seite unseres COO und treibst die kontinuierliche Weiterentwicklung unseres Operating Models vo",https://www.arbeitnow.com/jobs/companies/everphone-gmbh/junior-coo-associate-berlin-154598,Business Development,2026-05-02,arbeitnow
Social Media Manager (all genders),mammaly,Berlin,False,"<p>Wir machen das Leben von Hunden besser. Und das ihrer Menschen gleich mit. Wir suchen wir jemanden, der unsere Passion für glückliche Vierbeiner nicht nur versteht, sondern in mitreißenden Content ",https://www.arbeitnow.com/jobs/companies/mammaly/social-media-manager-all-genders-berlin-222440,Social Media Manager,2026-05-02,arbeitnow
(Junior) Performance Marketing Manager - Paid Social & Video (m/w/d),Digital Trendteam,Mainz,False,"<p><strong>Dein Platz im Digital Trendteam</strong> 🚀</p>
<p>Wir sind das Digital Trendteam – wir warten nicht auf Trends, wir setzen sie.<br>
Bei uns gilt: Arbeite dort, wo du am produktivsten bist –",https://www.arbeitnow.com/jobs/companies/digital-trendteam/junior-performance-marketing-manager-paid-social-video-mainz-454612,Marketing and Communication,2026-05-02,arbeitnow
(Senior) Direct Response Copywriter (all genders),mammaly,Berlin,True,"<p>Du bist kein Texter. Du bist ein Umsatzmacher. Du weißt genau, wie ein Funnel tickt, was eine Headline ausmacht und warum Menschen kaufen. Oder es eben nicht tun. Du hast bewiesen, dass deine Texte",https://www.arbeitnow.com/jobs/companies/mammaly/senior-direct-response-copywriter-all-genders-berlin-344573,"Remote, Marketing and Communication",2026-05-02,arbeitnow
SEO / SEA Spezialist (m/w/d) - Freelance,Digital Trendteam,Mainz,True,"<p><strong>Dein Platz im Digital Trendteam 🚀</strong></p>
<p>Bei uns zählt das Ergebnis - daher: <strong>Arbeite dort, wo du am produktivsten bist.</strong> Wir suchen keinen Berater, sondern einen Ex",https://www.arbeitnow.com/jobs/companies/digital-trendteam/seo-sea-spezialist-freelance-mainz-299971,"Remote, Marketing and Communication",2026-05-02,arbeitnow
(Junior) SEO / SEA Manager (m/w/d),Digital Trendteam,Mainz,False,"<p><strong>Dein Platz im Digital Trendteam</strong> 🚀</p>
<p>Wir sind das <strong>Digital Trendteam</strong> - Wir warten nicht auf Trends, wir setzen sie.</p>
<p>Bei uns gilt: <strong>Arbeite dort, w",https://www.arbeitnow.com/jobs/companies/digital-trendteam/junior-seo-sea-manager-mainz-374616,Marketing and Communication,2026-05-02,arbeitnow
Marketing Strategist & Account Manager (m/w/d),Digital Trendteam,Mainz,False,"<p><strong>Dein Platz im Digital Trendteam 🚀</strong></p>
<p>Wir stehen für <strong>Performance, die funktioniert</strong>. Bei uns gibt es keine festgefahrenen Strukturen, sondern den Freiraum so zu ",https://www.arbeitnow.com/jobs/companies/digital-trendteam/marketing-strategist-account-manager-mainz-152070,Marketing Manager,2026-05-02,arbeitnow
Technical Operations Manager (m/f/d),ANGEHEUERT GmbH Personalberatung,Nuremberg,False,"<p>Our client develops highly complex technologies in the field of deep tech, with a strong focus on quantum communication. Within an international team of physicists and engineers, solutions are crea",https://www.arbeitnow.com/jobs/companies/angeheuert-gmbh-personalberatung/technical-operations-manager-nuremberg-392074,IT,2026-05-02,arbeitnow
Product Owner - Data Analytics (m/w/d),Berliner Verlag GmbH,Berlin,False,"<p>Als <strong>Product Owner – Data Analytics (m/w/d)</strong> bei der .img – itai’s machine GmbH, der digitalen Tochter des Berliner Verlags, übernimmst du eine zentrale Rolle beim Aufbau eines daten",https://www.arbeitnow.com/jobs/companies/berliner-verlag-gmbh/product-owner-data-analytics-berlin-125876,Product Management,2026-05-02,arbeitnow
Finance Lead (m/w/d),Biomatch GmbH,Murg,False,"<p><strong>Über das Unternehmen</strong></p>
<p>Unser Mandant ist ein weltweit agierender Pionier für hocheffiziente Systemlösungen in der Food-Technologie. Mit mehreren tausend Mitarbeitern global ve",https://www.arbeitnow.com/jobs/companies/biomatch-gmbh/finance-lead-murg-85994,Finance,2026-05-02,arbeitnow
Werkstudent (m/w/d) - IT Consulting & KI,MGRP,Frankfurt am Main,False,"<p>MGRP ist eine Management-Beratungsboutique für IT-Strategie und Sourcing auf stabilem Wachstumskurs – erfolgreiche Projekte und Kundenzufriedenheit bestätigen MGRP seit über 10 Jahren.</p>
<h2>Aufg",https://www.arbeitnow.com/jobs/companies/mgrp/werkstudent-it-consulting-ki-frankfurt-am-main-17343,Business Consulting,2026-05-02,arbeitnow
Standortleiter (m/w/d) mit Schwerpunkt Smart Repair,SmartPro NRW GmbH,Kempen,False,"<p><strong>Bereit für den nächsten Karriereschritt? Übernehmen Sie Verantwortung und gestalten Sie aktiv unseren Erfolg mit!</strong></p>
<p>Als <strong>Standortleiter (m/w/d) mit Schwerpunkt Smart Re",https://www.arbeitnow.com/jobs/companies/smartpro-nrw-gmbh/standortleiter-mit-schwerpunkt-smart-repair-kempen-327845,"Management, Team Leader",2026-05-02,arbeitnow
Technical Operations Manager (m/w/d),ANGEHEUERT GmbH Personalberatung,Munich,False,"<p>Unser Kunde entwickelt hochkomplexe Technologien im Bereich Deep Tech mit Fokus auf Quantenkommunikation. In einem internationalen Team aus Physikern und Ingenieuren entstehen Lösungen, die sowohl ",https://www.arbeitnow.com/jobs/companies/angeheuert-gmbh-personalberatung/technical-operations-manager-munich-234120,IT,2026-05-02,arbeitnow
IT-Forensiker / Analysten (mIwId),LeySelect GmbH,Frankfurt am Main,False,"<p>Unser Mandant ist ein spezialisiertes Beratungsunternehmen im Bereich 𝗖𝘆𝗯𝗲𝗿 𝗦𝗲𝗰𝘂𝗿𝗶𝘁𝘆. Es bietet individuelle, nachhaltige Lösungen und setzt auf langfristige, vertrauensvolle Kundenbeziehungen. Mit",https://www.arbeitnow.com/jobs/companies/leyselect-gmbh/it-forensiker-analysten-miwid-frankfurt-am-main-317248,IT Security,2026-05-02,arbeitnow
(Senior) IT Operations Engineer (gn),Bikeleasing-Service GmbH & Co. KG,Berlin,True,"<h2>Deine Aufgaben</h2>
<p>Die Bikeleasing Gruppe gehört zu den führenden Anbietern moderner Dienstradleasing-Lösungen und verbindet digitale Plattformen, innovative Services und ein stark wachsendes ",https://www.arbeitnow.com/jobs/companies/bikeleasing-service-gmbh-co-kg/senior-it-operations-engineer-gn-berlin-482461,"Remote, Software Development",2026-05-02,arbeitnow
(Senior) UI/UX Designer (m/w/d) - App Design / fluege.de,Invia Flights Germany GmbH,Leipzig,False,"<h2>Einleitung</h2>
<p>Invia Flights Germany ist bekannt für eines der erfolgreichsten Flugportale in Deutschland – . Wir sind Teil der Invia Group, einem paneuropäischen Marktführer im Online-Reiseve",https://www.arbeitnow.com/jobs/companies/invia-flights-germany-gmbh/senior-ui-ux-designer-app-design-fluegede-leipzig-386233,Graphic Arts and Communication Design,2026-05-02,arbeitnow
Application Manager (M/W/D) FINANCIAL SERVICES,crossbuilders GmbH,Cologne,False,"<ul>
<li><strong>Fokus</strong>: Financial Services &#x26; Application Management</li>
<li><strong>Bereich</strong>: Betrieb/ Applikationsbetreuung/ Shareholder-Management</li>
<li><strong>Einsatzort<",https://www.arbeitnow.com/jobs/companies/crossbuilders-gmbh/application-manager-financial-services-cologne-461582,Process Management,2026-05-02,arbeitnow
Client Success Director (m/f/d),Wellhub,"Múnich, Baviera, Alemania",False,"<p><span style=""font-size: 12pt;""><strong>Your wellbeing, our mission. Join a company shaping a healthier world.</strong></span></p>
<p><span style=""font-size: 12pt;""><strong>GET TO KNOW US</strong></",https://www.arbeitnow.com/jobs/companies/wellhub/client-success-director-munich-297251,,2026-05-02,arbeitnow
Controller / Business & Financial Analyst (m/w/d),smartseller gmbh & co. kg,Hamburg,False,<p>Zur Verstärkung unseres Teams in unserem Headquarter in Hamburg suchen wir ab sofort einen <strong>Controller / Business &#x26; Financial Analyst (m/w/d</strong>) in Voll- oder Teilzeit – wahlweise,https://www.arbeitnow.com/jobs/companies/smartseller-gmbh-co-kg/controller-business-financial-analyst-hamburg-209787,Controlling,2026-05-02,arbeitnow
Product Marketing Manager (all genders),SYNAOS GmbH,Hanover,True,"<p>Als dedizierter Product Marketing Manager bei SYNAOS bringst du Struktur und Klarheit in komplexe Technologien. Du prägst maßgeblich, wie wir unsere Plattform am Markt positionieren, wie wir mit po",https://www.arbeitnow.com/jobs/companies/synaos-gmbh/product-marketing-manager-all-genders-hanover-101926,"Remote, Product Management",2026-05-02,arbeitnow
Project Manager - Operations & Development (m/w/d),smartseller gmbh & co. kg,Hamburg,False,<p>Zur Verstärkung unseres Teams in unserem Headquater in Hamburg suchen wir ab sofort einen <strong>Project Manager - Operations &#x26; Development</strong> (m/w/d) in Vollzeit - wahlweise vor Ort in,https://www.arbeitnow.com/jobs/companies/smartseller-gmbh-co-kg/project-manager-operations-development-hamburg-403998,Business Development,2026-05-02,arbeitnow
Projektmanager (m/w/d) Wegerecht und Flächensicherung - Erneuerbare Energien,Deutscher Bauservice GmbH,Molbergen,False,"<p>Du willst die Energiewende nicht nur begleiten – du willst sie aktiv gestalten? Dann bist du bei uns genau richtig.</p>
<p>Wir entwickeln und realisieren Projekte im Bereich Windenergie, Photovolta",https://www.arbeitnow.com/jobs/companies/deutscher-bauservice-gmbh/projektmanager-wegerecht-und-flachensicherung-erneuerbare-energien-molbergen-402096,Project Management,2026-05-02,arbeitnow
Bauleiter (m/w/d) - Windparkbau,Deutscher Bauservice GmbH,Freiburg im Breisgau,False,"<p>Die Welt verändert sich - Du Dich auch?</p>
<p>Deine Zukunft beginnt heute! Im Zeitalter der Energiewende setzen wir auf neue Wege und mit dem offiziellen Titel als Wachstumschampion setzen wir nic",https://www.arbeitnow.com/jobs/companies/deutscher-bauservice-gmbh/bauleiter-windparkbau-freiburg-im-breisgau-56646,Engineering,2026-05-02,arbeitnow
Projektentwickler (m/w/d) für erneuerbare Energien,Deutscher Bauservice GmbH,Molbergen,False,"<p>Eine spannende Herausforderung für die nächsten Jahre in Deutschland wird ohne Frage die Etablierung Erneuerbare Energien sein.</p>
<p>Du hast Lust, Deinen entscheidenden Beitrag dazu zu leisten? D",https://www.arbeitnow.com/jobs/companies/deutscher-bauservice-gmbh/projektentwickler-fur-erneuerbare-energien-molbergen-229321,Power Engineering and Environmental Engineering,2026-05-02,arbeitnow
Projektplaner/Terminplaner (m/w/d) - Infrastrukturausbau und Trassenbau,Deutscher Bauservice GmbH,Molbergen,False,"<p>Die Energiewende ist eines der größten Infrastrukturprojekte unserer Zeit. Damit der Strom fließen kann, brauchen wir Menschen, die den Überblick behalten, wenn es komplex wird. Wir suchen einen ve",https://www.arbeitnow.com/jobs/companies/deutscher-bauservice-gmbh/projektplaner-terminplaner-infrastrukturausbau-und-trassenbau-molbergen-170272,Power Engineering and Environmental Engineering,2026-05-02,arbeitnow
Windparkplaner (m/w/d),Deutscher Bauservice GmbH,Molbergen,False,<p>Wir entwickeln uns aktuell rasant zu einem führenden Anbieter im Bereich Dienstleistungen für Ingenieurbüros und Tiefbauunternehmen. Um unsere bestehenden Projekte oder auch Projektbereiche weiter ,https://www.arbeitnow.com/jobs/companies/deutscher-bauservice-gmbh/windparkplaner-molbergen-460467,Project Management,2026-05-02,arbeitnow
Content Creator (Part-Time),Pausify,Berlin,False,"<p><strong>Can you make content people actually watch?</strong></p>
<p>Join us at Pausify as a Content Creator and become part of the biggest and most active community of book lovers &#x26; creatives ",https://www.arbeitnow.com/jobs/companies/pausify/content-creator-part-time-berlin-34658,Social Media Manager,2026-05-02,arbeitnow
Personalsachbearbeiter (m|w|d) bei Dunkin´Donuts&Subway,ISH GmbH,Nuremberg,False,<p>Als Master-Franchisenehmer für national und international bekannte und führende Food-Brands (wie z.B. Dunkin`Donuts und Subway) betreiben wir deutschlandweit Standorte dieser Franchisemarken und ba,https://www.arbeitnow.com/jobs/companies/ish-gmbh/personalsachbearbeiter-mwd-bei-dunkindonutssubway-nuremberg-105645,HR,2026-05-02,arbeitnow
Niederlassungsleiter (gn),MatchingCompany®,Munich,False,"<p><strong>➡️ Du besitzt fundierte Kenntnisse der Branche und hältst als operativ agierende Führungskraft gerne alle Fäden zusammen? ⬅️</strong></p>
<p>Die MatchingCompany® ist dein Partner, wenn es u",https://www.arbeitnow.com/jobs/companies/matchingcompany/niederlassungsleiter-gn-munich-296119,"Management, Team Leader",2026-05-02,arbeitnow
Senior SEA Manager (m/w/d),Sunlab GmbH,Aschaffenburg,False,"<p><span style=""color: #000000"">Hey, wir sind </span><strong><span style=""color: #000000"">Sunlab</span></strong><span style=""color: #000000""> – schön, dass du vorbeischaust.<br /><br />Du willst SEA n",https://www.arbeitnow.com/jobs/companies/sunlab-gmbh/senior-sea-manager-aschaffenburg-343108,"Marketing and pr, vocational",2026-05-02,arbeitnow
Senior Paid Social Manager (m/w/d),Sunlab GmbH,Aschaffenburg,False,"<p><span style=""color: #000000"">Hey, wir sind </span><strong><span style=""color: #000000"">Sunlab</span></strong><span style=""color: #000000""> – schön, dass du vorbeischaust.<br /><br />Du hast Lust, P",https://www.arbeitnow.com/jobs/companies/sunlab-gmbh/senior-paid-social-manager-aschaffenburg-177742,"Marketing and pr, vocational",2026-05-02,arbeitnow
"Werkstudent (m/w/d) – Finance & Beratung (unternehmerisch, leistungsbasiert)",Kevin Kehr,Hamburg,False,"<p><span style=""color: #000000"">Du studierst und willst mehr als einen „Nebenjob“? Du willst Verantwortung, klare Ziele und ein Umfeld, in dem Leistung zählt? Dann ist diese Werkstudentenrolle dein Ei",https://www.arbeitnow.com/jobs/companies/kevin-kehr/werkstudent-finance-beratung-unternehmerisch-leistungsbasiert-hamburg-224878,"Finance, high school or equivalent",2026-05-02,arbeitnow
Steuerfachangestellter/Steuerassistent/ Bilanzbuchhalter (m/w/d),Pelka und Sozien GmbH,Cologne,False,"<p>Herzlich willkommen bei Pelka, einer interdisziplinären, mittelständischen Sozietät aus Rechtsanwälten, Steuerberatern und Wirtschaftsprüfern. Bei uns verbindet sich fachliche Expertise aus untersc",https://www.arbeitnow.com/jobs/companies/pelka-und-sozien-gmbh/steuerfachangestellter-steuerassistent-bilanzbuchhalter-cologne-376408,Finance,2026-05-02,arbeitnow
"IT - Administrator:in Microsoft WinServer2019, Berlin, 55.000 - 70.000 Medizintechnik",wabcon,Berlin,False,"<p>Unser Kunde ist einer der Martführer im Bereich medizintechnischer Präzisionslösungen (Kamerasysteme, minimal-invasiver Gebrauch). Das Portfolio umfasst Systeme, Software und Services für klinische",https://www.arbeitnow.com/jobs/companies/wabcon/it-administratorin-microsoft-winserver2019-berlin-55000-70000-medizintechnik-253428,System and Network Administration,2026-05-02,arbeitnow
HR Manager (m/w/d) mit Schwerpunkt Recruiting,nobleglass GmbH & Co.KG,Kolbermoor,False,"<p>Über uns</p>
<p>Nobleglass ist seit 1984 Pionier im mobilen Verglasungsservice – werde Teil unserer innovativen Erfolgsgeschichte!</p>
<p>„Wir bringen die Werkstatt direkt zu Dir nach Hause – Du mu",https://www.arbeitnow.com/jobs/companies/nobleglass-gmbh-cokg/hr-manager-mit-schwerpunkt-recruiting-kolbermoor-32947,Recruitment and Selection,2026-05-02,arbeitnow
(Senior) Customer Success Manager (German-speaking),Wunder Mobility,Hamburg,False,"<p>Wunder Mobility builds the software that powers shared mobility worldwide. Our platform runs 2M+ rides every month, 30M daily API calls, and 20,000+ vehicles across Europe, the US, and Asia. Operat",https://www.arbeitnow.com/jobs/companies/wunder-mobility/senior-customer-success-manager-german-speaking-hamburg-207121,Customer Service,2026-05-02,arbeitnow
IT Application Manager ERP & Webanwendungen (m/w/d),Rochus Mummert digital GmbH,Osnabrück,False,"<p>Als führendes deutsches Auktionshaus für Münzen, Medaillen und Edelmetalle verbindet unser Mandant jahrzehntelange Tradition mit einer ambitionierten Digitalstrategie. Das inhabergeführte Unternehm",https://www.arbeitnow.com/jobs/companies/rochus-mummert-digital-gmbh/it-application-manager-erp-webanwendungen-osnabruck-11986,Applications Administration,2026-05-02,arbeitnow
Marketing Manager (m/w/d),KRUMBEIN rationell GmbH & Co. KG,Bad Tabarz,False,<p><strong>Du</strong> <strong>hast Erfahrung im Bereich B2B Kommunikation</strong> <strong>und bist digital affin?</strong> <strong>Du wünschst Dir einen vielseitigen Job – von der Online</strong>‑<s,https://www.arbeitnow.com/jobs/companies/krumbein-rationell-gmbh-co-kg/marketing-manager-bad-tabarz-278628,Marketing Manager,2026-05-02,arbeitnow
Acquisition & Creative Strategy Lead (m/w/d) - Teilzeit,fembites,Berlin,True,"<p>Hilf uns, Meta als Hauptumsatzkanal sauber und profitabel zu skalieren, Creative Testing massiv zu professionalisieren, Google als zweiten Performance-Kanal aufzubauen und die Learnings in Shop, La",https://www.arbeitnow.com/jobs/companies/fembites/acquisition-creative-strategy-lead-teilzeit-berlin-45069,"Remote, Marketing and Communication",2026-05-02,arbeitnow
Expert Packaging Engineer (m/f/d),KoRo Handels GmbH,Berlin,False,"<h2>Your tasks</h2>
<p>As an <strong>Expert</strong> <strong>Packaging Engineer (m/f/d)</strong>, you will play a key role in shaping and scaling KoRo’s packaging landscape to support our growing prod",https://www.arbeitnow.com/jobs/companies/koro-handels-gmbh/expert-packaging-engineer-berlin-205585,Marketing and Communication,2026-05-02,arbeitnow
"Elektriker (m/w/d) mit Fokus Hardware, technische Infrastruktur & Serienentwicklung",Krug & Priester GmbH & Co. KG,Balingen,False,<p>Krug &#x26; Priester GmbH &#x26; Co. KG mit Sitz in Balingen ist ein führender Hersteller von wegweisenden Zerkleinerungslösungen für die Welt von morgen. Die Lösungen sind dabei in zwei Geschäftsb,https://www.arbeitnow.com/jobs/companies/krug-priester-gmbh-co-kg/elektriker-mit-fokus-hardware-technische-infrastruktur-serienentwicklung-balingen-329179,Engineering,2026-05-02,arbeitnow
Elektro- und Informationstechniker (m/w/d) Elektronik & C++ Maschinensteuerung,Krug & Priester GmbH & Co. KG,Balingen,False,<p>Krug &#x26; Priester GmbH &#x26; Co. KG mit Sitz in Balingen ist ein führender Hersteller von wegweisenden Zerkleinerungslösungen für die Welt von morgen. Die Lösungen sind dabei in zwei Geschäftsb,https://www.arbeitnow.com/jobs/companies/krug-priester-gmbh-co-kg/elektro-und-informationstechniker-elektronik-c-maschinensteuerung-balingen-393743,Engineering,2026-05-02,arbeitnow
Minijob (bis zu 35€/Std.): Werde Englischlehrer und sei dein eigener Boss (w/m/d),Nachhilfeunterricht,Berlin,True,"<p>Suchst du einen Job mit flexiblen Arbeitszeiten, bei dem du von zu Hause aus etwas dazuverdienen kannst? Werde Mitglied bei <em>Nachhilfeunterricht</em>, der führenden Plattform für Nachhilfeunterr",https://www.arbeitnow.com/jobs/companies/nachhilfeunterricht/minijob-bis-zu-35eur-std-werde-englischlehrer-und-sei-dein-eigener-boss-berlin-148017,"Remote, Management, Team Leader",2026-05-02,arbeitnow
Short Form Content Creator & Editor (m/w/d),GORNATION GmbH,Münster,False,"<p>Du liebst schnelle Schnitte, starke Hooks und Content, der in den ersten Sekunden Aufmerksamkeit gewinnt?</p>
<p>Wir sind GORNATION - eine Sportmarke aus Münster, gegründet 2015 mit der Mission, Ca",https://www.arbeitnow.com/jobs/companies/gornation-gmbh/short-form-content-creator-editor-munster-381686,Social Media Manager,2026-05-02,arbeitnow
Videographer & Content Editor (m/w/d),GORNATION GmbH,Münster,False,"<p>Du liebst es, wenn aus Ideen, Athleten, Produkten und Momenten starker Video-Content entsteht?</p>
<p>Wir sind GORNATION - eine Sportmarke aus Münster, gegründet 2015 mit der Mission, Calisthenics ",https://www.arbeitnow.com/jobs/companies/gornation-gmbh/videographer-content-editor-munster-311792,Social Media Manager,2026-05-02,arbeitnow
Full Stack Developer (m/w/d) - PHP/Symfony & React,FinMent GmbH,Berlin,False,"<p><strong>Unsere Mission: “Lass Dein Geld noch effizienter für Dich arbeiten!”</strong></p>
<p>Wir sind FinMent - ein schnell wachsendes, zweifach staatlich zertifiziertes FinTech Startup in Berlin. ",https://www.arbeitnow.com/jobs/companies/finment-gmbh/php-full-stack-developer-berlin-427616,Web Development,2026-05-02,arbeitnow
Fachbauleiter im Elektroanlagenbau für Energieversorgungsanlagen (m/w/d),AGO GmbH Energie + Anlagen,Kulmbach,False,"<p>Wir suchen ab sofort einen</p>
<p><strong>Fachbauleiter im Elektroanlagenbau (E-MSR)</strong></p>
<p>für Energieversorgungsanlagen (m/w/d).</p>
<h2>Aufgaben</h2>
<ul>
<li>Steuerung eigener Mitarbei",https://www.arbeitnow.com/jobs/companies/ago-gmbh-energie-anlagen/fachbauleiter-im-elektroanlagenbau-fur-energieversorgungsanlagen-kulmbach-453831,Engineering,2026-05-02,arbeitnow
Junior Full Stack Developer (m/w/d) -  Modern PHP,FinMent GmbH,Berlin,False,"<p><strong>Unsere Mission: “Lass Dein Geld noch effizienter für Dich arbeiten!”</strong></p>
<p>Wir sind FinMent - ein schnell wachsendes, zweifach staatlich zertifiziertes FinTech Startup in Berlin. ",https://www.arbeitnow.com/jobs/companies/finment-gmbh/junior-php-full-stack-developer-berlin-142127,Web Development,2026-05-02,arbeitnow
"Personalsachbearbeiter / Entgeltabrechner (w/m/d) in spannendem, attraktivem Unternehmen!",Fischer & Partner Gesellschaft für Personal mbH,Winnenden,False,"<p>Für ein regional fest verwurzeltes und sehr bekanntes Unternehmen mit Sitz <strong>im Raum Winnenden</strong> und ca. 500 Mitarbeitenden suchen wir für Sie als</p>
<p><strong>ENTGELTABRECHNERIN (W/",https://www.arbeitnow.com/jobs/companies/fischer-partner-gesellschaft-fur-personal-mbh/personalsachbearbeiter-entgeltabrechner-in-spannendem-attraktivem-unternehmen-winnenden-124043,Compensation and Benefits,2026-05-02,arbeitnow
Duales Studium - Informatik / Wirtschaftsinformatik (m/w/d),FinMent GmbH,Berlin,False,"<p><strong>Unsere Mission: “Lass Dein Geld noch effizienter für Dich arbeiten!”</strong></p>
<p>Wir sind FinMent - ein schnell wachsendes, zweifach staatlich zertifiziertes FinTech Startup in Berlin. ",https://www.arbeitnow.com/jobs/companies/finment-gmbh/duales-studium-informatik-wirtschaftsinformatik-berlin-102145,Web Development,2026-05-02,arbeitnow
SAP S/4HANA Inhouse Specialist (m/w/d),hubside - Die Recruitingwerkstatt,Munich,False,"<p>Sie möchten nicht nur Systeme betreuen, sondern aktiv die digitale Zukunft eines Unternehmens mitgestalten? Dann erwartet Sie hier eine Position, in der Sie Ihre SAP S/4HANA-Expertise gezielt einbr",https://www.arbeitnow.com/jobs/companies/hubside-die-recruitingwerkstatt/sap-s-4hana-inhouse-specialist-munich-425623,IT,2026-05-02,arbeitnow
Fullstack Application Developer (m/w/d),syte GmbH,Münster,False,"<h2>Deine Mission</h2>
<p><strong>Gestalte, wie Immobilienprofis die Zukunft der Projektentwicklung erleben.</strong></p>
<p>Die Software von syte unterstützt Projektentwickler, Planer und Investoren ",https://www.arbeitnow.com/jobs/companies/syte-gmbh/fullstack-application-developer-munster-264870,IT,2026-05-02,arbeitnow
Testautomatisierer (m/w/d),citema systems GmbH,Munich,False,"<p><strong>Driving Digital Technologies.</strong><br>
Den digitalen Wandel begleiten und aktiv mitgestalten – unsere Mission bei citema. Mit unseren innovativen Ansätzen beraten und unterstützen wir u",https://www.arbeitnow.com/jobs/companies/citema-systems-gmbh/testautomatisierer-munich-430306,IT,2026-05-02,arbeitnow
Junior Online Marketing (m/w/d),FinMent GmbH,Berlin,False,"<p><strong>Unsere Mission: “Lass Dein Geld noch effizienter für Dich arbeiten!”</strong></p>
<p>Wir sind FinMent - ein schnell wachsendes, zweifach staatlich zertifiziertes FinTech Startup in Berlin. ",https://www.arbeitnow.com/jobs/companies/finment-gmbh/junior-online-marketing-berlin-110785,Marketing and Communication,2026-05-02,arbeitnow
Junior Content Manager (m/w/d),FinMent GmbH,Berlin,False,"<p><strong>Unsere Mission: “Lass Dein Geld noch effizienter für Dich arbeiten!”</strong></p>
<p>Wir sind FinMent - ein schnell wachsendes, zweifach staatlich zertifiziertes FinTech Startup in Berlin. ",https://www.arbeitnow.com/jobs/companies/finment-gmbh/junior-content-manager-berlin-431948,Marketing and Communication,2026-05-02,arbeitnow
SEA Paid Media Manager / Strategischer Account Manager (m/w/d),Klickkonzept by Labelium,Frankfurt am Main,False,"<p><strong>Hallo!</strong><br>
<strong>Schön, dass du hier bist.</strong><br>
Wir sind Klickkonzept, Teil der internationalen Cosmo5-Gruppe. Als KI-orientierte Performance-Agentur entwickeln wir in Fr",https://www.arbeitnow.com/jobs/companies/klickkonzept-by-labelium/sea-paid-media-manager-strategischer-account-manager-frankfurt-am-main-162438,Online Marketing,2026-05-02,arbeitnow
Referent*in Finance & Controlling,SÜSS Beratende Ingenieure,Nuremberg,False,"<p>Du möchtest nicht nur buchen, sondern Projekte wirtschaftlich begleiten? <br>
Du suchst eine verantwortungsvolle kaufmännische Rolle mit direkter Anbindung an Management und Projektleitung?</p>
<p>",https://www.arbeitnow.com/jobs/companies/suss-beratende-ingenieure/referentin-finance-controlling-nuremberg-308093,Controlling,2026-05-02,arbeitnow
SAP Senior SCM Berater Retail/Fashion,Nothegger Personalberatung,Schwandorf,False,"<p>Our client, a trading company with a long tradition and located near Schwandorf, is looking for reinforcement! The nearly 4,000 employees give their best every day to create an extremely family-lik",https://www.arbeitnow.com/jobs/companies/nothegger-personalberatung/sap-senior-scm-berater-retail-fashion-schwandorf-125000,"SAP/ERP Consulting, Development",2026-05-02,arbeitnow
Content Marketing Manager (m/w/d),FinMent GmbH,Berlin,False,"<p><strong>Unsere Mission: “Lass Dein Geld noch effizienter für Dich arbeiten!”</strong></p>
<p>Wir sind FinMent - ein schnell wachsendes, zweifach staatlich zertifiziertes FinTech Startup in Berlin. ",https://www.arbeitnow.com/jobs/companies/finment-gmbh/content-marketing-manager-berlin-288500,Marketing and Communication,2026-05-02,arbeitnow
Online Marketing (m/w/d),FinMent GmbH,Berlin,False,"<p><strong>Unsere Mission: “Lass Dein Geld noch effizienter für Dich arbeiten!”</strong></p>
<p>Wir sind FinMent - ein schnell wachsendes, zweifach staatlich zertifiziertes FinTech Startup in Berlin. ",https://www.arbeitnow.com/jobs/companies/finment-gmbh/online-marketing-berlin-384716,Marketing and Communication,2026-05-02,arbeitnow
Online Marketing Trainee (m/w/d) SEA & Paid Media,Klickkonzept by Labelium,Frankfurt am Main,False,"<p><strong>Hallo!</strong><br>
<strong>Wir sind Klickkonzept.</strong> Eine datengetriebene, KI-orientierte Online-Marketing-Agentur im Herzen von Frankfurt. Als Teil der internationalen Cosmo5-Gruppe",https://www.arbeitnow.com/jobs/companies/klickkonzept-by-labelium/online-marketing-trainee-sea-paid-media-frankfurt-am-main-428637,Online Marketing,2026-05-02,arbeitnow
Werkstudent (m/w/d)  Prozessdigitalisierung / Power Apps / Low-Code,Weldebräu GmbH & Co. KG,Plankstadt,False,"<p><strong>Gestalte mit uns die digitale Zukunft einer Brauerei</strong></p>
<p>Wir bei Welde wollen unser Unternehmen organisatorisch und technisch auf das nächste Level heben. Dafür suchen wir einen",https://www.arbeitnow.com/jobs/companies/weldebrau-gmbh-co-kg/werkstudent-prozessdigitalisierung-power-apps-low-code-plankstadt-428143,Process Management,2026-05-02,arbeitnow
(Senior) Product Designer (m/f/d),1KOMMA5˚,Berlin,False,"<h2>1KOMMA5°</h2>
<p>At <strong>1KOMMA5°</strong>, we pursue a clear vision: <strong>Living on wind and sunlight forever for free</strong>. To make this a reality, we are building the energy system of",https://www.arbeitnow.com/jobs/companies/1komma50/senior-product-designer-berlin-7188,Software Development,2026-05-02,arbeitnow
Duales Studium - Softwareentwicklung (m/w/d),FinMent GmbH,Berlin,False,"<p><strong>Unsere Mission: “Lass Dein Geld noch effizienter für Dich arbeiten!”</strong></p>
<p>Wir sind FinMent - ein schnell wachsendes, zweifach staatlich zertifiziertes FinTech Startup in Berlin. ",https://www.arbeitnow.com/jobs/companies/finment-gmbh/duales-studium-softwareentwicklung-berlin-40428,Web Development,2026-05-02,arbeitnow
Werkstudent (m/w/d) Video Creation & Editing (m/w/d) - 100 % Homeoffice,Nutrition-Plus Germany e.K.,Grafschaft,True,"<p>Wir bei nutri+ glauben an eine Welt, in der Tiere respektiert werden und niemand zurückgelassen wird. Deshalb setzen wir uns nicht nur für hochwertige vegane Produkte ein, sondern unterstützen akti",https://www.arbeitnow.com/jobs/companies/nutrition-plus-germany-ek/werkstudent-video-creation-editing-100-homeoffice-grafschaft-86295,"Remote, Online Marketing",2026-05-02,arbeitnow
Systems Engineer (m/w/x) ComInt und C-ESM,K-tronik GmbH,Nuremberg,False,"<h2>Projektbeschreibung:</h2>
<p>Technologie begeistert Sie? Uns auch! Zur Verstärkung unseres Expertenteams bei unserem Kunden aus der Verteidigungsbranche suchen wir einen Systems Engineer (m/w/d) C",https://www.arbeitnow.com/jobs/companies/k-tronik-gmbh/systems-engineer-comint-und-c-esm-nuremberg-70057,Engineering,2026-05-02,arbeitnow
"Scientific or Medical Co-Founder, Berlin & Erfurt",OhMyV GmbH,Berlin,False,"<p>OhMyV is an early-stage biotech startup reinventing sexual health prevention, building microbiome-safe STI prevention and contraception designed specifically for vulva health. We have a product in ",https://www.arbeitnow.com/jobs/companies/ohmyv-gmbh/scientific-or-medical-co-founder-berlin-erfurt-103429,"Directors, Chief Executives",2026-05-02,arbeitnow
Fullstack Developer (m/f/d),Würth Cloud Services GmbH,Berlin,False,"<p>Würth Cloud Services GmbH is a dynamic and rapidly growing startup within the Würth Group. As a spin-off of the global market leader Würth, we combine the best of both worlds: experience and contin",https://www.arbeitnow.com/jobs/companies/wurth-cloud-services-gmbh/fullstack-developer-berlin-480697,Software Development,2026-05-02,arbeitnow
Fachplaner Elektrotechnik im Ingenieurbüro (m/w/d),ETB Solution GmbH,Naumburg,False,"<p>Wir, die <strong>ETB Solution GmbH</strong>, sind ein Start-Up Generalplaner für Energie-, Gebäude- und Umwelttechnik. Neu als Ingenieurbüro in Lutherstadt-Wittenberg und Naumburg - und doch mit ja",https://www.arbeitnow.com/jobs/companies/etb-solution-gmbh/fachplaner-elektrotechnik-im-ingenieurburo-naumburg-483593,"Building, Supply, Safety Services Engineering",2026-05-02,arbeitnow
Werkstudent Marketing (w/m/d) remote,PIMA Health Group GmbH,Berlin,True,"<p>PIMA ist der richtige Partner, um Mitarbeiter und Unternehmen gesund erfolgreich zu machen! Wir kümmern uns in allen gesetzlichen, branchenspezifischen und individuellen Belangen ganzheitlich um di",https://www.arbeitnow.com/jobs/companies/pima-health-group-gmbh/werkstudent-marketing-remote-berlin-465676,"Remote, Marketing Assistant",2026-05-02,arbeitnow
SAP BTP Solution Architect (m/w/d) Inhouse,Nothegger Personalberatung,Tauberbischofsheim,False,"<p>Für ein renommiertes Unternehmen aus der Industriebranche suchen wir einen erfahrenen SAP BTP Solution Architect (m/w/d) für eine Inhouse-Rolle.</p>
<h2>Aufgaben</h2>
<ul>
<li>Konzeption moderner S",https://www.arbeitnow.com/jobs/companies/nothegger-personalberatung/sap-btp-solution-architect-inhouse-tauberbischofsheim-25414,"SAP/ERP Consulting, Development",2026-05-02,arbeitnow
Senior Software Engineer Embedded Systems (m/w/d),IBV - Echtzeit- und Embedded GmbH & Co. KG,Augsburg,False,<p>IBV ist spezialisiert auf High-End Software-Dienstleistungen im technischen Markt. Wir bringen eine breite Expertise in den Bereichen Embedded-Systeme und Echtzeit-Anwendungen mit. Unsere Dienstlei,https://www.arbeitnow.com/jobs/companies/ibv-echtzeit-und-embedded-gmbh-co-kg/senior-software-engineer-embedded-systems-augsburg-54354,"Embedded Systems, Firmware Development",2026-05-02,arbeitnow
Entwickler:in,SWAN GmbH,Nuremberg,False,"<p>Klingt nach einem <strong>Match</strong>, wenn <strong>ABAP</strong> und <strong>SAP EWM</strong> für dich mehr als nur Buzzwords sind, oder?</p>
<p>Dann entwickle mit uns <strong>SAP EWM Lösungen<",https://www.arbeitnow.com/jobs/companies/swan-gmbh/entwicklerin-nuremberg-475267,Software Development,2026-05-02,arbeitnow
Praktikum Automations & KI (m/w/d),Digital Trendteam,Mainz,True,"<p>Du hast schon erste Berührungspunkte mit Automatisierungen, KI oder digitalen Workflows gehabt — und willst jetzt sehen, wie das Ganze in einem echten Unternehmen angewendet wird?</p>
<p>Dann komm ",https://www.arbeitnow.com/jobs/companies/digital-trendteam/praktikum-automations-ki-mainz-59839,"Remote, Process Management",2026-05-02,arbeitnow
Clusterleitung CU Nord (m/w/d),Composites United e.V.,Stade,False,"<p><strong>Inspirierend und sinnstiftend</strong><br>
Sie verbinden gerne Menschen, bringen Innovationen ins Rollen und denken vernetzt?<br>
Dann gestalten Sie mit uns die Zukunft der Hochleistungs-Fa",https://www.arbeitnow.com/jobs/companies/composites-united-ev/clusterleitung-cu-nord-stade-123469,Engineering,2026-05-02,arbeitnow
Senior Data Engineer,TrustYou,Munich,True,"<p><strong>Senior Data Engineer</strong></p>
<p><strong>Location:</strong> Germany / Spain / Romania (Remote)</p>
<p><strong>The Role</strong></p>
<p>As a Senior Data Engineer, you will drive the end-",https://www.arbeitnow.com/jobs/companies/trustyou/senior-data-engineer-munich-176349,"Remote, Data Processing, Data Engineer",2026-05-02,arbeitnow
Quereinsteiger/in im Vertrieb - Vollzeit (m/w/d),ESH StB-Examensvorbereitung GmbH,Hamburg,False,"<p><strong>Wir suchen neue Mitarbeiter (m/w/d) für den Bereich Kundenberatung, die uns dabei unterstützen, den Kontakt mit unseren Interessenten zu halten, potenzielle Kunden vorzuqualifizieren und di",https://www.arbeitnow.com/jobs/companies/esh-stb-examensvorbereitung-gmbh/quereinsteiger-in-im-vertrieb-vollzeit-hamburg-282407,Consulting,2026-05-02,arbeitnow
SAP - Spezialist:in,SWAN GmbH,Giebelstadt,False,"<p>Wir suchen <strong>SAP ABAP Developer (m/w/d)</strong> mit Fokus <strong>Logistik</strong>, die nicht nur <strong>Code</strong> schreiben, sondern wirklich etwas <strong>bewegen</strong> wollen, im",https://www.arbeitnow.com/jobs/companies/swan-gmbh/sap-spezialistin-giebelstadt-188210,Information Systems,2026-05-02,arbeitnow
Kundenberater/in - Vollzeit (m/w/d),ESH StB-Examensvorbereitung GmbH,Hamburg,False,"<p><strong>Wir suchen neue Mitarbeiter (m/w/d) für den Bereich Kundenberatung, die uns dabei unterstützen, den Kontakt mit unseren Interessenten zu halten, potenzielle Kunden vorzuqualifizieren und di",https://www.arbeitnow.com/jobs/companies/esh-stb-examensvorbereitung-gmbh/kundenberater-in-vollzeit-hamburg-389934,Consulting,2026-05-02,arbeitnow
Technische Leitung (m/w/d) & Schwerpunkt Event Planung,Westhafen Leipzig,Leipzig,False,"<p>Der <strong>Westhafen Leipzig</strong> ist eine vielseitige Eventlocation mit Festival-Charakter: 4 <strong>Floors (4 Indoor, 2 Outdoor)</strong>, bis zu 2.000 Gäste und ein stark wachsendes Eventp",https://www.arbeitnow.com/jobs/companies/westhafen-leipzig/technische-leitung-schwerpunkt-event-planung-leipzig-136272,"Management, Team Leader",2026-05-02,arbeitnow
Buchhaltung & Automatisierung im Minijob (m/w/d),Digital Trendteam,Mainz,True,"<p>Du hast Bock auf Zahlen, Struktur und digitale Tools?</p>
<p>Perfekt — wir suchen jemanden, der unsere Buchhaltung nicht nur „mitmacht“, sondern smarter macht. 🚀</p>
<p>Wir sind Digital Trendteam &",https://www.arbeitnow.com/jobs/companies/digital-trendteam/buchhaltung-automatisierung-im-minijob-mainz-88666,"Remote, Process Management",2026-05-02,arbeitnow
Monetisation and LiveOps Lead (f/m/d),The Jodel Venture,Berlin,False,"<p>WHO WE ARE</p>
<p><strong>Jodel is the world’s hyperlocal community.</strong><br>
Our vision is that you can open Jodel at any time and anywhere in the world, to easily talk and connect with people",https://www.arbeitnow.com/jobs/companies/the-jodel-venture/monetisation-and-liveops-lead-berlin-393542,Product Management,2026-05-02,arbeitnow
Werkstudent (m/w/d) Content Marketing & Growth,bd operations GmbH,Augsburg,False,"<p>Stell dir vor, du fährst mit dem Auto durch Europa, ohne dir Gedanken über Maut, Vignetten oder komplizierte Bezahlprozesse machen zu müssen. Genau daran arbeiten wir bei vintrica jeden Tag.</p>
<p",https://www.arbeitnow.com/jobs/companies/bd-operations-gmbh/werkstudent-marketing-content-growth-augsburg-255724,Online Marketing,2026-05-02,arbeitnow
Werkstudent/in GTM Content & Sales Enablement (m/w/d),Northbound,Berlin,False,"<p><strong>Erste Content-Rolle bei Northbound. Du machst aus internem Wissen konkrete Inhalte, die unseren Vertrieb stärker und uns sichtbarer machen.</strong></p>
<p>Dazu nutzt du Voice Notes vom Fou",https://www.arbeitnow.com/jobs/companies/northbound/werkstudent-in-gtm-content-sales-enablement-berlin-169768,Distribution Marketing,2026-05-02,arbeitnow
Bauleiter (m/w/d) Technische Gebäudeausrüstung Standort Ratingen,Kögel Bau GmbH & Co. KG,Ratingen,False,"<p>Du hast Lust auf Verantwortung, Zusammenarbeit mit einem starken Team und spannende Baustellen? Dann suchen wir genau Dich:</p>
<h2>Aufgaben</h2>
<p>DEINE MISSION: PROJEKTE STEUERN, DIE BEWEGEN</p>",https://www.arbeitnow.com/jobs/companies/kogel-bau-gmbh-co-kg/bauleiter-technische-gebaudeausrustung-standort-ratingen-369799,"Building, Supply, Safety Services Engineering",2026-05-02,arbeitnow
Werkstudent*in Photography & Visual AI (m/w/d),benuta GmbH,Bonn,False,"<h2>Jobbeschreibung</h2>
<p>Du willst Fotografie und generative Bild-KI kreativ verbinden und dabei visuelle Welten erschaffen, die begeistern? Dann bist du bei benuta genau richtig! Seit 2008 begeist",https://www.arbeitnow.com/jobs/companies/benuta-gmbh/werkstudentin-photography-visual-ai-bonn-247778,Product Management,2026-05-02,arbeitnow
Senior Go Consultant / Engineer (m/w/d),Hackstack GmbH,Munich,True,"<p><strong>Hackstack Collective</strong> verbindet außergewöhnliche Talente mit Organisationen, die digitale Souveränität ernst nehmen. Aktuell suchen wir für unsere Partner einen Go Experten der High",https://www.arbeitnow.com/jobs/companies/hackstack-gmbh/senior-go-consultant-engineer-munich-341776,"Remote, Consulting, Engineering",2026-05-02,arbeitnow
VIP Customer Support Specialist (m/w/d) - Gaming Community,Whow Games GmbH,Hamburg,False,"<p><strong>Wir sind Whow Games - und DU kannst es werden!</strong></p>
<p>Wir, das sind mehr als 50 Menschen aus verschiedensten Nationen. Leidenschaftliche Gamer, erfahrene Spieleentwickler und Marke",https://www.arbeitnow.com/jobs/companies/whow-games-gmbh/vip-customer-support-specialist-gaming-community-hamburg-3626,"CRM, Direct Marketing",2026-05-02,arbeitnow
Kaufmännischer Geschäftsführer (w/m/d),EterniTeam GmbH,Augsburg,False,"<p><strong>Wer sind wir?</strong></p>
<p>EterniTeam hat die Lösung für Deutschlands größtes Problem im Unternehmertum: <strong>die Unternehmensnachfolge.</strong> Mit einem neuen, revolutionären Ansat",https://www.arbeitnow.com/jobs/companies/eterniteam-gmbh/kaufmannischer-geschaftsfuhrer-augsburg-321391,"Directors, Chief Executives",2026-05-02,arbeitnow
Senior Rust Consultant / Engineer (m/w/d),Hackstack GmbH,Munich,True,"<p><strong>Hackstack Collective</strong> verbindet außergewöhnliche Talente mit Organisationen, die digitale Souveränität ernst nehmen. Aktuell suchen wir für unsere Partner einen Rust Experten der Hi",https://www.arbeitnow.com/jobs/companies/hackstack-gmbh/senior-rust-consultant-engineer-munich-451602,"Remote, Consulting, Engineering",2026-05-02,arbeitnow
Kaufmännischer Geschäftsführer (w/m/d) - KFZ Betrieb,EterniTeam GmbH,Augsburg,False,"<p><strong>Wer sind wir?</strong></p>
<p>EterniTeam hat die Lösung für Deutschlands größtes Problem im Unternehmertum: <strong>die Unternehmensnachfolge.</strong> Mit einem neuen, revolutionären Ansat",https://www.arbeitnow.com/jobs/companies/eterniteam-gmbh/kaufmannischer-geschaftsfuhrer-kfz-betrieb-augsburg-414475,"Directors, Chief Executives",2026-05-02,arbeitnow
Controlling Specialist (gn),Jupiter Elevate,Ingolstadt,False,"<p>Für ein etabliertes Unternehmen im Umfeld Immobilien und technischer Dienstleistungen suche ich aktuell einen Controlling Specialist (gn), der Zahlen nicht nur analysiert, sondern versteht, was dah",https://www.arbeitnow.com/jobs/companies/jupiter-elevate/controlling-specialist-gn-ingolstadt-117436,Controlling,2026-05-02,arbeitnow
Steuerberater (m/w/d) in Voll- oder Teilzeit,Personalberatung Susan Lange,Rostock,False,"<p>Die Personalberatung Susan Lange in Rostock ist spezialisiert auf die Direktsuche und Vermittlung von Fach- und Führungskräften. Für Bewerber ist unser Service kostenfrei.</p>
<p>Im Auftrag unseres",https://www.arbeitnow.com/jobs/companies/personalberatung-susan-lange/steuerberater-in-voll-oder-teilzeit-rostock-72527,Finance,2026-05-02,arbeitnow
Praktikum im Rahmen einer Umschulung (Marketing oder E-Commerce) (m/w/d),eFLY Marketplace Services GmbH,Stuttgart,False,<p>In der Rolle des <strong>Marketing Managers</strong> kalkulierst und steuerst du die Werbebudgets unserer Kunden. Ziel ist es die bestmögliche Sichtbarkeit mit einem vorgegebenen Budget zu erreiche,https://www.arbeitnow.com/jobs/companies/efly-marketplace-services-gmbh/praktikum-im-rahmen-einer-umschulung-marketing-oder-e-commerce-stuttgart-11248,Marketing and Communication,2026-05-02,arbeitnow
Software Developer Rust (m/w/d) Essen / München | Security-Software,INDIE Solutions GmbH,Essen,False,<p>Für ein technologisch anspruchsvolles Umfeld im Bereich IT-Sicherheit wird Verstärkung für ein agiles Entwicklungsteam gesucht. Im Mittelpunkt steht die Weiterentwicklung eines zentralen Systems zu,https://www.arbeitnow.com/jobs/companies/indie-solutions-gmbh/software-developer-rust-essen-munchen-security-software-325539,Software Development,2026-05-02,arbeitnow
Grafikdesigner (m/w/d),eFLY Marketplace Services GmbH,Stuttgart,False,"<p>Wir haben auch kein Bock mehr auf glattgebügelte Stellenbeschreibungen,weshalb du diese unbedingt lesen solltest ‼️</p>
<p>Erstmal vorab: Ja, wir haben einen Obstkorb, gratis Kaffee, einen Tischkic",https://www.arbeitnow.com/jobs/companies/efly-marketplace-services-gmbh/grafikdesigner-stuttgart-119206,Marketing and Communication,2026-05-02,arbeitnow
Pflichtpraktikum Online Marketing Manager (m/w/d),eFLY Marketplace Services GmbH,Stuttgart,False,<p>In der Rolle des <strong>Online</strong> <strong>Marketing Managers</strong> kalkulierst und steuerst du die Werbebudgets unserer Kunden. Ziel ist es die bestmögliche Sichtbarkeit mit einem vorgege,https://www.arbeitnow.com/jobs/companies/efly-marketplace-services-gmbh/pflichtpraktikum-online-marketing-manager-stuttgart-280252,Marketing and Communication,2026-05-02,arbeitnow
Pflichtpraktikum im Bereich Grafikdesign (m/w/d),eFLY Marketplace Services GmbH,Stuttgart,False,"<p>Wir suchen dich für ein spannendes <strong>Praktikum im Grafikdesign</strong>, um unser Team bei der Entwicklung kreativer und ansprechender Designs für unsere Kunden zu unterstützen. Du wirst visu",https://www.arbeitnow.com/jobs/companies/efly-marketplace-services-gmbh/pflichtpraktikum-im-bereich-grafikdesign-stuttgart-440937,Marketing and Communication,2026-05-02,arbeitnow
Online Marketing Manager (m/w/d),eFLY Marketplace Services GmbH,Stuttgart,False,<p>In der Rolle des <strong>Online Marketing Managers</strong> kalkulierst und steuerst du die Werbebudgets unserer Kunden. Ziel ist es die bestmögliche Sichtbarkeit mit einem vorgegebenen Budget zu e,https://www.arbeitnow.com/jobs/companies/efly-marketplace-services-gmbh/online-marketing-manager-stuttgart-468159,Marketing Manager,2026-05-02,arbeitnow
BC Spezialist (m/w/d),S&L Connect GmbH,Schönefeld,False,<p>S&#x26;L Connect ist ein auf Agrartechnik sowie Rasen- und Grundstückspflege spezialisiertes Unternehmen und offizieller Partner von John Deere. Als verlässlicher Ansprechpartner stehen wir für lan,https://www.arbeitnow.com/jobs/companies/sl-connect-gmbh/bc-spezialist-schonefeld-277950,"Consulting, Engineering",2026-05-02,arbeitnow
Working Student Content & Creation (m/f/d),L1VE GmbH,Berlin,False,"<h2>Ihre Aufgaben</h2>
<p><strong>As a working student (m/f/d) in Content &#x26; Creation</strong>, you’ll support the team with creative processes and the coordination of productions in the Brand Par",https://www.arbeitnow.com/jobs/companies/l1ve-gmbh/working-student-content-creation-berlin-349901,Marketing and Communication,2026-05-02,arbeitnow
Influencer & Social Media & PR-Manager (m/w/d),ad publica Public Relations GmbH,Hamburg,False,"<p><strong>Zur Verstärkung und für das weitere Wachstum unserer Agentur suchen wir einen Influencer &#x26; Social Media &#x26; PR-Manager (m/w/d).</strong></p>
<p>Du bist offen und neugierig, arbeites",https://www.arbeitnow.com/jobs/companies/ad-publica-public-relations-gmbh/influencer-social-media-pr-manager-hamburg-180753,"Public Relations, Corporate Communication",2026-05-02,arbeitnow
Technology Architect - Cloud Consulting (all genders),Accenture,Frankfurt am Main,False,"<p><strong>Deine Mission</strong></p>
<p>Als Technology Architect – Cloud Consulting bist du Teil eines hochkompetenten Teams, das jeden Tag aufs Neue Pionierarbeit leistet. Du entwickelst hochrelevan",https://www.arbeitnow.com/jobs/companies/accenture/technology-architect-cloud-consulting-all-genders-frankfurt-am-main-303578,Project Management,2026-05-02,arbeitnow
Consultant Microsoft 365/ Microsoft Cloud (m/w/d),ARES Consulting GmbH,Munich,True,<p>Seit unserer Gründung 2021 sind wir mit unserem Team aus technischen IT-Experten auf Wachstumskurs. Als cloud-native Company beraten und unterstützen wir Unternehmen und öffentliche Auftraggeber ha,https://www.arbeitnow.com/jobs/companies/ares-consulting-gmbh/consultant-microsoft-365-microsoft-cloud-munich-230387,"Remote, Consulting, Engineering",2026-05-02,arbeitnow
Senior Consultant Cloud & DevOps Engineering (m/w/d),ARES Consulting GmbH,Munich,True,<p>Seit unserer Gründung 2021 sind wir mit unserem Team aus technischen IT-Experten auf Wachstumskurs. Als cloud-native Company beraten und unterstützen wir Unternehmen und öffentliche Auftraggeber ha,https://www.arbeitnow.com/jobs/companies/ares-consulting-gmbh/senior-consultant-cloud-devops-engineering-munich-164813,"Remote, Consulting, Engineering",2026-05-02,arbeitnow
Werkstudent:in Finance Operations (m/w/d),Every.,Berlin,False,"<h2>Werkstudent:in Finance Operations (m/w/d)</h2>
<p><em>(auch als Minijob möglich)</em></p>
<p><strong>15–20 Stunden pro Woche · ab sofort · Berlin</strong></p>
<p>Bei Every. machen wir gesunde Ernä",https://www.arbeitnow.com/jobs/companies/every/werkstudentin-finance-operations-berlin-90099,Finance,2026-05-02,arbeitnow
Mitarbeiter:in Veranstaltungstechnik Basketball (all genders) kurzfristige Beschäftigung,ALBA BERLIN Basketballteam,Berlin,False,<p>Zur Unterstützung bei unseren Herren-Heimspielen suchen wir ab sofort eine:n engagierte Mitarbeiter:in Veranstaltungstechnik Basketball. Der Einsatz beginnt in der Regel etwa fünf Stunden vor Spiel,https://www.arbeitnow.com/jobs/companies/alba-berlin-basketballteam/mitarbeiterin-veranstaltungstechnik-basketball-all-genders-kurzfristige-beschaftigung-berlin-476150,IT,2026-05-02,arbeitnow
Technischer Projektmanager (m/w/d) Konstruktion & Produktion,CCS fabric frame,Düsseldorf,False,"<p>Willkommen bei CCS fabric frame, einem führenden Unternehmen in der Welt der visuellen Marken- und Designpräsentationen!</p>
<p>Als <strong>Technischer Projektmanager (m/w/d) – Konstruktion &#x26; ",https://www.arbeitnow.com/jobs/companies/ccs-fabric-frame/technischer-projektmanager-konstruktion-produktion-dusseldorf-184195,Engineering,2026-05-02,arbeitnow
Full Stack Web-Developer/Tester (m/w/d),IT-Labs GmbH,Fürth,False,"<p>Du willst nicht einfach Code schreiben – du willst Dinge bewegen. Bei IT-Labs arbeitest du an Alberta®, unserer Softwarelösung für die Homecarebranche, die täglich tausenden Pflegekräften ihren All",https://www.arbeitnow.com/jobs/companies/it-labs-gmbh/full-stack-web-developer-tester-furth-281028,Software Development,2026-05-02,arbeitnow
Senior Backend Engineer Applied AI Track (m/w/d)(Leipzig),MAIA,Leipzig,False,"<p>MAIA is the AI platform built for industrial companies, where generic AI tools break down because the data is complex, the stakes are high, and precision actually matters. We focus on the hard prob",https://www.arbeitnow.com/jobs/companies/maia/senior-backend-engineer-applied-ai-track-leipzig-388440,Engineering,2026-05-02,arbeitnow
Product Manager – BESS & PCS (f/m/d),STABL Energy,Munich,False,"<h2>Your Role</h2>
<p>As <strong>Product Manager for BESS &#x26; PCS</strong>, you will take end-to-end ownership of STABL’s outdoor energy storage systems product family and our proprietary power ele",https://www.arbeitnow.com/jobs/companies/stabl-energy/product-manager-bess-pcs-munich-400306,Project Management,2026-05-02,arbeitnow
Online Marketing Manager (m/w/d),KF Design GmbH,Krefeld,False,"<p>REMEMBER® steht für hochwertige Design-, Lifestyle- und Geschenkartikel mit dem gewissen Extra, die Farbe ins Leben bringen und den Alltag verschönern. Mit großer Leidenschaft werden unsere Produkt",https://www.arbeitnow.com/jobs/companies/kf-design-gmbh/online-marketing-manager-krefeld-319010,Online Marketing,2026-05-02,arbeitnow
Software-Ingenieur PCS7 Elektrotechnik (m/w/d),KURT Personal GmbH,Pinneberg,False,"<p>Gemeinsam mehr Bewegen !</p>
<p>Für unseren Kunden aus Hamburg/Kreis Pinneberg suchen wir im Rahmen der Arbeitnehmerüberlassung mit Option der Übernahme einem Software-Ingenieur PCS7 Elektrotechnik",https://www.arbeitnow.com/jobs/companies/kurt-personal-gmbh/software-ingenieur-pcs7-elektrotechnik-pinneberg-202993,IT Security,2026-05-02,arbeitnow
(Team Lead / Senior) HubSpot CRM Consultant (all genders),MAI Group,Berlin,False,"<p>Wir sind MAI Marketing Automation Intelligence – eine Agenturgruppe mit rund 400 Expert:innen, die datengetriebenes Marketing neu denken. Für unsere Tochtergesellschaft mediaworx in Berlin suchen w",https://www.arbeitnow.com/jobs/companies/mai-group/team-lead-senior-hubspot-crm-consultant-all-genders-hamburg-171833,"CRM, Direct Marketing",2026-05-02,arbeitnow
Duales Studium Marketing (m/w/d),Elektro-EU.DS GmbH,Berlin,False,"<p>Du möchtest Marketing nicht nur theoretisch lernen, sondern von Anfang an aktiv mitgestalten? Bei uns hast du die Möglichkeit, einen wachsenden Marketingbereich mit aufzubauen und gleichzeitig wert",https://www.arbeitnow.com/jobs/companies/elektro-euds-gmbh/duales-studium-marketing-berlin-496598,Marketing and Communication,2026-05-02,arbeitnow
Software-Entwickler C++ (w/m/d) in Hamburg,INDIE Solutions GmbH,Hamburg,False,"<p>Du willst den Wertpapierhandel von morgen mitgestalten?</p>
<p>Für einen innovativen Player im europäischen Finanzmarkt suchen wir Verstärkung.</p>
<p>Fokus auf moderne Handelsplattformen, schnelle",https://www.arbeitnow.com/jobs/companies/indie-solutions-gmbh/software-entwickler-c-in-hamburg-273064,Software Development,2026-05-02,arbeitnow
Softwareentwickler C# (m/w/d),Artschwager + Kohl Software GmbH,Herzogenaurach,False,"<p><strong>Nie wieder langweilige Programmierarbeiten - Traumjob als IT Softwareentwickler/in</strong> für alle, die sich gerne in die Entwicklung der Softwarearchitektur einbringen, diese programmier",https://www.arbeitnow.com/jobs/companies/artschwager-kohl-software-gmbh/softwareentwickler-c-herzogenaurach-290687,Software Development,2026-05-02,arbeitnow
Senior-Bilanzbuchhalter:in,Paper & Tea,Berlin,False,"<p><strong>Bist du unser Perfect Match(a)?</strong></p>
<p>PAPER &#x26; TEA ist mehr als nur eine Marke, wir sind eine Premium-Tee-Company, die moderne Teekultur auf höchstem Niveau neu interpretiert.",https://www.arbeitnow.com/jobs/companies/paper-tea/senior-bilanzbuchhalterin-berlin-478815,Finance,2026-05-02,arbeitnow
Senior Graphic Designer (m/w/d),adlicious,Hamburg,False,"<p><strong>Über adlicious</strong></p>
<p>adlicious ist einer der führenden Advertising Solutions Provider im schönen Hamburg und unsere Mission ist es, die besten Werbekampagnen für unsere Kunden zu ",https://www.arbeitnow.com/jobs/companies/adlicious/senior-graphic-designer-hamburg-147051,Marketing and Communication,2026-05-02,arbeitnow
(Junior) Debitorenbuchhalter (m/w/d),INDIE Solutions GmbH,Berlin,False,"<p><strong>Payment-Solutions neu gedacht!</strong></p>
<p>Unter diesem Motto entwickelt unser Partner, als führendes Unternehmen im DACH-Raum, innovative und individuelle POS-Software-Lösungen - von S",https://www.arbeitnow.com/jobs/companies/indie-solutions-gmbh/junior-debitorenbuchhalter-berlin-111944,Accounts Receivable,2026-05-02,arbeitnow
(Senior) Performance Marketing Manager - Paid Social (all genders),mammaly,Berlin,True,"<p><strong>About mammaly</strong></p>
<p>We are mammaly! - und unsere Mission sind gesunde und glückliche Hunde! Deshalb entwickeln wir Premium Supplements für Hunde, die ein langes und gutes Leben er",https://www.arbeitnow.com/jobs/companies/mammaly/senior-performance-marketing-manager-paid-social-all-genders-berlin-471446,"Remote, Marketing Manager",2026-05-02,arbeitnow
(Senior) Lifecycle Manager - Subscription (all genders),mammaly,Berlin,True,"<p><strong>About mammaly</strong></p>
<p>We are mammaly! - und unsere Mission sind gesunde und glückliche Hunde! Deshalb entwickeln wir Premium Supplements für Hunde, die ein langes und gutes Leben er",https://www.arbeitnow.com/jobs/companies/mammaly/senior-lifecycle-manager-subscription-all-genders-berlin-79742,"Remote, Marketing and Communication",2026-05-02,arbeitnow
(Senior) Subscription Manager (all genders),mammaly,Berlin,True,"<p><strong>About mammaly</strong></p>
<p>We are mammaly! - und unsere Mission sind gesunde und glückliche Hunde! Deshalb entwickeln wir Premium Supplements für Hunde, die ein langes und gutes Leben er",https://www.arbeitnow.com/jobs/companies/mammaly/senior-subscription-manager-all-genders-berlin-146561,"Remote, Marketing and Communication",2026-05-02,arbeitnow
Fullstack application developer (m/f/d),syte GmbH,Münster,False,"<h2>Your mission</h2>
<p><strong>Shape how real estate professionals experience the future of property development.</strong><br>
syte's software helps developers, planners, and investors make decision",https://www.arbeitnow.com/jobs/companies/syte-gmbh/fullstack-application-developer-munster-452646,IT,2026-05-02,arbeitnow
Werkstudentin im Bereich E-Commerce (m/w/d),Gusti Leder GmbH,Rostock,False,"<p><strong><span style=""font-size: 1.2em""><span style=""color: #000000"">Gestalte mit uns die Zukunft des digitalen Handels! 💻🌍✨</span></span></strong></p><p><span style=""color: #000000"">Tauche ein in d",https://www.arbeitnow.com/jobs/companies/gusti-leder-gmbh/werkstudentin-im-bereich-e-commerce-rostock-295368,"Sales, high school or equivalent",2026-05-02,arbeitnow
Senior Sales Consultant - Vollzeit (German Speaking),Swiss Life Select,Bad Krozingen,False,"<p style="";""><span style=""color: #000000"">Du willst Ergebnisse, keine Diskussionen?<br />Du arbeitest strukturiert, hast ein klares Verständnis für saubere Prozesse und weißt, wie wichtig Verlässlichk",https://www.arbeitnow.com/jobs/companies/swiss-life-select/senior-sales-consultant-vollzeit-german-speaking-bad-krozingen-250756,"Finance, high school or equivalent",2026-05-02,arbeitnow
Teamleiter (m/w/d) im Finanzvertrieb (German Speaking),Peter Stenmans,Berlin,False,"<p><strong>Du bist eine Führungspersönlichkeit, die Verlässlichkeit, klare Strukturen und Teamgeist lebt?</strong><br /><span style=""color: #000000"">Übernimm Verantwortung, optimiere Prozesse und führ",https://www.arbeitnow.com/jobs/companies/peter-stenmans/teamleiter-im-finanzvertrieb-german-speaking-berlin-262377,"Finance, vocational",2026-05-02,arbeitnow
Projektingenieur (m/w/d) Projektkoordination in Mannheim (296),BRÜGGEN ENGINEERING GmbH,Mannheim,False,"<p><strong>Ihre Karriere im innovativen Projektmanagement.</strong></p>
<p>Sie haben ein Talent für Koordination und möchten technische Entwicklungsprojekte vorantreiben? Bei BRÜGGEN ENGINEERING biete",https://www.arbeitnow.com/jobs/companies/bruggen-engineering-gmbh/projektingenieur-projektkoordination-in-mannheim-296-266758,Engineering,2026-05-02,arbeitnow
Projektleiter (m/w/d) für IT / Softwareprojekte,Artschwager + Kohl Software GmbH,Herzogenaurach,False,"<p><strong>Nie wieder im Projektchaos untergehen - Traumjob als Projektleiter (m/w/d)</strong></p>
<p>Nie wieder unklare Anforderungen, chaotische Abläufe oder unrealistische Zeitpläne. Traumjob als P",https://www.arbeitnow.com/jobs/companies/artschwager-kohl-software-gmbh/projektleiter-fur-it-softwareprojekte-herzogenaurach-14656,Project Management,2026-05-02,arbeitnow
"Finanzberater Privatkunden, Bankkaufmann m/w/d in Stuttgart",Cobisi Consult - Die Personalberatung für den Mittelstand im DACH-Raum,Stuttgart,False,"<p><strong>Unser Mandant</strong> ist eine <strong>regional verankerte Bank in Stuttgart</strong>, die Privatkundinnen und Privatkunden umfassend zu Geldanlage, Vermögensaufbau und Finanzlösungen berä",https://www.arbeitnow.com/jobs/companies/cobisi-consult-die-personalberatung-fur-den-mittelstand-im-dach-raum/finanzberater-privatkunden-bankkaufmann-in-stuttgart-424637,Private Banking,2026-05-02,arbeitnow
IT-Administrator (m/w/d) in der Workplace-Verwaltung,prettyTELCO GmbH,Ehingen,False,"<p>Was <strong>prettyTELCO</strong> von anderen <strong>Personalvermittlungen</strong> abhebt, ist unser Fokus auf die Vermittlung von <strong>Menschen,</strong> die nicht nur fachlich qualifiziert si",https://www.arbeitnow.com/jobs/companies/prettytelco-gmbh/it-administrator-in-der-workplace-verwaltung-ehingen-67200,System and Network Administration,2026-05-02,arbeitnow
(Senior)Service Manager Mobilfunk B2B Key-Account Energiewirtschaft,prettyTELCO GmbH,Cologne,False,"<p>Was <strong>prettyTELCO</strong> von anderen <strong>Personalvermittlungen</strong> abhebt, ist unser Fokus auf die Vermittlung von <strong>Menschen,</strong> die nicht nur fachlich qualifiziert si",https://www.arbeitnow.com/jobs/companies/prettytelco-gmbh/seniorservice-manager-mobilfunk-b2b-key-account-energiewirtschaft-cologne-261427,IT,2026-05-02,arbeitnow
Social Media Manager:in / Vollzeit / Teilzeit (m/w/d),markenkäpt'n,Ruderting,False,"<p>Wir sind <strong>markenkäpt’n</strong>, eine Social-Media- und Influencer-Marketing-Agentur aus Ruderting. Wir betreuen Creator, planen Kooperationen mit Unternehmen und setzen kreative Kampagnen a",https://www.arbeitnow.com/jobs/companies/markenkaptn/social-media-managerin-vollzeit-teilzeit-ruderting-433404,Social Media Manager,2026-05-02,arbeitnow
Chief of Staff,SumUp,"Berlin, Berlin, Germany",False,"<p><strong>About the role</strong></p>
<p>As Chief of Staff, you will act as a strategic partner to a C-level executive, helping translate strategy into execution across the organization. The Chief of",https://www.arbeitnow.com/jobs/companies/sumup/chief-of-staff-berlin-132254,,2026-05-02,arbeitnow
"Product Manager, Courier Delivery Experience",Wolt - English,"Berlin, Berlin, Germany",False,"<div class=""content-intro""><h2><span data-sheets-root=""1"">About Wolt</span></h2>
<p><span data-sheets-root=""1"">At Wolt, we create technology that brings joy, simplicity and earnings to the neighborhoo",https://www.arbeitnow.com/jobs/companies/wolt-english/product-manager-courier-delivery-experience-berlin-233320,,2026-05-02,arbeitnow
"Product Manager, Courier Compliance",Wolt - English,"Berlin, Berlin, Germany",False,"<div class=""content-intro""><h2><span data-sheets-root=""1"">About Wolt</span></h2>
<p><span data-sheets-root=""1"">At Wolt, we create technology that brings joy, simplicity and earnings to the neighborhoo",https://www.arbeitnow.com/jobs/companies/wolt-english/product-manager-courier-compliance-berlin-363355,,2026-05-02,arbeitnow
Technical Account Manager B2B  M2M-Mobilfunk (m/w/d),prettyTELCO GmbH,Cologne,False,"<p>Was <strong>prettyTELCO</strong> von anderen <strong>Personalvermittlungen</strong> abhebt, ist unser Fokus auf die Vermittlung von <strong>Menschen,</strong> die nicht nur fachlich qualifiziert si",https://www.arbeitnow.com/jobs/companies/prettytelco-gmbh/technical-account-manager-b2b-m2m-mobilfunk-cologne-422704,IT,2026-05-02,arbeitnow
Technical Account Manager B2B MCPTT / Mobilfunk (m/w/d),prettyTELCO GmbH,Cologne,False,"<p>Was <strong>prettyTELCO</strong> von anderen <strong>Personalvermittlungen</strong> abhebt, ist unser Fokus auf die Vermittlung von <strong>Menschen,</strong> die nicht nur fachlich qualifiziert si",https://www.arbeitnow.com/jobs/companies/prettytelco-gmbh/technical-account-manager-b2b-mcptt-mobilfunk-cologne-249075,IT,2026-05-02,arbeitnow
New Business Manager:in (m/w/d) / Teilzeit möglich,FederhenSchneider,Cologne,False,"<p><strong>Über uns</strong></p>
<p>FederhenSchneider ist eine 30-köpfige digitale Kommunikationsagentur mit Standorten in Siegen und Köln. Mit einem interdisziplinären Team aus den Bereichen Strategi",https://www.arbeitnow.com/jobs/companies/federhenschneider/new-business-managerin-teilzeit-moglich-cologne-269502,Marketing and Communication,2026-05-02,arbeitnow
Senior Product Manager / Product Lead - AI & Agentic Workflows (m/w/d),getpress,Berlin,False,"<h2>Overview</h2>
<p>Der Servicemarkt, von Legal über Consulting bis hin zu Agenturen, steht vor der größten Transformation der Geschichte. Und der milliardenschwere PR-Markt ist mittendrin. getpress,",https://www.arbeitnow.com/jobs/companies/getpress/senior-product-manager-product-lead-ai-agentic-workflows-berlin-462300,Software Development,2026-05-02,arbeitnow
Client Relations Manager (B2C) (m/w/d) | 100% remote,smartkündigen OHG,Neuss,True,"<p>Wir suchen einen Customer Success Manager (B2C) der eigenverantwortlich einen festen Kundenstamm von ca. 2.000+ Kunden betreut.</p>
<p>Du bist der zentrale Ansprechpartner und sorgst dafür, dass un",https://www.arbeitnow.com/jobs/companies/smartkundigen-ohg/client-relations-manager-b2c-100-remote-neuss-358026,"Remote, Customer Service",2026-05-02,arbeitnow
Kundenbetreuungsmanager (B2C) | 100% remote,smartkündigen OHG,Neuss,True,"<p>Wir suchen einen Customer Success Manager (B2C) der eigenverantwortlich einen festen Kundenstamm von ca. 2.000+ Kunden betreut.</p>
<p>Du bist der zentrale Ansprechpartner und sorgst dafür, dass un",https://www.arbeitnow.com/jobs/companies/smartkundigen-ohg/kundenbetreuungsmanager-b2c-100-remote-neuss-300895,"Remote, Customer Service",2026-05-02,arbeitnow
Customer Success Manager (B2C) (m/w/d) | 100% remote,smartkündigen OHG,Neuss,True,"<p>Wir suchen einen Customer Success Manager (B2C) der eigenverantwortlich einen festen Kundenstamm von ca. 2.000+ Kunden betreut.</p>
<p>Du bist der zentrale Ansprechpartner und sorgst dafür, dass un",https://www.arbeitnow.com/jobs/companies/smartkundigen-ohg/customer-success-manager-b2c-100-remote-neuss-442709,"Remote, Customer Service",2026-05-02,arbeitnow
Senior Software Engineer Modernisierung MATLAB-Legacy-System (m/w/d),cigus GmbH,Oberkochen,False,"<h4><strong><span style="""">Hochtechnologie und Innovation...</span></strong></h4><p>…aktiv mitgestalten und vorantreiben – für diese Position suchen wir eine engagierte Persönlichkeit (m/w/d), die mit",https://www.arbeitnow.com/jobs/companies/cigus-gmbh/senior-software-engineer-modernisierung-matlab-legacy-system-oberkochen-205117,"Engineering, master's degree",2026-05-02,arbeitnow
